#
# There is insufficient memory for the Java Runtime Environment to continue.
# Native memory allocation (mmap) failed to map 698351616 bytes. Error detail: G1 virtual space
# Possible reasons:
#   The system is out of physical RAM or swap space
#   This process is running with CompressedOops enabled, and the Java Heap may be blocking the growth of the native heap
# Possible solutions:
#   Reduce memory load on the system
#   Increase physical memory or swap space
#   Check if swap backing store is full
#   Decrease Java heap size (-Xmx/-Xms)
#   Decrease number of Java threads
#   Decrease Java thread stack sizes (-Xss)
#   Set larger code cache with -XX:ReservedCodeCacheSize=
#   JVM is running with Zero Based Compressed Oops mode in which the Java heap is
#     placed in the first 32GB address space. The Java Heap base address is the
#     maximum limit for the native heap growth. Please use -XX:HeapBaseMinAddress
#     to set the Java Heap base and to place the Java Heap above 32GB virtual address.
# This output file may be truncated or incomplete.
#
#  Out of Memory Error (os_windows.cpp:3714), pid=15436, tid=25700
#
# JRE version: OpenJDK Runtime Environment Temurin-21.0.10+7 (21.0.10+7) (build 21.0.10+7-LTS)
# Java VM: OpenJDK 64-Bit Server VM Temurin-21.0.10+7 (21.0.10+7-LTS, mixed mode, sharing, tiered, compressed oops, compressed class ptrs, g1 gc, windows-amd64)
# No core dump will be written. Minidumps are not enabled by default on client versions of Windows
#

---------------  S U M M A R Y ------------

Command Line: -Dfile.encoding=UTF-8 -Dstdout.encoding=UTF-8 -Dstderr.encoding=UTF-8 -XX:+ShowCodeDetailsInExceptionMessages com.istlgroup.istl_group_crm_backend.IstlGroupCrmBackendApplication

Host: 13th Gen Intel(R) Core(TM) i7-13620H, 16 cores, 15G,  Windows 11 , 64 bit Build 26100 (10.0.26100.8521)
Time: Fri Jul  3 17:01:57 2026 India Standard Time elapsed time: 19.879006 seconds (0d 0h 0m 19s)

---------------  T H R E A D  ---------------

Current thread (0x000001b424362770):  VMThread "VM Thread"          [id=25700, stack(0x000000a9f1600000,0x000000a9f1700000) (1024K)]

Stack: [0x000000a9f1600000,0x000000a9f1700000]
Native frames: (J=compiled Java code, j=interpreted, Vv=VM code, C=native code)
V  [jvm.dll+0x6d7a39]
V  [jvm.dll+0x8b4b26]
V  [jvm.dll+0x8b70de]
V  [jvm.dll+0x8b77c3]
V  [jvm.dll+0x284346]
V  [jvm.dll+0x6d4355]
V  [jvm.dll+0x6c808a]
V  [jvm.dll+0x35edb8]
V  [jvm.dll+0x3669f6]
V  [jvm.dll+0x3b7afe]
V  [jvm.dll+0x3b7da8]
V  [jvm.dll+0x332fbc]
V  [jvm.dll+0x333047]
V  [jvm.dll+0x376e1c]
V  [jvm.dll+0x3755be]
V  [jvm.dll+0x332701]
V  [jvm.dll+0x374fe8]
V  [jvm.dll+0x8bd4b0]
V  [jvm.dll+0x8be824]
V  [jvm.dll+0x8bed50]
V  [jvm.dll+0x8beff3]
V  [jvm.dll+0x85f59d]
V  [jvm.dll+0x6d626d]
C  [ucrtbase.dll+0x2cd30]
C  [KERNEL32.DLL+0x2e957]
C  [ntdll.dll+0x87c1c]

VM_Operation (0x000000a9f2cf7490): G1TryInitiateConcMark, mode: safepoint, requested by thread 0x000001b46a7fd2f0


---------------  P R O C E S S  ---------------

Threads class SMR info:
_java_thread_list=0x000001b46b2ba010, length=21, elements={
0x000001b4070c4e30, 0x000001b42437c640, 0x000001b42437f340, 0x000001b424387b70,
0x000001b4243885d0, 0x000001b42438c160, 0x000001b42438d8e0, 0x000001b4243961c0,
0x000001b4245e9ee0, 0x000001b42464ada0, 0x000001b4248486c0, 0x000001b42484f2d0,
0x000001b46a77d0e0, 0x000001b46a837030, 0x000001b46a7fd2f0, 0x000001b46e7b6920,
0x000001b46e7b4ee0, 0x000001b46e7b6fb0, 0x000001b46e7b4850, 0x000001b46e7b7cd0,
0x000001b46ef984f0
}

Java Threads: ( => current thread )
  0x000001b4070c4e30 JavaThread "main"                              [_thread_blocked, id=23424, stack(0x000000a9f0f00000,0x000000a9f1000000) (1024K)]
  0x000001b42437c640 JavaThread "Reference Handler"          daemon [_thread_blocked, id=25696, stack(0x000000a9f1700000,0x000000a9f1800000) (1024K)]
  0x000001b42437f340 JavaThread "Finalizer"                  daemon [_thread_blocked, id=30436, stack(0x000000a9f1800000,0x000000a9f1900000) (1024K)]
  0x000001b424387b70 JavaThread "Signal Dispatcher"          daemon [_thread_blocked, id=6400, stack(0x000000a9f1900000,0x000000a9f1a00000) (1024K)]
  0x000001b4243885d0 JavaThread "Attach Listener"            daemon [_thread_blocked, id=18620, stack(0x000000a9f1a00000,0x000000a9f1b00000) (1024K)]
  0x000001b42438c160 JavaThread "Service Thread"             daemon [_thread_blocked, id=31772, stack(0x000000a9f1b00000,0x000000a9f1c00000) (1024K)]
  0x000001b42438d8e0 JavaThread "Monitor Deflation Thread"   daemon [_thread_blocked, id=7324, stack(0x000000a9f1c00000,0x000000a9f1d00000) (1024K)]
  0x000001b4243961c0 JavaThread "C2 CompilerThread0"         daemon [_thread_blocked, id=20600, stack(0x000000a9f1d00000,0x000000a9f1e00000) (1024K)]
  0x000001b4245e9ee0 JavaThread "C1 CompilerThread0"         daemon [_thread_blocked, id=4764, stack(0x000000a9f1e00000,0x000000a9f1f00000) (1024K)]
  0x000001b42464ada0 JavaThread "C1 CompilerThread1"         daemon [_thread_blocked, id=8132, stack(0x000000a9f1f00000,0x000000a9f2000000) (1024K)]
  0x000001b4248486c0 JavaThread "Notification Thread"        daemon [_thread_blocked, id=26240, stack(0x000000a9f2000000,0x000000a9f2100000) (1024K)]
  0x000001b42484f2d0 JavaThread "Common-Cleaner"             daemon [_thread_blocked, id=5012, stack(0x000000a9f2100000,0x000000a9f2200000) (1024K)]
  0x000001b46a77d0e0 JavaThread "C1 CompilerThread2"         daemon [_thread_blocked, id=20416, stack(0x000000a9f2400000,0x000000a9f2500000) (1024K)]
  0x000001b46a837030 JavaThread "Thread-0"                          [_thread_blocked, id=29304, stack(0x000000a9f2b00000,0x000000a9f2c00000) (1024K)]
  0x000001b46a7fd2f0 JavaThread "restartedMain"                     [_thread_blocked, id=8600, stack(0x000000a9f2c00000,0x000000a9f2d00000) (1024K)]
  0x000001b46e7b6920 JavaThread "Catalina-utility-1"                [_thread_blocked, id=33760, stack(0x000000a9f3600000,0x000000a9f3700000) (1024K)]
  0x000001b46e7b4ee0 JavaThread "Catalina-utility-2"                [_thread_blocked, id=27668, stack(0x000000a9f3700000,0x000000a9f3800000) (1024K)]
  0x000001b46e7b6fb0 JavaThread "container-0"                       [_thread_blocked, id=22152, stack(0x000000a9f3800000,0x000000a9f3900000) (1024K)]
  0x000001b46e7b4850 JavaThread "mysql-cj-abandoned-connection-cleanup" daemon [_thread_blocked, id=31492, stack(0x000000a9f3900000,0x000000a9f3a00000) (1024K)]
  0x000001b46e7b7cd0 JavaThread "HikariPool-1 housekeeper"   daemon [_thread_blocked, id=35816, stack(0x000000a9f3d00000,0x000000a9f3e00000) (1024K)]
  0x000001b46ef984f0 JavaThread "C1 CompilerThread3"         daemon [_thread_blocked, id=9036, stack(0x000000a9f2500000,0x000000a9f2600000) (1024K)]
Total: 21

Other Threads:
=>0x000001b424362770 VMThread "VM Thread"                           [id=25700, stack(0x000000a9f1600000,0x000000a9f1700000) (1024K)]
  0x000001b42434c810 WatcherThread "VM Periodic Task Thread"        [id=34260, stack(0x000000a9f1500000,0x000000a9f1600000) (1024K)]
  0x000001b4095c4910 WorkerThread "GC Thread#0"                     [id=18244, stack(0x000000a9f1000000,0x000000a9f1100000) (1024K)]
  0x000001b424363280 WorkerThread "GC Thread#1"                     [id=26592, stack(0x000000a9f2600000,0x000000a9f2700000) (1024K)]
  0x000001b424362b20 WorkerThread "GC Thread#2"                     [id=12200, stack(0x000000a9f2700000,0x000000a9f2800000) (1024K)]
  0x000001b424362ed0 WorkerThread "GC Thread#3"                     [id=18428, stack(0x000000a9f2800000,0x000000a9f2900000) (1024K)]
  0x000001b4243623c0 WorkerThread "GC Thread#4"                     [id=34800, stack(0x000000a9f2900000,0x000000a9f2a00000) (1024K)]
  0x000001b424363630 WorkerThread "GC Thread#5"                     [id=35620, stack(0x000000a9f2a00000,0x000000a9f2b00000) (1024K)]
  0x000001b46b588980 WorkerThread "GC Thread#6"                     [id=3868, stack(0x000000a9f2e00000,0x000000a9f2f00000) (1024K)]
  0x000001b46b58a350 WorkerThread "GC Thread#7"                     [id=26176, stack(0x000000a9f2f00000,0x000000a9f3000000) (1024K)]
  0x000001b46b586c00 WorkerThread "GC Thread#8"                     [id=32700, stack(0x000000a9f3000000,0x000000a9f3100000) (1024K)]
  0x000001b46b586fb0 WorkerThread "GC Thread#9"                     [id=21668, stack(0x000000a9f3100000,0x000000a9f3200000) (1024K)]
  0x000001b46b587360 WorkerThread "GC Thread#10"                    [id=31936, stack(0x000000a9f3200000,0x000000a9f3300000) (1024K)]
  0x000001b46b587710 WorkerThread "GC Thread#11"                    [id=28400, stack(0x000000a9f3300000,0x000000a9f3400000) (1024K)]
  0x000001b46b589490 WorkerThread "GC Thread#12"                    [id=26788, stack(0x000000a9f3400000,0x000000a9f3500000) (1024K)]
  0x000001b4095d63d0 ConcurrentGCThread "G1 Main Marker"            [id=9148, stack(0x000000a9f1100000,0x000000a9f1200000) (1024K)]
  0x000001b4095d8570 WorkerThread "G1 Conc#0"                       [id=24808, stack(0x000000a9f1200000,0x000000a9f1300000) (1024K)]
  0x000001b46b588d30 WorkerThread "G1 Conc#1"                       [id=11292, stack(0x000000a9f2d00000,0x000000a9f2e00000) (1024K)]
  0x000001b46b588220 WorkerThread "G1 Conc#2"                       [id=19464, stack(0x000000a9f3a00000,0x000000a9f3b00000) (1024K)]
  0x000001b42421dd30 ConcurrentGCThread "G1 Refine#0"               [id=5728, stack(0x000000a9f1300000,0x000000a9f1400000) (1024K)]
  0x000001b42421e8b0 ConcurrentGCThread "G1 Service"                [id=5588, stack(0x000000a9f1400000,0x000000a9f1500000) (1024K)]
Total: 21

Threads with active compile tasks:
Total: 0

VM state: at safepoint (normal execution)

VM Mutex/Monitor currently owned by a thread:  ([mutex/lock_event])
[0x00007ff9c812e560] Threads_lock - owner thread: 0x000001b424362770
[0x00007ff9c812e660] Heap_lock - owner thread: 0x000001b46a7fd2f0

Heap address: 0x0000000705400000, size: 4012 MB, Compressed Oops mode: Zero based, Oop shift amount: 3

CDS archive(s) mapped at: [0x000001b425000000-0x000001b425c80000-0x000001b425c80000), size 13107200, SharedBaseAddress: 0x000001b425000000, ArchiveRelocationMode: 1.
Compressed class space mapped at: 0x000001b426000000-0x000001b466000000, reserved size: 1073741824
Narrow klass base: 0x000001b425000000, Narrow klass shift: 0, Narrow klass range: 0x100000000

GC Precious Log:
 CardTable entry size: 512
 Card Set container configuration: InlinePtr #cards 4 size 8 Array Of Cards #cards 16 size 48 Howl #buckets 8 coarsen threshold 3686 Howl Bitmap #cards 512 size 80 coarsen threshold 460 Card regions per heap region 1 cards per card region 4096
 CPUs: 16 total, 16 available
 Memory: 16044M
 Large Page Support: Disabled
 NUMA Support: Disabled
 Compressed Oops: Enabled (Zero based)
 Heap Region Size: 2M
 Heap Min Capacity: 8M
 Heap Initial Capacity: 252M
 Heap Max Capacity: 4012M
 Pre-touch: Disabled
 Parallel Workers: 13
 Concurrent Workers: 3
 Concurrent Refinement Workers: 13
 Periodic GC: Disabled

Heap:
 garbage-first heap   total 702464K, used 358237K [0x0000000705400000, 0x0000000800000000)
  region size 2048K, 16 young (32768K), 16 survivors (32768K)
 Metaspace       used 92531K, committed 93248K, reserved 1179648K
  class space    used 12029K, committed 12352K, reserved 1048576K

Heap Regions: E=young(eden), S=young(survivor), O=old, HS=humongous(starts), HC=humongous(continues), CS=collection set, F=free, TAMS=top-at-mark-start, PB=parsable bottom
|   0|0x0000000705400000, 0x0000000705600000, 0x0000000705600000|100%| O|  |TAMS 0x0000000705600000| PB 0x0000000705400000| Untracked 
|   1|0x0000000705600000, 0x0000000705800000, 0x0000000705800000|100%| O|  |TAMS 0x0000000705800000| PB 0x0000000705600000| Untracked 
|   2|0x0000000705800000, 0x0000000705a00000, 0x0000000705a00000|100%| O|  |TAMS 0x0000000705a00000| PB 0x0000000705800000| Untracked 
|   3|0x0000000705a00000, 0x0000000705c00000, 0x0000000705c00000|100%| O|  |TAMS 0x0000000705c00000| PB 0x0000000705a00000| Untracked 
|   4|0x0000000705c00000, 0x0000000705dd74b8, 0x0000000705e00000| 92%| O|  |TAMS 0x0000000705dd74b8| PB 0x0000000705c00000| Untracked 
|   5|0x0000000705e00000, 0x0000000706000000, 0x0000000706000000|100%| O|  |TAMS 0x0000000706000000| PB 0x0000000705e00000| Untracked 
|   6|0x0000000706000000, 0x0000000706200000, 0x0000000706200000|100%| O|  |TAMS 0x0000000706200000| PB 0x0000000706000000| Untracked 
|   7|0x0000000706200000, 0x0000000706400000, 0x0000000706400000|100%| O|  |TAMS 0x0000000706400000| PB 0x0000000706200000| Untracked 
|   8|0x0000000706400000, 0x0000000706600000, 0x0000000706600000|100%| O|  |TAMS 0x0000000706600000| PB 0x0000000706400000| Untracked 
|   9|0x0000000706600000, 0x0000000706800000, 0x0000000706800000|100%| O|  |TAMS 0x0000000706800000| PB 0x0000000706600000| Untracked 
|  10|0x0000000706800000, 0x0000000706a00000, 0x0000000706a00000|100%| O|  |TAMS 0x0000000706a00000| PB 0x0000000706800000| Untracked 
|  11|0x0000000706a00000, 0x0000000706c00000, 0x0000000706c00000|100%| O|  |TAMS 0x0000000706c00000| PB 0x0000000706a00000| Untracked 
|  12|0x0000000706c00000, 0x0000000706e00000, 0x0000000706e00000|100%| O|  |TAMS 0x0000000706e00000| PB 0x0000000706c00000| Untracked 
|  13|0x0000000706e00000, 0x0000000707000000, 0x0000000707000000|100%| O|  |TAMS 0x0000000707000000| PB 0x0000000706e00000| Untracked 
|  14|0x0000000707000000, 0x0000000707200000, 0x0000000707200000|100%| O|  |TAMS 0x0000000707200000| PB 0x0000000707000000| Untracked 
|  15|0x0000000707200000, 0x0000000707400000, 0x0000000707400000|100%| O|  |TAMS 0x0000000707400000| PB 0x0000000707200000| Untracked 
|  16|0x0000000707400000, 0x0000000707600000, 0x0000000707600000|100%| O|  |TAMS 0x0000000707600000| PB 0x0000000707400000| Untracked 
|  17|0x0000000707600000, 0x0000000707800000, 0x0000000707800000|100%| O|  |TAMS 0x0000000707800000| PB 0x0000000707600000| Untracked 
|  18|0x0000000707800000, 0x0000000707a00000, 0x0000000707a00000|100%| O|  |TAMS 0x0000000707a00000| PB 0x0000000707800000| Untracked 
|  19|0x0000000707a00000, 0x0000000707c00000, 0x0000000707c00000|100%| O|  |TAMS 0x0000000707c00000| PB 0x0000000707a00000| Untracked 
|  20|0x0000000707c00000, 0x0000000707e00000, 0x0000000707e00000|100%| O|  |TAMS 0x0000000707e00000| PB 0x0000000707c00000| Untracked 
|  21|0x0000000707e00000, 0x0000000708000000, 0x0000000708000000|100%| O|  |TAMS 0x0000000708000000| PB 0x0000000707e00000| Untracked 
|  22|0x0000000708000000, 0x0000000708200000, 0x0000000708200000|100%|HS|  |TAMS 0x0000000708200000| PB 0x0000000708000000| Complete 
|  23|0x0000000708200000, 0x0000000708400000, 0x0000000708400000|100%| O|  |TAMS 0x0000000708400000| PB 0x0000000708200000| Untracked 
|  24|0x0000000708400000, 0x0000000708600000, 0x0000000708600000|100%| O|  |TAMS 0x0000000708600000| PB 0x0000000708400000| Untracked 
|  25|0x0000000708600000, 0x0000000708800000, 0x0000000708800000|100%| O|  |TAMS 0x0000000708800000| PB 0x0000000708600000| Untracked 
|  26|0x0000000708800000, 0x0000000708a00000, 0x0000000708a00000|100%| O|  |TAMS 0x0000000708a00000| PB 0x0000000708800000| Untracked 
|  27|0x0000000708a00000, 0x0000000708c00000, 0x0000000708c00000|100%| O|  |TAMS 0x0000000708c00000| PB 0x0000000708a00000| Untracked 
|  28|0x0000000708c00000, 0x0000000708e00000, 0x0000000708e00000|100%| O|  |TAMS 0x0000000708e00000| PB 0x0000000708c00000| Untracked 
|  29|0x0000000708e00000, 0x0000000709000000, 0x0000000709000000|100%| O|  |TAMS 0x0000000709000000| PB 0x0000000708e00000| Untracked 
|  30|0x0000000709000000, 0x0000000709200000, 0x0000000709200000|100%| O|  |TAMS 0x0000000709200000| PB 0x0000000709000000| Untracked 
|  31|0x0000000709200000, 0x0000000709400000, 0x0000000709400000|100%| O|  |TAMS 0x0000000709400000| PB 0x0000000709200000| Untracked 
|  32|0x0000000709400000, 0x0000000709600000, 0x0000000709600000|100%| O|  |TAMS 0x0000000709600000| PB 0x0000000709400000| Untracked 
|  33|0x0000000709600000, 0x0000000709800000, 0x0000000709800000|100%| O|  |TAMS 0x0000000709600000| PB 0x0000000709600000| Untracked 
|  34|0x0000000709800000, 0x0000000709a00000, 0x0000000709a00000|100%| O|  |TAMS 0x0000000709a00000| PB 0x0000000709800000| Untracked 
|  35|0x0000000709a00000, 0x0000000709c00000, 0x0000000709c00000|100%| O|  |TAMS 0x0000000709c00000| PB 0x0000000709a00000| Untracked 
|  36|0x0000000709c00000, 0x0000000709e00000, 0x0000000709e00000|100%| O|  |TAMS 0x0000000709c00000| PB 0x0000000709c00000| Untracked 
|  37|0x0000000709e00000, 0x000000070a000000, 0x000000070a000000|100%| O|  |TAMS 0x000000070a000000| PB 0x0000000709e00000| Untracked 
|  38|0x000000070a000000, 0x000000070a200000, 0x000000070a200000|100%| O|  |TAMS 0x000000070a200000| PB 0x000000070a000000| Untracked 
|  39|0x000000070a200000, 0x000000070a400000, 0x000000070a400000|100%| O|  |TAMS 0x000000070a400000| PB 0x000000070a200000| Untracked 
|  40|0x000000070a400000, 0x000000070a600000, 0x000000070a600000|100%| O|  |TAMS 0x000000070a600000| PB 0x000000070a400000| Untracked 
|  41|0x000000070a600000, 0x000000070a800000, 0x000000070a800000|100%| O|  |TAMS 0x000000070a800000| PB 0x000000070a600000| Untracked 
|  42|0x000000070a800000, 0x000000070aa00000, 0x000000070aa00000|100%| O|  |TAMS 0x000000070aa00000| PB 0x000000070a800000| Untracked 
|  43|0x000000070aa00000, 0x000000070ac00000, 0x000000070ac00000|100%| O|  |TAMS 0x000000070ac00000| PB 0x000000070aa00000| Untracked 
|  44|0x000000070ac00000, 0x000000070ae00000, 0x000000070ae00000|100%| O|  |TAMS 0x000000070ae00000| PB 0x000000070ac00000| Untracked 
|  45|0x000000070ae00000, 0x000000070b000000, 0x000000070b000000|100%| O|  |TAMS 0x000000070b000000| PB 0x000000070ae00000| Untracked 
|  46|0x000000070b000000, 0x000000070b200000, 0x000000070b200000|100%| O|  |TAMS 0x000000070b200000| PB 0x000000070b000000| Untracked 
|  47|0x000000070b200000, 0x000000070b400000, 0x000000070b400000|100%| O|  |TAMS 0x000000070b400000| PB 0x000000070b200000| Untracked 
|  48|0x000000070b400000, 0x000000070b600000, 0x000000070b600000|100%| O|  |TAMS 0x000000070b600000| PB 0x000000070b400000| Untracked 
|  49|0x000000070b600000, 0x000000070b800000, 0x000000070b800000|100%| O|  |TAMS 0x000000070b800000| PB 0x000000070b600000| Untracked 
|  50|0x000000070b800000, 0x000000070ba00000, 0x000000070ba00000|100%| O|  |TAMS 0x000000070ba00000| PB 0x000000070b800000| Untracked 
|  51|0x000000070ba00000, 0x000000070bc00000, 0x000000070bc00000|100%| O|  |TAMS 0x000000070bc00000| PB 0x000000070ba00000| Untracked 
|  52|0x000000070bc00000, 0x000000070be00000, 0x000000070be00000|100%| O|  |TAMS 0x000000070bc00000| PB 0x000000070bc00000| Untracked 
|  53|0x000000070be00000, 0x000000070c000000, 0x000000070c000000|100%| O|  |TAMS 0x000000070be00000| PB 0x000000070be00000| Untracked 
|  54|0x000000070c000000, 0x000000070c200000, 0x000000070c200000|100%| O|  |TAMS 0x000000070c200000| PB 0x000000070c000000| Untracked 
|  55|0x000000070c200000, 0x000000070c400000, 0x000000070c400000|100%| O|  |TAMS 0x000000070c400000| PB 0x000000070c200000| Untracked 
|  56|0x000000070c400000, 0x000000070c600000, 0x000000070c600000|100%| O|  |TAMS 0x000000070c600000| PB 0x000000070c400000| Untracked 
|  57|0x000000070c600000, 0x000000070c800000, 0x000000070c800000|100%| O|  |TAMS 0x000000070c800000| PB 0x000000070c600000| Untracked 
|  58|0x000000070c800000, 0x000000070ca00000, 0x000000070ca00000|100%| O|  |TAMS 0x000000070ca00000| PB 0x000000070c800000| Untracked 
|  59|0x000000070ca00000, 0x000000070cc00000, 0x000000070cc00000|100%| O|  |TAMS 0x000000070cc00000| PB 0x000000070ca00000| Untracked 
|  60|0x000000070cc00000, 0x000000070ce00000, 0x000000070ce00000|100%| O|  |TAMS 0x000000070ce00000| PB 0x000000070cc00000| Untracked 
|  61|0x000000070ce00000, 0x000000070d000000, 0x000000070d000000|100%| O|  |TAMS 0x000000070d000000| PB 0x000000070ce00000| Untracked 
|  62|0x000000070d000000, 0x000000070d200000, 0x000000070d200000|100%| O|  |TAMS 0x000000070d200000| PB 0x000000070d000000| Untracked 
|  63|0x000000070d200000, 0x000000070d400000, 0x000000070d400000|100%| O|  |TAMS 0x000000070d400000| PB 0x000000070d200000| Untracked 
|  64|0x000000070d400000, 0x000000070d600000, 0x000000070d600000|100%| O|  |TAMS 0x000000070d600000| PB 0x000000070d400000| Untracked 
|  65|0x000000070d600000, 0x000000070d800000, 0x000000070d800000|100%| O|  |TAMS 0x000000070d600000| PB 0x000000070d600000| Untracked 
|  66|0x000000070d800000, 0x000000070da00000, 0x000000070da00000|100%| O|  |TAMS 0x000000070d800000| PB 0x000000070d800000| Untracked 
|  67|0x000000070da00000, 0x000000070dc00000, 0x000000070dc00000|100%| O|  |TAMS 0x000000070dc00000| PB 0x000000070da00000| Untracked 
|  68|0x000000070dc00000, 0x000000070de00000, 0x000000070de00000|100%| O|  |TAMS 0x000000070dc00000| PB 0x000000070dc00000| Untracked 
|  69|0x000000070de00000, 0x000000070e000000, 0x000000070e000000|100%| O|  |TAMS 0x000000070de00000| PB 0x000000070de00000| Untracked 
|  70|0x000000070e000000, 0x000000070e200000, 0x000000070e200000|100%| O|  |TAMS 0x000000070e000000| PB 0x000000070e000000| Untracked 
|  71|0x000000070e200000, 0x000000070e400000, 0x000000070e400000|100%| O|  |TAMS 0x000000070e200000| PB 0x000000070e200000| Untracked 
|  72|0x000000070e400000, 0x000000070e600000, 0x000000070e600000|100%| O|  |TAMS 0x000000070e400000| PB 0x000000070e400000| Untracked 
|  73|0x000000070e600000, 0x000000070e800000, 0x000000070e800000|100%| O|  |TAMS 0x000000070e800000| PB 0x000000070e600000| Untracked 
|  74|0x000000070e800000, 0x000000070ea00000, 0x000000070ea00000|100%| O|  |TAMS 0x000000070e800000| PB 0x000000070e800000| Untracked 
|  75|0x000000070ea00000, 0x000000070ec00000, 0x000000070ec00000|100%| O|  |TAMS 0x000000070ec00000| PB 0x000000070ea00000| Untracked 
|  76|0x000000070ec00000, 0x000000070ee00000, 0x000000070ee00000|100%| O|  |TAMS 0x000000070ee00000| PB 0x000000070ec00000| Untracked 
|  77|0x000000070ee00000, 0x000000070f000000, 0x000000070f000000|100%| O|  |TAMS 0x000000070ee00000| PB 0x000000070ee00000| Untracked 
|  78|0x000000070f000000, 0x000000070f200000, 0x000000070f200000|100%| O|  |TAMS 0x000000070f000000| PB 0x000000070f000000| Untracked 
|  79|0x000000070f200000, 0x000000070f400000, 0x000000070f400000|100%| O|  |TAMS 0x000000070f400000| PB 0x000000070f200000| Untracked 
|  80|0x000000070f400000, 0x000000070f600000, 0x000000070f600000|100%| O|  |TAMS 0x000000070f400000| PB 0x000000070f400000| Untracked 
|  81|0x000000070f600000, 0x000000070f800000, 0x000000070f800000|100%| O|  |TAMS 0x000000070f600000| PB 0x000000070f600000| Untracked 
|  82|0x000000070f800000, 0x000000070fa00000, 0x000000070fa00000|100%| O|  |TAMS 0x000000070f800000| PB 0x000000070f800000| Untracked 
|  83|0x000000070fa00000, 0x000000070fc00000, 0x000000070fc00000|100%| O|  |TAMS 0x000000070fa00000| PB 0x000000070fa00000| Untracked 
|  84|0x000000070fc00000, 0x000000070fe00000, 0x000000070fe00000|100%| O|  |TAMS 0x000000070fc00000| PB 0x000000070fc00000| Untracked 
|  85|0x000000070fe00000, 0x000000070fe00000, 0x0000000710000000|  0%| F|  |TAMS 0x000000070fe00000| PB 0x000000070fe00000| Untracked 
|  86|0x0000000710000000, 0x0000000710000000, 0x0000000710200000|  0%| F|  |TAMS 0x0000000710000000| PB 0x0000000710000000| Untracked 
|  87|0x0000000710200000, 0x0000000710400000, 0x0000000710400000|100%| O|  |TAMS 0x0000000710400000| PB 0x0000000710200000| Untracked 
|  88|0x0000000710400000, 0x0000000710400000, 0x0000000710600000|  0%| F|  |TAMS 0x0000000710400000| PB 0x0000000710400000| Untracked 
|  89|0x0000000710600000, 0x0000000710600000, 0x0000000710800000|  0%| F|  |TAMS 0x0000000710600000| PB 0x0000000710600000| Untracked 
|  90|0x0000000710800000, 0x0000000710a00000, 0x0000000710a00000|100%| O|  |TAMS 0x0000000710a00000| PB 0x0000000710800000| Untracked 
|  91|0x0000000710a00000, 0x0000000710c00000, 0x0000000710c00000|100%| O|  |TAMS 0x0000000710c00000| PB 0x0000000710a00000| Untracked 
|  92|0x0000000710c00000, 0x0000000710e00000, 0x0000000710e00000|100%| O|  |TAMS 0x0000000710e00000| PB 0x0000000710c00000| Untracked 
|  93|0x0000000710e00000, 0x0000000710e00000, 0x0000000711000000|  0%| F|  |TAMS 0x0000000710e00000| PB 0x0000000710e00000| Untracked 
|  94|0x0000000711000000, 0x0000000711200000, 0x0000000711200000|100%| O|  |TAMS 0x0000000711200000| PB 0x0000000711000000| Untracked 
|  95|0x0000000711200000, 0x0000000711400000, 0x0000000711400000|100%| O|  |TAMS 0x0000000711400000| PB 0x0000000711200000| Untracked 
|  96|0x0000000711400000, 0x0000000711600000, 0x0000000711600000|100%| O|  |TAMS 0x0000000711600000| PB 0x0000000711400000| Untracked 
|  97|0x0000000711600000, 0x0000000711800000, 0x0000000711800000|100%| O|  |TAMS 0x0000000711800000| PB 0x0000000711600000| Untracked 
|  98|0x0000000711800000, 0x0000000711a00000, 0x0000000711a00000|100%| O|  |TAMS 0x0000000711a00000| PB 0x0000000711800000| Untracked 
|  99|0x0000000711a00000, 0x0000000711c00000, 0x0000000711c00000|100%| O|  |TAMS 0x0000000711c00000| PB 0x0000000711a00000| Untracked 
| 100|0x0000000711c00000, 0x0000000711e00000, 0x0000000711e00000|100%| O|  |TAMS 0x0000000711e00000| PB 0x0000000711c00000| Untracked 
| 101|0x0000000711e00000, 0x0000000712000000, 0x0000000712000000|100%| O|  |TAMS 0x0000000712000000| PB 0x0000000711e00000| Untracked 
| 102|0x0000000712000000, 0x0000000712200000, 0x0000000712200000|100%| O|  |TAMS 0x0000000712200000| PB 0x0000000712000000| Untracked 
| 103|0x0000000712200000, 0x0000000712200000, 0x0000000712400000|  0%| F|  |TAMS 0x0000000712200000| PB 0x0000000712200000| Untracked 
| 104|0x0000000712400000, 0x0000000712400000, 0x0000000712600000|  0%| F|  |TAMS 0x0000000712400000| PB 0x0000000712400000| Untracked 
| 105|0x0000000712600000, 0x0000000712600000, 0x0000000712800000|  0%| F|  |TAMS 0x0000000712600000| PB 0x0000000712600000| Untracked 
| 106|0x0000000712800000, 0x0000000712a00000, 0x0000000712a00000|100%| O|  |TAMS 0x0000000712a00000| PB 0x0000000712800000| Untracked 
| 107|0x0000000712a00000, 0x0000000712c00000, 0x0000000712c00000|100%| O|  |TAMS 0x0000000712c00000| PB 0x0000000712a00000| Untracked 
| 108|0x0000000712c00000, 0x0000000712e00000, 0x0000000712e00000|100%| O|  |TAMS 0x0000000712e00000| PB 0x0000000712c00000| Untracked 
| 109|0x0000000712e00000, 0x0000000713000000, 0x0000000713000000|100%| O|  |TAMS 0x0000000713000000| PB 0x0000000712e00000| Untracked 
| 110|0x0000000713000000, 0x0000000713200000, 0x0000000713200000|100%| O|  |TAMS 0x0000000713200000| PB 0x0000000713000000| Untracked 
| 111|0x0000000713200000, 0x0000000713400000, 0x0000000713400000|100%| O|  |TAMS 0x0000000713400000| PB 0x0000000713200000| Untracked 
| 112|0x0000000713400000, 0x0000000713600000, 0x0000000713600000|100%| O|  |TAMS 0x0000000713600000| PB 0x0000000713400000| Untracked 
| 113|0x0000000713600000, 0x0000000713800000, 0x0000000713800000|100%| O|  |TAMS 0x0000000713800000| PB 0x0000000713600000| Untracked 
| 114|0x0000000713800000, 0x0000000713a00000, 0x0000000713a00000|100%| O|  |TAMS 0x0000000713a00000| PB 0x0000000713800000| Untracked 
| 115|0x0000000713a00000, 0x0000000713c00000, 0x0000000713c00000|100%| O|  |TAMS 0x0000000713c00000| PB 0x0000000713a00000| Untracked 
| 116|0x0000000713c00000, 0x0000000713e00000, 0x0000000713e00000|100%| O|  |TAMS 0x0000000713e00000| PB 0x0000000713c00000| Untracked 
| 117|0x0000000713e00000, 0x0000000714000000, 0x0000000714000000|100%| O|  |TAMS 0x0000000714000000| PB 0x0000000713e00000| Untracked 
| 118|0x0000000714000000, 0x0000000714200000, 0x0000000714200000|100%| O|  |TAMS 0x0000000714200000| PB 0x0000000714000000| Untracked 
| 119|0x0000000714200000, 0x0000000714400000, 0x0000000714400000|100%| O|  |TAMS 0x0000000714400000| PB 0x0000000714200000| Untracked 
| 120|0x0000000714400000, 0x0000000714600000, 0x0000000714600000|100%| O|  |TAMS 0x0000000714600000| PB 0x0000000714400000| Untracked 
| 121|0x0000000714600000, 0x0000000714800000, 0x0000000714800000|100%| O|  |TAMS 0x0000000714800000| PB 0x0000000714600000| Untracked 
| 122|0x0000000714800000, 0x0000000714a00000, 0x0000000714a00000|100%| O|  |TAMS 0x0000000714a00000| PB 0x0000000714800000| Untracked 
| 123|0x0000000714a00000, 0x0000000714c00000, 0x0000000714c00000|100%| O|  |TAMS 0x0000000714c00000| PB 0x0000000714a00000| Untracked 
| 124|0x0000000714c00000, 0x0000000714e00000, 0x0000000714e00000|100%| O|  |TAMS 0x0000000714e00000| PB 0x0000000714c00000| Untracked 
| 125|0x0000000714e00000, 0x0000000715000000, 0x0000000715000000|100%| O|  |TAMS 0x0000000715000000| PB 0x0000000714e00000| Untracked 
| 126|0x0000000715000000, 0x0000000715200000, 0x0000000715200000|100%| O|  |TAMS 0x0000000715200000| PB 0x0000000715000000| Untracked 
| 127|0x0000000715200000, 0x0000000715400000, 0x0000000715400000|100%| O|  |TAMS 0x0000000715400000| PB 0x0000000715200000| Untracked 
| 128|0x0000000715400000, 0x0000000715600000, 0x0000000715600000|100%| O|  |TAMS 0x0000000715600000| PB 0x0000000715400000| Untracked 
| 129|0x0000000715600000, 0x0000000715800000, 0x0000000715800000|100%| O|  |TAMS 0x0000000715800000| PB 0x0000000715600000| Untracked 
| 130|0x0000000715800000, 0x0000000715a00000, 0x0000000715a00000|100%| O|  |TAMS 0x0000000715a00000| PB 0x0000000715800000| Untracked 
| 131|0x0000000715a00000, 0x0000000715c00000, 0x0000000715c00000|100%| O|  |TAMS 0x0000000715c00000| PB 0x0000000715a00000| Untracked 
| 132|0x0000000715c00000, 0x0000000715e00000, 0x0000000715e00000|100%| O|  |TAMS 0x0000000715e00000| PB 0x0000000715c00000| Untracked 
| 133|0x0000000715e00000, 0x0000000716000000, 0x0000000716000000|100%| O|  |TAMS 0x0000000716000000| PB 0x0000000715e00000| Untracked 
| 134|0x0000000716000000, 0x0000000716200000, 0x0000000716200000|100%| O|  |TAMS 0x0000000716200000| PB 0x0000000716000000| Untracked 
| 135|0x0000000716200000, 0x0000000716400000, 0x0000000716400000|100%| O|  |TAMS 0x0000000716400000| PB 0x0000000716200000| Untracked 
| 136|0x0000000716400000, 0x0000000716600000, 0x0000000716600000|100%| O|  |TAMS 0x0000000716600000| PB 0x0000000716400000| Untracked 
| 137|0x0000000716600000, 0x0000000716800000, 0x0000000716800000|100%| O|  |TAMS 0x0000000716800000| PB 0x0000000716600000| Untracked 
| 138|0x0000000716800000, 0x0000000716a00000, 0x0000000716a00000|100%| O|  |TAMS 0x0000000716a00000| PB 0x0000000716800000| Untracked 
| 139|0x0000000716a00000, 0x0000000716c00000, 0x0000000716c00000|100%| O|  |TAMS 0x0000000716c00000| PB 0x0000000716a00000| Untracked 
| 140|0x0000000716c00000, 0x0000000716e00000, 0x0000000716e00000|100%| O|  |TAMS 0x0000000716e00000| PB 0x0000000716c00000| Untracked 
| 141|0x0000000716e00000, 0x0000000717000000, 0x0000000717000000|100%| O|  |TAMS 0x0000000717000000| PB 0x0000000716e00000| Untracked 
| 142|0x0000000717000000, 0x0000000717200000, 0x0000000717200000|100%| O|  |TAMS 0x0000000717200000| PB 0x0000000717000000| Untracked 
| 143|0x0000000717200000, 0x0000000717400000, 0x0000000717400000|100%| O|  |TAMS 0x0000000717400000| PB 0x0000000717200000| Untracked 
| 144|0x0000000717400000, 0x0000000717600000, 0x0000000717600000|100%| O|  |TAMS 0x0000000717600000| PB 0x0000000717400000| Untracked 
| 145|0x0000000717600000, 0x0000000717800000, 0x0000000717800000|100%| O|  |TAMS 0x0000000717800000| PB 0x0000000717600000| Untracked 
| 146|0x0000000717800000, 0x0000000717a00000, 0x0000000717a00000|100%| O|  |TAMS 0x0000000717a00000| PB 0x0000000717800000| Untracked 
| 147|0x0000000717a00000, 0x0000000717c00000, 0x0000000717c00000|100%| O|  |TAMS 0x0000000717c00000| PB 0x0000000717a00000| Untracked 
| 148|0x0000000717c00000, 0x0000000717e00000, 0x0000000717e00000|100%| O|  |TAMS 0x0000000717e00000| PB 0x0000000717c00000| Untracked 
| 149|0x0000000717e00000, 0x0000000718000000, 0x0000000718000000|100%| O|  |TAMS 0x0000000718000000| PB 0x0000000717e00000| Untracked 
| 150|0x0000000718000000, 0x0000000718200000, 0x0000000718200000|100%| O|  |TAMS 0x0000000718200000| PB 0x0000000718000000| Untracked 
| 151|0x0000000718200000, 0x0000000718400000, 0x0000000718400000|100%| O|  |TAMS 0x0000000718400000| PB 0x0000000718200000| Untracked 
| 152|0x0000000718400000, 0x0000000718600000, 0x0000000718600000|100%| O|  |TAMS 0x0000000718600000| PB 0x0000000718400000| Untracked 
| 153|0x0000000718600000, 0x0000000718800000, 0x0000000718800000|100%| O|  |TAMS 0x0000000718800000| PB 0x0000000718600000| Untracked 
| 154|0x0000000718800000, 0x0000000718a00000, 0x0000000718a00000|100%| O|  |TAMS 0x0000000718a00000| PB 0x0000000718800000| Untracked 
| 155|0x0000000718a00000, 0x0000000718c00000, 0x0000000718c00000|100%| O|  |TAMS 0x0000000718c00000| PB 0x0000000718a00000| Untracked 
| 156|0x0000000718c00000, 0x0000000718e00000, 0x0000000718e00000|100%| O|  |TAMS 0x0000000718e00000| PB 0x0000000718c00000| Untracked 
| 157|0x0000000718e00000, 0x0000000719000000, 0x0000000719000000|100%| O|  |TAMS 0x0000000719000000| PB 0x0000000718e00000| Untracked 
| 158|0x0000000719000000, 0x0000000719200000, 0x0000000719200000|100%| O|  |TAMS 0x0000000719200000| PB 0x0000000719000000| Untracked 
| 159|0x0000000719200000, 0x0000000719400000, 0x0000000719400000|100%| O|  |TAMS 0x0000000719400000| PB 0x0000000719200000| Untracked 
| 160|0x0000000719400000, 0x0000000719600000, 0x0000000719600000|100%| O|  |TAMS 0x0000000719600000| PB 0x0000000719400000| Untracked 
| 161|0x0000000719600000, 0x0000000719600000, 0x0000000719800000|  0%| F|  |TAMS 0x0000000719600000| PB 0x0000000719600000| Untracked 
| 162|0x0000000719800000, 0x0000000719800000, 0x0000000719a00000|  0%| F|  |TAMS 0x0000000719800000| PB 0x0000000719800000| Untracked 
| 163|0x0000000719a00000, 0x0000000719a00000, 0x0000000719c00000|  0%| F|  |TAMS 0x0000000719a00000| PB 0x0000000719a00000| Untracked 
| 164|0x0000000719c00000, 0x0000000719c00000, 0x0000000719e00000|  0%| F|  |TAMS 0x0000000719c00000| PB 0x0000000719c00000| Untracked 
| 165|0x0000000719e00000, 0x0000000719e00000, 0x000000071a000000|  0%| F|  |TAMS 0x0000000719e00000| PB 0x0000000719e00000| Untracked 
| 166|0x000000071a000000, 0x000000071a000000, 0x000000071a200000|  0%| F|  |TAMS 0x000000071a000000| PB 0x000000071a000000| Untracked 
| 167|0x000000071a200000, 0x000000071a200000, 0x000000071a400000|  0%| F|  |TAMS 0x000000071a200000| PB 0x000000071a200000| Untracked 
| 168|0x000000071a400000, 0x000000071a400000, 0x000000071a600000|  0%| F|  |TAMS 0x000000071a400000| PB 0x000000071a400000| Untracked 
| 169|0x000000071a600000, 0x000000071a600000, 0x000000071a800000|  0%| F|  |TAMS 0x000000071a600000| PB 0x000000071a600000| Untracked 
| 170|0x000000071a800000, 0x000000071a800000, 0x000000071aa00000|  0%| F|  |TAMS 0x000000071a800000| PB 0x000000071a800000| Untracked 
| 171|0x000000071aa00000, 0x000000071aa00000, 0x000000071ac00000|  0%| F|  |TAMS 0x000000071aa00000| PB 0x000000071aa00000| Untracked 
| 172|0x000000071ac00000, 0x000000071ac00000, 0x000000071ae00000|  0%| F|  |TAMS 0x000000071ac00000| PB 0x000000071ac00000| Untracked 
| 173|0x000000071ae00000, 0x000000071ae00000, 0x000000071b000000|  0%| F|  |TAMS 0x000000071ae00000| PB 0x000000071ae00000| Untracked 
| 174|0x000000071b000000, 0x000000071b000000, 0x000000071b200000|  0%| F|  |TAMS 0x000000071b000000| PB 0x000000071b000000| Untracked 
| 175|0x000000071b200000, 0x000000071b200000, 0x000000071b400000|  0%| F|  |TAMS 0x000000071b200000| PB 0x000000071b200000| Untracked 
| 176|0x000000071b400000, 0x000000071b400000, 0x000000071b600000|  0%| F|  |TAMS 0x000000071b400000| PB 0x000000071b400000| Untracked 
| 177|0x000000071b600000, 0x000000071b600000, 0x000000071b800000|  0%| F|  |TAMS 0x000000071b600000| PB 0x000000071b600000| Untracked 
| 178|0x000000071b800000, 0x000000071b800000, 0x000000071ba00000|  0%| F|  |TAMS 0x000000071b800000| PB 0x000000071b800000| Untracked 
| 179|0x000000071ba00000, 0x000000071ba00000, 0x000000071bc00000|  0%| F|  |TAMS 0x000000071ba00000| PB 0x000000071ba00000| Untracked 
| 180|0x000000071bc00000, 0x000000071bc00000, 0x000000071be00000|  0%| F|  |TAMS 0x000000071bc00000| PB 0x000000071bc00000| Untracked 
| 181|0x000000071be00000, 0x000000071be00000, 0x000000071c000000|  0%| F|  |TAMS 0x000000071be00000| PB 0x000000071be00000| Untracked 
| 182|0x000000071c000000, 0x000000071c000000, 0x000000071c200000|  0%| F|  |TAMS 0x000000071c000000| PB 0x000000071c000000| Untracked 
| 183|0x000000071c200000, 0x000000071c200000, 0x000000071c400000|  0%| F|  |TAMS 0x000000071c200000| PB 0x000000071c200000| Untracked 
| 184|0x000000071c400000, 0x000000071c400000, 0x000000071c600000|  0%| F|  |TAMS 0x000000071c400000| PB 0x000000071c400000| Untracked 
| 185|0x000000071c600000, 0x000000071c600000, 0x000000071c800000|  0%| F|  |TAMS 0x000000071c600000| PB 0x000000071c600000| Untracked 
| 186|0x000000071c800000, 0x000000071c800000, 0x000000071ca00000|  0%| F|  |TAMS 0x000000071c800000| PB 0x000000071c800000| Untracked 
| 187|0x000000071ca00000, 0x000000071ca00000, 0x000000071cc00000|  0%| F|  |TAMS 0x000000071ca00000| PB 0x000000071ca00000| Untracked 
| 188|0x000000071cc00000, 0x000000071cc00000, 0x000000071ce00000|  0%| F|  |TAMS 0x000000071cc00000| PB 0x000000071cc00000| Untracked 
| 189|0x000000071ce00000, 0x000000071ce00000, 0x000000071d000000|  0%| F|  |TAMS 0x000000071ce00000| PB 0x000000071ce00000| Untracked 
| 190|0x000000071d000000, 0x000000071d000000, 0x000000071d200000|  0%| F|  |TAMS 0x000000071d000000| PB 0x000000071d000000| Untracked 
| 191|0x000000071d200000, 0x000000071d200000, 0x000000071d400000|  0%| F|  |TAMS 0x000000071d200000| PB 0x000000071d200000| Untracked 
| 192|0x000000071d400000, 0x000000071d400000, 0x000000071d600000|  0%| F|  |TAMS 0x000000071d400000| PB 0x000000071d400000| Untracked 
| 193|0x000000071d600000, 0x000000071d600000, 0x000000071d800000|  0%| F|  |TAMS 0x000000071d600000| PB 0x000000071d600000| Untracked 
| 194|0x000000071d800000, 0x000000071d800000, 0x000000071da00000|  0%| F|  |TAMS 0x000000071d800000| PB 0x000000071d800000| Untracked 
| 195|0x000000071da00000, 0x000000071da00000, 0x000000071dc00000|  0%| F|  |TAMS 0x000000071da00000| PB 0x000000071da00000| Untracked 
| 196|0x000000071dc00000, 0x000000071dc00000, 0x000000071de00000|  0%| F|  |TAMS 0x000000071dc00000| PB 0x000000071dc00000| Untracked 
| 197|0x000000071de00000, 0x000000071de00000, 0x000000071e000000|  0%| F|  |TAMS 0x000000071de00000| PB 0x000000071de00000| Untracked 
| 198|0x000000071e000000, 0x000000071e000000, 0x000000071e200000|  0%| F|  |TAMS 0x000000071e000000| PB 0x000000071e000000| Untracked 
| 199|0x000000071e200000, 0x000000071e200000, 0x000000071e400000|  0%| F|  |TAMS 0x000000071e200000| PB 0x000000071e200000| Untracked 
| 200|0x000000071e400000, 0x000000071e400000, 0x000000071e600000|  0%| F|  |TAMS 0x000000071e400000| PB 0x000000071e400000| Untracked 
| 201|0x000000071e600000, 0x000000071e600000, 0x000000071e800000|  0%| F|  |TAMS 0x000000071e600000| PB 0x000000071e600000| Untracked 
| 202|0x000000071e800000, 0x000000071e800000, 0x000000071ea00000|  0%| F|  |TAMS 0x000000071e800000| PB 0x000000071e800000| Untracked 
| 203|0x000000071ea00000, 0x000000071ea00000, 0x000000071ec00000|  0%| F|  |TAMS 0x000000071ea00000| PB 0x000000071ea00000| Untracked 
| 204|0x000000071ec00000, 0x000000071ec00000, 0x000000071ee00000|  0%| F|  |TAMS 0x000000071ec00000| PB 0x000000071ec00000| Untracked 
| 205|0x000000071ee00000, 0x000000071ee00000, 0x000000071f000000|  0%| F|  |TAMS 0x000000071ee00000| PB 0x000000071ee00000| Untracked 
| 206|0x000000071f000000, 0x000000071f000000, 0x000000071f200000|  0%| F|  |TAMS 0x000000071f000000| PB 0x000000071f000000| Untracked 
| 207|0x000000071f200000, 0x000000071f200000, 0x000000071f400000|  0%| F|  |TAMS 0x000000071f200000| PB 0x000000071f200000| Untracked 
| 208|0x000000071f400000, 0x000000071f400000, 0x000000071f600000|  0%| F|  |TAMS 0x000000071f400000| PB 0x000000071f400000| Untracked 
| 209|0x000000071f600000, 0x000000071f600000, 0x000000071f800000|  0%| F|  |TAMS 0x000000071f600000| PB 0x000000071f600000| Untracked 
| 210|0x000000071f800000, 0x000000071f800000, 0x000000071fa00000|  0%| F|  |TAMS 0x000000071f800000| PB 0x000000071f800000| Untracked 
| 211|0x000000071fa00000, 0x000000071fa00000, 0x000000071fc00000|  0%| F|  |TAMS 0x000000071fa00000| PB 0x000000071fa00000| Untracked 
| 212|0x000000071fc00000, 0x000000071fc00000, 0x000000071fe00000|  0%| F|  |TAMS 0x000000071fc00000| PB 0x000000071fc00000| Untracked 
| 213|0x000000071fe00000, 0x000000071fe00000, 0x0000000720000000|  0%| F|  |TAMS 0x000000071fe00000| PB 0x000000071fe00000| Untracked 
| 214|0x0000000720000000, 0x0000000720000000, 0x0000000720200000|  0%| F|  |TAMS 0x0000000720000000| PB 0x0000000720000000| Untracked 
| 215|0x0000000720200000, 0x0000000720200000, 0x0000000720400000|  0%| F|  |TAMS 0x0000000720200000| PB 0x0000000720200000| Untracked 
| 216|0x0000000720400000, 0x0000000720400000, 0x0000000720600000|  0%| F|  |TAMS 0x0000000720400000| PB 0x0000000720400000| Untracked 
| 217|0x0000000720600000, 0x0000000720600000, 0x0000000720800000|  0%| F|  |TAMS 0x0000000720600000| PB 0x0000000720600000| Untracked 
| 218|0x0000000720800000, 0x0000000720800000, 0x0000000720a00000|  0%| F|  |TAMS 0x0000000720800000| PB 0x0000000720800000| Untracked 
| 219|0x0000000720a00000, 0x0000000720a00000, 0x0000000720c00000|  0%| F|  |TAMS 0x0000000720a00000| PB 0x0000000720a00000| Untracked 
| 220|0x0000000720c00000, 0x0000000720c00000, 0x0000000720e00000|  0%| F|  |TAMS 0x0000000720c00000| PB 0x0000000720c00000| Untracked 
| 221|0x0000000720e00000, 0x0000000720e00000, 0x0000000721000000|  0%| F|  |TAMS 0x0000000720e00000| PB 0x0000000720e00000| Untracked 
| 222|0x0000000721000000, 0x0000000721000000, 0x0000000721200000|  0%| F|  |TAMS 0x0000000721000000| PB 0x0000000721000000| Untracked 
| 223|0x0000000721200000, 0x0000000721200000, 0x0000000721400000|  0%| F|  |TAMS 0x0000000721200000| PB 0x0000000721200000| Untracked 
| 224|0x0000000721400000, 0x0000000721400000, 0x0000000721600000|  0%| F|  |TAMS 0x0000000721400000| PB 0x0000000721400000| Untracked 
| 225|0x0000000721600000, 0x0000000721600000, 0x0000000721800000|  0%| F|  |TAMS 0x0000000721600000| PB 0x0000000721600000| Untracked 
| 226|0x0000000721800000, 0x0000000721800000, 0x0000000721a00000|  0%| F|  |TAMS 0x0000000721800000| PB 0x0000000721800000| Untracked 
| 227|0x0000000721a00000, 0x0000000721a00000, 0x0000000721c00000|  0%| F|  |TAMS 0x0000000721a00000| PB 0x0000000721a00000| Untracked 
| 228|0x0000000721c00000, 0x0000000721c00000, 0x0000000721e00000|  0%| F|  |TAMS 0x0000000721c00000| PB 0x0000000721c00000| Untracked 
| 229|0x0000000721e00000, 0x0000000721e00000, 0x0000000722000000|  0%| F|  |TAMS 0x0000000721e00000| PB 0x0000000721e00000| Untracked 
| 230|0x0000000722000000, 0x0000000722000000, 0x0000000722200000|  0%| F|  |TAMS 0x0000000722000000| PB 0x0000000722000000| Untracked 
| 231|0x0000000722200000, 0x0000000722200000, 0x0000000722400000|  0%| F|  |TAMS 0x0000000722200000| PB 0x0000000722200000| Untracked 
| 232|0x0000000722400000, 0x0000000722400000, 0x0000000722600000|  0%| F|  |TAMS 0x0000000722400000| PB 0x0000000722400000| Untracked 
| 233|0x0000000722600000, 0x0000000722600000, 0x0000000722800000|  0%| F|  |TAMS 0x0000000722600000| PB 0x0000000722600000| Untracked 
| 234|0x0000000722800000, 0x0000000722800000, 0x0000000722a00000|  0%| F|  |TAMS 0x0000000722800000| PB 0x0000000722800000| Untracked 
| 235|0x0000000722a00000, 0x0000000722a00000, 0x0000000722c00000|  0%| F|  |TAMS 0x0000000722a00000| PB 0x0000000722a00000| Untracked 
| 236|0x0000000722c00000, 0x0000000722c00000, 0x0000000722e00000|  0%| F|  |TAMS 0x0000000722c00000| PB 0x0000000722c00000| Untracked 
| 237|0x0000000722e00000, 0x0000000722e00000, 0x0000000723000000|  0%| F|  |TAMS 0x0000000722e00000| PB 0x0000000722e00000| Untracked 
| 238|0x0000000723000000, 0x0000000723000000, 0x0000000723200000|  0%| F|  |TAMS 0x0000000723000000| PB 0x0000000723000000| Untracked 
| 239|0x0000000723200000, 0x0000000723200000, 0x0000000723400000|  0%| F|  |TAMS 0x0000000723200000| PB 0x0000000723200000| Untracked 
| 240|0x0000000723400000, 0x0000000723400000, 0x0000000723600000|  0%| F|  |TAMS 0x0000000723400000| PB 0x0000000723400000| Untracked 
| 241|0x0000000723600000, 0x0000000723600000, 0x0000000723800000|  0%| F|  |TAMS 0x0000000723600000| PB 0x0000000723600000| Untracked 
| 242|0x0000000723800000, 0x0000000723800000, 0x0000000723a00000|  0%| F|  |TAMS 0x0000000723800000| PB 0x0000000723800000| Untracked 
| 243|0x0000000723a00000, 0x0000000723a00000, 0x0000000723c00000|  0%| F|  |TAMS 0x0000000723a00000| PB 0x0000000723a00000| Untracked 
| 244|0x0000000723c00000, 0x0000000723c00000, 0x0000000723e00000|  0%| F|  |TAMS 0x0000000723c00000| PB 0x0000000723c00000| Untracked 
| 245|0x0000000723e00000, 0x0000000723e00000, 0x0000000724000000|  0%| F|  |TAMS 0x0000000723e00000| PB 0x0000000723e00000| Untracked 
| 246|0x0000000724000000, 0x0000000724000000, 0x0000000724200000|  0%| F|  |TAMS 0x0000000724000000| PB 0x0000000724000000| Untracked 
| 247|0x0000000724200000, 0x0000000724200000, 0x0000000724400000|  0%| F|  |TAMS 0x0000000724200000| PB 0x0000000724200000| Untracked 
| 248|0x0000000724400000, 0x0000000724400000, 0x0000000724600000|  0%| F|  |TAMS 0x0000000724400000| PB 0x0000000724400000| Untracked 
| 249|0x0000000724600000, 0x0000000724600000, 0x0000000724800000|  0%| F|  |TAMS 0x0000000724600000| PB 0x0000000724600000| Untracked 
| 250|0x0000000724800000, 0x0000000724800000, 0x0000000724a00000|  0%| F|  |TAMS 0x0000000724800000| PB 0x0000000724800000| Untracked 
| 251|0x0000000724a00000, 0x0000000724a00000, 0x0000000724c00000|  0%| F|  |TAMS 0x0000000724a00000| PB 0x0000000724a00000| Untracked 
| 252|0x0000000724c00000, 0x0000000724c00000, 0x0000000724e00000|  0%| F|  |TAMS 0x0000000724c00000| PB 0x0000000724c00000| Untracked 
| 253|0x0000000724e00000, 0x0000000724e00000, 0x0000000725000000|  0%| F|  |TAMS 0x0000000724e00000| PB 0x0000000724e00000| Untracked 
| 254|0x0000000725000000, 0x0000000725000000, 0x0000000725200000|  0%| F|  |TAMS 0x0000000725000000| PB 0x0000000725000000| Untracked 
| 255|0x0000000725200000, 0x0000000725200000, 0x0000000725400000|  0%| F|  |TAMS 0x0000000725200000| PB 0x0000000725200000| Untracked 
| 256|0x0000000725400000, 0x0000000725400000, 0x0000000725600000|  0%| F|  |TAMS 0x0000000725400000| PB 0x0000000725400000| Untracked 
| 257|0x0000000725600000, 0x0000000725600000, 0x0000000725800000|  0%| F|  |TAMS 0x0000000725600000| PB 0x0000000725600000| Untracked 
| 258|0x0000000725800000, 0x0000000725800000, 0x0000000725a00000|  0%| F|  |TAMS 0x0000000725800000| PB 0x0000000725800000| Untracked 
| 259|0x0000000725a00000, 0x0000000725a00000, 0x0000000725c00000|  0%| F|  |TAMS 0x0000000725a00000| PB 0x0000000725a00000| Untracked 
| 260|0x0000000725c00000, 0x0000000725c00000, 0x0000000725e00000|  0%| F|  |TAMS 0x0000000725c00000| PB 0x0000000725c00000| Untracked 
| 261|0x0000000725e00000, 0x0000000725e00000, 0x0000000726000000|  0%| F|  |TAMS 0x0000000725e00000| PB 0x0000000725e00000| Untracked 
| 262|0x0000000726000000, 0x0000000726000000, 0x0000000726200000|  0%| F|  |TAMS 0x0000000726000000| PB 0x0000000726000000| Untracked 
| 263|0x0000000726200000, 0x0000000726200000, 0x0000000726400000|  0%| F|  |TAMS 0x0000000726200000| PB 0x0000000726200000| Untracked 
| 264|0x0000000726400000, 0x0000000726400000, 0x0000000726600000|  0%| F|  |TAMS 0x0000000726400000| PB 0x0000000726400000| Untracked 
| 265|0x0000000726600000, 0x0000000726600000, 0x0000000726800000|  0%| F|  |TAMS 0x0000000726600000| PB 0x0000000726600000| Untracked 
| 266|0x0000000726800000, 0x0000000726800000, 0x0000000726a00000|  0%| F|  |TAMS 0x0000000726800000| PB 0x0000000726800000| Untracked 
| 267|0x0000000726a00000, 0x0000000726a00000, 0x0000000726c00000|  0%| F|  |TAMS 0x0000000726a00000| PB 0x0000000726a00000| Untracked 
| 268|0x0000000726c00000, 0x0000000726c00000, 0x0000000726e00000|  0%| F|  |TAMS 0x0000000726c00000| PB 0x0000000726c00000| Untracked 
| 269|0x0000000726e00000, 0x0000000726e00000, 0x0000000727000000|  0%| F|  |TAMS 0x0000000726e00000| PB 0x0000000726e00000| Untracked 
| 270|0x0000000727000000, 0x0000000727000000, 0x0000000727200000|  0%| F|  |TAMS 0x0000000727000000| PB 0x0000000727000000| Untracked 
| 271|0x0000000727200000, 0x0000000727200000, 0x0000000727400000|  0%| F|  |TAMS 0x0000000727200000| PB 0x0000000727200000| Untracked 
| 272|0x0000000727400000, 0x0000000727400000, 0x0000000727600000|  0%| F|  |TAMS 0x0000000727400000| PB 0x0000000727400000| Untracked 
| 273|0x0000000727600000, 0x0000000727600000, 0x0000000727800000|  0%| F|  |TAMS 0x0000000727600000| PB 0x0000000727600000| Untracked 
| 274|0x0000000727800000, 0x0000000727800000, 0x0000000727a00000|  0%| F|  |TAMS 0x0000000727800000| PB 0x0000000727800000| Untracked 
| 275|0x0000000727a00000, 0x0000000727c00000, 0x0000000727c00000|100%| S|CS|TAMS 0x0000000727a00000| PB 0x0000000727a00000| Complete 
| 276|0x0000000727c00000, 0x0000000727e00000, 0x0000000727e00000|100%| S|CS|TAMS 0x0000000727c00000| PB 0x0000000727c00000| Complete 
| 277|0x0000000727e00000, 0x0000000728000000, 0x0000000728000000|100%| S|CS|TAMS 0x0000000727e00000| PB 0x0000000727e00000| Complete 
| 278|0x0000000728000000, 0x0000000728200000, 0x0000000728200000|100%| S|CS|TAMS 0x0000000728000000| PB 0x0000000728000000| Complete 
| 279|0x0000000728200000, 0x0000000728400000, 0x0000000728400000|100%| S|CS|TAMS 0x0000000728200000| PB 0x0000000728200000| Complete 
| 280|0x0000000728400000, 0x0000000728600000, 0x0000000728600000|100%| S|CS|TAMS 0x0000000728400000| PB 0x0000000728400000| Complete 
| 281|0x0000000728600000, 0x0000000728800000, 0x0000000728800000|100%| S|CS|TAMS 0x0000000728600000| PB 0x0000000728600000| Complete 
| 282|0x0000000728800000, 0x0000000728a00000, 0x0000000728a00000|100%| S|CS|TAMS 0x0000000728800000| PB 0x0000000728800000| Complete 
| 283|0x0000000728a00000, 0x0000000728c00000, 0x0000000728c00000|100%| S|CS|TAMS 0x0000000728a00000| PB 0x0000000728a00000| Complete 
| 284|0x0000000728c00000, 0x0000000728e00000, 0x0000000728e00000|100%| S|CS|TAMS 0x0000000728c00000| PB 0x0000000728c00000| Complete 
| 285|0x0000000728e00000, 0x0000000729000000, 0x0000000729000000|100%| S|CS|TAMS 0x0000000728e00000| PB 0x0000000728e00000| Complete 
| 286|0x0000000729000000, 0x0000000729200000, 0x0000000729200000|100%| S|CS|TAMS 0x0000000729000000| PB 0x0000000729000000| Complete 
| 287|0x0000000729200000, 0x0000000729400000, 0x0000000729400000|100%| S|CS|TAMS 0x0000000729200000| PB 0x0000000729200000| Complete 
| 288|0x0000000729400000, 0x0000000729600000, 0x0000000729600000|100%| S|CS|TAMS 0x0000000729400000| PB 0x0000000729400000| Complete 
| 289|0x0000000729600000, 0x0000000729800000, 0x0000000729800000|100%| S|CS|TAMS 0x0000000729600000| PB 0x0000000729600000| Complete 
| 290|0x0000000729800000, 0x0000000729a00000, 0x0000000729a00000|100%| S|CS|TAMS 0x0000000729800000| PB 0x0000000729800000| Complete 
| 291|0x0000000729a00000, 0x0000000729a00000, 0x0000000729c00000|  0%| F|  |TAMS 0x0000000729a00000| PB 0x0000000729a00000| Untracked 
| 292|0x0000000729c00000, 0x0000000729c00000, 0x0000000729e00000|  0%| F|  |TAMS 0x0000000729c00000| PB 0x0000000729c00000| Untracked 
| 293|0x0000000729e00000, 0x0000000729e00000, 0x000000072a000000|  0%| F|  |TAMS 0x0000000729e00000| PB 0x0000000729e00000| Untracked 
| 294|0x000000072a000000, 0x000000072a000000, 0x000000072a200000|  0%| F|  |TAMS 0x000000072a000000| PB 0x000000072a000000| Untracked 
| 295|0x000000072a200000, 0x000000072a200000, 0x000000072a400000|  0%| F|  |TAMS 0x000000072a200000| PB 0x000000072a200000| Untracked 
| 296|0x000000072a400000, 0x000000072a400000, 0x000000072a600000|  0%| F|  |TAMS 0x000000072a400000| PB 0x000000072a400000| Untracked 
| 297|0x000000072a600000, 0x000000072a600000, 0x000000072a800000|  0%| F|  |TAMS 0x000000072a600000| PB 0x000000072a600000| Untracked 
| 298|0x000000072a800000, 0x000000072a800000, 0x000000072aa00000|  0%| F|  |TAMS 0x000000072a800000| PB 0x000000072a800000| Untracked 
| 299|0x000000072aa00000, 0x000000072aa00000, 0x000000072ac00000|  0%| F|  |TAMS 0x000000072aa00000| PB 0x000000072aa00000| Untracked 
| 300|0x000000072ac00000, 0x000000072ac00000, 0x000000072ae00000|  0%| F|  |TAMS 0x000000072ac00000| PB 0x000000072ac00000| Untracked 
| 301|0x000000072ae00000, 0x000000072ae00000, 0x000000072b000000|  0%| F|  |TAMS 0x000000072ae00000| PB 0x000000072ae00000| Untracked 
| 302|0x000000072b000000, 0x000000072b000000, 0x000000072b200000|  0%| F|  |TAMS 0x000000072b000000| PB 0x000000072b000000| Untracked 
| 303|0x000000072b200000, 0x000000072b200000, 0x000000072b400000|  0%| F|  |TAMS 0x000000072b200000| PB 0x000000072b200000| Untracked 
| 304|0x000000072b400000, 0x000000072b400000, 0x000000072b600000|  0%| F|  |TAMS 0x000000072b400000| PB 0x000000072b400000| Untracked 
| 305|0x000000072b600000, 0x000000072b600000, 0x000000072b800000|  0%| F|  |TAMS 0x000000072b600000| PB 0x000000072b600000| Untracked 
| 306|0x000000072b800000, 0x000000072b800000, 0x000000072ba00000|  0%| F|  |TAMS 0x000000072b800000| PB 0x000000072b800000| Untracked 
| 307|0x000000072ba00000, 0x000000072ba00000, 0x000000072bc00000|  0%| F|  |TAMS 0x000000072ba00000| PB 0x000000072ba00000| Untracked 
| 308|0x000000072bc00000, 0x000000072bc00000, 0x000000072be00000|  0%| F|  |TAMS 0x000000072bc00000| PB 0x000000072bc00000| Untracked 
| 309|0x000000072be00000, 0x000000072be00000, 0x000000072c000000|  0%| F|  |TAMS 0x000000072be00000| PB 0x000000072be00000| Untracked 
| 310|0x000000072c000000, 0x000000072c000000, 0x000000072c200000|  0%| F|  |TAMS 0x000000072c000000| PB 0x000000072c000000| Untracked 
| 311|0x000000072c200000, 0x000000072c200000, 0x000000072c400000|  0%| F|  |TAMS 0x000000072c200000| PB 0x000000072c200000| Untracked 
| 312|0x000000072c400000, 0x000000072c400000, 0x000000072c600000|  0%| F|  |TAMS 0x000000072c400000| PB 0x000000072c400000| Untracked 
| 313|0x000000072c600000, 0x000000072c600000, 0x000000072c800000|  0%| F|  |TAMS 0x000000072c600000| PB 0x000000072c600000| Untracked 
| 314|0x000000072c800000, 0x000000072c800000, 0x000000072ca00000|  0%| F|  |TAMS 0x000000072c800000| PB 0x000000072c800000| Untracked 
| 315|0x000000072ca00000, 0x000000072ca00000, 0x000000072cc00000|  0%| F|  |TAMS 0x000000072ca00000| PB 0x000000072ca00000| Untracked 
| 316|0x000000072cc00000, 0x000000072cc00000, 0x000000072ce00000|  0%| F|  |TAMS 0x000000072cc00000| PB 0x000000072cc00000| Untracked 
| 317|0x000000072ce00000, 0x000000072ce00000, 0x000000072d000000|  0%| F|  |TAMS 0x000000072ce00000| PB 0x000000072ce00000| Untracked 
| 318|0x000000072d000000, 0x000000072d000000, 0x000000072d200000|  0%| F|  |TAMS 0x000000072d000000| PB 0x000000072d000000| Untracked 
| 319|0x000000072d200000, 0x000000072d200000, 0x000000072d400000|  0%| F|  |TAMS 0x000000072d200000| PB 0x000000072d200000| Untracked 
| 320|0x000000072d400000, 0x000000072d400000, 0x000000072d600000|  0%| F|  |TAMS 0x000000072d400000| PB 0x000000072d400000| Untracked 
| 321|0x000000072d600000, 0x000000072d600000, 0x000000072d800000|  0%| F|  |TAMS 0x000000072d600000| PB 0x000000072d600000| Untracked 
| 322|0x000000072d800000, 0x000000072d800000, 0x000000072da00000|  0%| F|  |TAMS 0x000000072d800000| PB 0x000000072d800000| Untracked 
| 323|0x000000072da00000, 0x000000072da00000, 0x000000072dc00000|  0%| F|  |TAMS 0x000000072da00000| PB 0x000000072da00000| Untracked 
| 324|0x000000072dc00000, 0x000000072dc00000, 0x000000072de00000|  0%| F|  |TAMS 0x000000072dc00000| PB 0x000000072dc00000| Untracked 
| 325|0x000000072de00000, 0x000000072de00000, 0x000000072e000000|  0%| F|  |TAMS 0x000000072de00000| PB 0x000000072de00000| Untracked 
| 326|0x000000072e000000, 0x000000072e000000, 0x000000072e200000|  0%| F|  |TAMS 0x000000072e000000| PB 0x000000072e000000| Untracked 
| 327|0x000000072e200000, 0x000000072e200000, 0x000000072e400000|  0%| F|  |TAMS 0x000000072e200000| PB 0x000000072e200000| Untracked 
|1991|0x00000007fe200000, 0x00000007fe200000, 0x00000007fe400000|  0%| F|  |TAMS 0x00000007fe200000| PB 0x00000007fe200000| Untracked 
|1992|0x00000007fe400000, 0x00000007fe400000, 0x00000007fe600000|  0%| F|  |TAMS 0x00000007fe400000| PB 0x00000007fe400000| Untracked 
|1993|0x00000007fe600000, 0x00000007fe600000, 0x00000007fe800000|  0%| F|  |TAMS 0x00000007fe600000| PB 0x00000007fe600000| Untracked 
|1994|0x00000007fe800000, 0x00000007fe800000, 0x00000007fea00000|  0%| F|  |TAMS 0x00000007fe800000| PB 0x00000007fe800000| Untracked 
|1995|0x00000007fea00000, 0x00000007fea00000, 0x00000007fec00000|  0%| F|  |TAMS 0x00000007fea00000| PB 0x00000007fea00000| Untracked 
|1996|0x00000007fec00000, 0x00000007fec00000, 0x00000007fee00000|  0%| F|  |TAMS 0x00000007fec00000| PB 0x00000007fec00000| Untracked 
|1997|0x00000007fee00000, 0x00000007fee00000, 0x00000007ff000000|  0%| F|  |TAMS 0x00000007fee00000| PB 0x00000007fee00000| Untracked 
|1998|0x00000007ff000000, 0x00000007ff000000, 0x00000007ff200000|  0%| F|  |TAMS 0x00000007ff000000| PB 0x00000007ff000000| Untracked 
|1999|0x00000007ff200000, 0x00000007ff200000, 0x00000007ff400000|  0%| F|  |TAMS 0x00000007ff200000| PB 0x00000007ff200000| Untracked 
|2000|0x00000007ff400000, 0x00000007ff600000, 0x00000007ff600000|100%| O|  |TAMS 0x00000007ff600000| PB 0x00000007ff400000| Untracked 
|2001|0x00000007ff600000, 0x00000007ff800000, 0x00000007ff800000|100%| O|  |TAMS 0x00000007ff800000| PB 0x00000007ff600000| Untracked 
|2002|0x00000007ff800000, 0x00000007ffa00000, 0x00000007ffa00000|100%| O|  |TAMS 0x00000007ffa00000| PB 0x00000007ff800000| Untracked 
|2003|0x00000007ffa00000, 0x00000007ffc00000, 0x00000007ffc00000|100%| O|  |TAMS 0x00000007ffc00000| PB 0x00000007ffa00000| Untracked 
|2004|0x00000007ffc00000, 0x00000007ffe00000, 0x00000007ffe00000|100%| O|  |TAMS 0x00000007ffe00000| PB 0x00000007ffc00000| Untracked 
|2005|0x00000007ffe00000, 0x0000000800000000, 0x0000000800000000|100%| O|  |TAMS 0x0000000800000000| PB 0x00000007ffe00000| Untracked 

Card table byte_map: [0x000001b41cf60000,0x000001b41d740000] _byte_map_base: 0x000001b419736000

Marking Bits: (CMBitMap*) 0x000001b4095c5020
 Bits: [0x000001b41d740000, 0x000001b4215f0000)

Polling page: 0x000001b407280000

Metaspace:

Usage:
  Non-class:     78.62 MB used.
      Class:     11.75 MB used.
       Both:     90.36 MB used.

Virtual space:
  Non-class space:      128.00 MB reserved,      79.00 MB ( 62%) committed,  2 nodes.
      Class space:        1.00 GB reserved,      12.06 MB (  1%) committed,  1 nodes.
             Both:        1.12 GB reserved,      91.06 MB (  8%) committed. 

Chunk freelists:
   Non-Class:  1.01 MB
       Class:  3.83 MB
        Both:  4.83 MB

MaxMetaspaceSize: unlimited
CompressedClassSpaceSize: 1.00 GB
Initial GC threshold: 21.00 MB
Current GC threshold: 151.81 MB
CDS: on
 - commit_granule_bytes: 65536.
 - commit_granule_words: 8192.
 - virtual_space_node_default_size: 8388608.
 - enlarge_chunks_in_place: 1.
 - use_allocation_guard: 0.


Internal statistics:

num_allocs_failed_limit: 9.
num_arena_births: 976.
num_arena_deaths: 2.
num_vsnodes_births: 3.
num_vsnodes_deaths: 0.
num_space_committed: 1452.
num_space_uncommitted: 0.
num_chunks_returned_to_freelist: 12.
num_chunks_taken_from_freelist: 4277.
num_chunk_merges: 9.
num_chunk_splits: 3088.
num_chunks_enlarged: 2432.
num_inconsistent_stats: 0.

CodeHeap 'non-profiled nmethods': size=119168Kb used=7587Kb max_used=7744Kb free=111580Kb
 bounds [0x000001b414aa0000, 0x000001b415240000, 0x000001b41bf00000]
CodeHeap 'profiled nmethods': size=119104Kb used=20123Kb max_used=20834Kb free=98981Kb
 bounds [0x000001b40cf00000, 0x000001b40e360000, 0x000001b414350000]
CodeHeap 'non-nmethods': size=7488Kb used=3350Kb max_used=3414Kb free=4137Kb
 bounds [0x000001b414350000, 0x000001b4146b0000, 0x000001b414aa0000]
CodeCache: size=245760Kb, used=31060Kb, max_used=31992Kb, free=214698Kb
 total_blobs=11163, nmethods=10381, adapters=680, full_count=0
Compilation: enabled, stopped_count=0, restarted_count=0

Compilation events (20 events):
Event: 18.090 Thread 0x000001b4245e9ee0 nmethod 12899 0x000001b40e359c90 code [0x000001b40e359e40, 0x000001b40e359f68]
Event: 18.093 Thread 0x000001b42464ada0 12901       3       java.lang.invoke.LambdaForm$MH/0x000001b426bed800::invoke (42 bytes)
Event: 18.093 Thread 0x000001b42464ada0 nmethod 12901 0x000001b40e35a010 code [0x000001b40e35a2a0, 0x000001b40e35afc0]
Event: 18.108 Thread 0x000001b46ef984f0 12903       3       org.springframework.data.jpa.repository.query.QueryParameterSetter$QueryMetadataCache::<init> (12 bytes)
Event: 18.108 Thread 0x000001b46ef984f0 nmethod 12903 0x000001b40d01cf10 code [0x000001b40d01d0c0, 0x000001b40d01d2f8]
Event: 18.109 Thread 0x000001b4243961c0 nmethod 12894 0x000001b414f77b90 code [0x000001b414f77e60, 0x000001b414f794d8]
Event: 18.109 Thread 0x000001b4243961c0 12902       4       java.util.function.Function$$Lambda/0x000001b4262cda88::apply (15 bytes)
Event: 18.111 Thread 0x000001b42464ada0 12904       3       org.springframework.data.jpa.repository.query.JpaQueryMethod::getNamedQueryName (30 bytes)
Event: 18.111 Thread 0x000001b46ef984f0 12905       3       org.springframework.data.repository.query.QueryMethod::getNamedQueryName (31 bytes)
Event: 18.112 Thread 0x000001b42464ada0 nmethod 12904 0x000001b40dd62e90 code [0x000001b40dd630e0, 0x000001b40dd63898]
Event: 18.112 Thread 0x000001b42464ada0 12906       3       org.springframework.data.repository.query.ReturnedType$CacheKey::hashCode (33 bytes)
Event: 18.112 Thread 0x000001b46ef984f0 nmethod 12905 0x000001b40cfab110 code [0x000001b40cfab3e0, 0x000001b40cfac3a0]
Event: 18.112 Thread 0x000001b42464ada0 nmethod 12906 0x000001b40cf39910 code [0x000001b40cf39ac0, 0x000001b40cf39c60]
Event: 18.113 Thread 0x000001b42464ada0 12907       1       java.lang.reflect.Modifier::methodModifiers (4 bytes)
Event: 18.113 Thread 0x000001b42464ada0 nmethod 12907 0x000001b414b2aa90 code [0x000001b414b2ac20, 0x000001b414b2acc8]
Event: 18.123 Thread 0x000001b4243961c0 nmethod 12902 0x000001b414e70710 code [0x000001b414e70980, 0x000001b414e71458]
Event: 18.123 Thread 0x000001b4243961c0 12900   !   4       org.springframework.core.annotation.TypeMappedAnnotation::createIfPossible (92 bytes)
Event: 18.129 Thread 0x000001b4243961c0 nmethod 12900 0x000001b414f1e490 code [0x000001b414f1e6a0, 0x000001b414f1edc0]
Event: 18.290 Thread 0x000001b46ef984f0 12908   !   3       org.springframework.data.jpa.repository.query.HqlParser::literal (479 bytes)
Event: 18.292 Thread 0x000001b46ef984f0 nmethod 12908 0x000001b40d190710 code [0x000001b40d190aa0, 0x000001b40d1925e8]

GC Heap History (20 events):
Event: 15.811 GC heap after
{Heap after GC invocations=36 (full 0):
 garbage-first heap   total 344064K, used 126813K [0x0000000705400000, 0x0000000800000000)
  region size 2048K, 9 young (18432K), 9 survivors (18432K)
 Metaspace       used 90121K, committed 90752K, reserved 1179648K
  class space    used 11766K, committed 12032K, reserved 1048576K
}
Event: 16.302 GC heap before
{Heap before GC invocations=36 (full 0):
 garbage-first heap   total 344064K, used 290653K [0x0000000705400000, 0x0000000800000000)
  region size 2048K, 88 young (180224K), 9 survivors (18432K)
 Metaspace       used 90968K, committed 91648K, reserved 1179648K
  class space    used 11871K, committed 12160K, reserved 1048576K
}
Event: 16.321 GC heap after
{Heap after GC invocations=37 (full 0):
 garbage-first heap   total 344064K, used 156499K [0x0000000705400000, 0x0000000800000000)
  region size 2048K, 11 young (22528K), 11 survivors (22528K)
 Metaspace       used 90968K, committed 91648K, reserved 1179648K
  class space    used 11871K, committed 12160K, reserved 1048576K
}
Event: 16.805 GC heap before
{Heap before GC invocations=37 (full 0):
 garbage-first heap   total 344064K, used 287571K [0x0000000705400000, 0x0000000800000000)
  region size 2048K, 75 young (153600K), 11 survivors (22528K)
 Metaspace       used 92208K, committed 92928K, reserved 1179648K
  class space    used 12020K, committed 12352K, reserved 1048576K
}
Event: 16.820 GC heap after
{Heap after GC invocations=38 (full 0):
 garbage-first heap   total 344064K, used 178351K [0x0000000705400000, 0x0000000800000000)
  region size 2048K, 10 young (20480K), 10 survivors (20480K)
 Metaspace       used 92208K, committed 92928K, reserved 1179648K
  class space    used 12020K, committed 12352K, reserved 1048576K
}
Event: 16.957 GC heap before
{Heap before GC invocations=39 (full 0):
 garbage-first heap   total 344064K, used 274607K [0x0000000705400000, 0x0000000800000000)
  region size 2048K, 66 young (135168K), 10 survivors (20480K)
 Metaspace       used 92208K, committed 92928K, reserved 1179648K
  class space    used 12020K, committed 12352K, reserved 1048576K
}
Event: 16.981 GC heap after
{Heap after GC invocations=40 (full 0):
 garbage-first heap   total 344064K, used 201274K [0x0000000705400000, 0x0000000800000000)
  region size 2048K, 9 young (18432K), 9 survivors (18432K)
 Metaspace       used 92208K, committed 92928K, reserved 1179648K
  class space    used 12020K, committed 12352K, reserved 1048576K
}
Event: 17.073 GC heap before
{Heap before GC invocations=40 (full 0):
 garbage-first heap   total 344064K, used 287290K [0x0000000705400000, 0x0000000800000000)
  region size 2048K, 51 young (104448K), 9 survivors (18432K)
 Metaspace       used 92208K, committed 92928K, reserved 1179648K
  class space    used 12020K, committed 12352K, reserved 1048576K
}
Event: 17.084 GC heap after
{Heap after GC invocations=41 (full 0):
 garbage-first heap   total 344064K, used 202019K [0x0000000705400000, 0x0000000800000000)
  region size 2048K, 4 young (8192K), 4 survivors (8192K)
 Metaspace       used 92208K, committed 92928K, reserved 1179648K
  class space    used 12020K, committed 12352K, reserved 1048576K
}
Event: 17.160 GC heap before
{Heap before GC invocations=41 (full 0):
 garbage-first heap   total 344064K, used 277795K [0x0000000705400000, 0x0000000800000000)
  region size 2048K, 42 young (86016K), 4 survivors (8192K)
 Metaspace       used 92208K, committed 92928K, reserved 1179648K
  class space    used 12020K, committed 12352K, reserved 1048576K
}
Event: 17.174 GC heap after
{Heap after GC invocations=42 (full 0):
 garbage-first heap   total 702464K, used 234788K [0x0000000705400000, 0x0000000800000000)
  region size 2048K, 6 young (12288K), 6 survivors (12288K)
 Metaspace       used 92208K, committed 92928K, reserved 1179648K
  class space    used 12020K, committed 12352K, reserved 1048576K
}
Event: 17.591 GC heap before
{Heap before GC invocations=42 (full 0):
 garbage-first heap   total 702464K, used 488740K [0x0000000705400000, 0x0000000800000000)
  region size 2048K, 127 young (260096K), 6 survivors (12288K)
 Metaspace       used 92208K, committed 92928K, reserved 1179648K
  class space    used 12020K, committed 12352K, reserved 1048576K
}
Event: 17.653 GC heap after
{Heap after GC invocations=43 (full 0):
 garbage-first heap   total 702464K, used 336471K [0x0000000705400000, 0x0000000800000000)
  region size 2048K, 16 young (32768K), 16 survivors (32768K)
 Metaspace       used 92208K, committed 92928K, reserved 1179648K
  class space    used 12020K, committed 12352K, reserved 1048576K
}
Event: 17.968 GC heap before
{Heap before GC invocations=43 (full 0):
 garbage-first heap   total 702464K, used 520791K [0x0000000705400000, 0x0000000800000000)
  region size 2048K, 106 young (217088K), 16 survivors (32768K)
 Metaspace       used 92409K, committed 93120K, reserved 1179648K
  class space    used 12027K, committed 12352K, reserved 1048576K
}
Event: 17.988 GC heap after
{Heap after GC invocations=44 (full 0):
 garbage-first heap   total 702464K, used 356189K [0x0000000705400000, 0x0000000800000000)
  region size 2048K, 7 young (14336K), 7 survivors (14336K)
 Metaspace       used 92409K, committed 93120K, reserved 1179648K
  class space    used 12027K, committed 12352K, reserved 1048576K
}
Event: 18.295 GC heap before
{Heap before GC invocations=45 (full 0):
 garbage-first heap   total 702464K, used 495453K [0x0000000705400000, 0x0000000800000000)
  region size 2048K, 100 young (204800K), 7 survivors (14336K)
 Metaspace       used 92531K, committed 93248K, reserved 1179648K
  class space    used 12029K, committed 12352K, reserved 1048576K
}
Event: 18.308 GC heap after
{Heap after GC invocations=46 (full 0):
 garbage-first heap   total 702464K, used 304989K [0x0000000705400000, 0x0000000800000000)
  region size 2048K, 7 young (14336K), 7 survivors (14336K)
 Metaspace       used 92531K, committed 93248K, reserved 1179648K
  class space    used 12029K, committed 12352K, reserved 1048576K
}
Event: 18.578 GC heap before
{Heap before GC invocations=46 (full 0):
 garbage-first heap   total 702464K, used 548701K [0x0000000705400000, 0x0000000800000000)
  region size 2048K, 125 young (256000K), 7 survivors (14336K)
 Metaspace       used 92531K, committed 93248K, reserved 1179648K
  class space    used 12029K, committed 12352K, reserved 1048576K
}
Event: 18.621 GC heap after
{Heap after GC invocations=47 (full 0):
 garbage-first heap   total 702464K, used 319325K [0x0000000705400000, 0x0000000800000000)
  region size 2048K, 16 young (32768K), 16 survivors (32768K)
 Metaspace       used 92531K, committed 93248K, reserved 1179648K
  class space    used 12029K, committed 12352K, reserved 1048576K
}
Event: 18.723 GC heap before
{Heap before GC invocations=47 (full 0):
 garbage-first heap   total 702464K, used 411485K [0x0000000705400000, 0x0000000800000000)
  region size 2048K, 62 young (126976K), 16 survivors (32768K)
 Metaspace       used 92531K, committed 93248K, reserved 1179648K
  class space    used 12029K, committed 12352K, reserved 1048576K
}

Dll operation events (11 events):
Event: 0.018 Loaded shared library C:\Users\sesol\.p2\pool\plugins\org.eclipse.justj.openjdk.hotspot.jre.full.win32.x86_64_21.0.10.v20260205-0638\jre\bin\java.dll
Event: 0.071 Loaded shared library C:\Users\sesol\.p2\pool\plugins\org.eclipse.justj.openjdk.hotspot.jre.full.win32.x86_64_21.0.10.v20260205-0638\jre\bin\zip.dll
Event: 0.169 Loaded shared library C:\Users\sesol\.p2\pool\plugins\org.eclipse.justj.openjdk.hotspot.jre.full.win32.x86_64_21.0.10.v20260205-0638\jre\bin\net.dll
Event: 0.172 Loaded shared library C:\Users\sesol\.p2\pool\plugins\org.eclipse.justj.openjdk.hotspot.jre.full.win32.x86_64_21.0.10.v20260205-0638\jre\bin\nio.dll
Event: 0.175 Loaded shared library C:\Users\sesol\.p2\pool\plugins\org.eclipse.justj.openjdk.hotspot.jre.full.win32.x86_64_21.0.10.v20260205-0638\jre\bin\zip.dll
Event: 0.350 Loaded shared library C:\Users\sesol\.p2\pool\plugins\org.eclipse.justj.openjdk.hotspot.jre.full.win32.x86_64_21.0.10.v20260205-0638\jre\bin\jimage.dll
Event: 0.789 Loaded shared library C:\Users\sesol\.p2\pool\plugins\org.eclipse.justj.openjdk.hotspot.jre.full.win32.x86_64_21.0.10.v20260205-0638\jre\bin\management.dll
Event: 0.793 Loaded shared library C:\Users\sesol\.p2\pool\plugins\org.eclipse.justj.openjdk.hotspot.jre.full.win32.x86_64_21.0.10.v20260205-0638\jre\bin\management_ext.dll
Event: 2.340 Loaded shared library C:\Users\sesol\.p2\pool\plugins\org.eclipse.justj.openjdk.hotspot.jre.full.win32.x86_64_21.0.10.v20260205-0638\jre\bin\sunmscapi.dll
Event: 6.798 Loaded shared library C:\Users\sesol\.p2\pool\plugins\org.eclipse.justj.openjdk.hotspot.jre.full.win32.x86_64_21.0.10.v20260205-0638\jre\bin\verify.dll
Event: 7.212 Loaded shared library C:\Users\sesol\.p2\pool\plugins\org.eclipse.justj.openjdk.hotspot.jre.full.win32.x86_64_21.0.10.v20260205-0638\jre\bin\extnet.dll

Deoptimization events (20 events):
Event: 16.766 Thread 0x000001b46a7fd2f0 DEOPT PACKING pc=0x000001b414c34920 sp=0x000000a9f2cf9910
Event: 16.766 Thread 0x000001b46a7fd2f0 DEOPT UNPACKING pc=0x000001b4143a4422 sp=0x000000a9f2cf98b0 mode 2
Event: 16.826 Thread 0x000001b46a7fd2f0 Uncommon trap: trap_request=0xffffff45 fr.pc=0x000001b414bd60c4 relative=0x0000000000000184
Event: 16.826 Thread 0x000001b46a7fd2f0 Uncommon trap: reason=unstable_if action=reinterpret pc=0x000001b414bd60c4 method=java.util.Arrays.equals([I[I)Z @ 23 c2
Event: 16.826 Thread 0x000001b46a7fd2f0 DEOPT PACKING pc=0x000001b414bd60c4 sp=0x000000a9f2cf7450
Event: 16.826 Thread 0x000001b46a7fd2f0 DEOPT UNPACKING pc=0x000001b4143a4422 sp=0x000000a9f2cf7400 mode 2
Event: 16.826 Thread 0x000001b46a7fd2f0 Uncommon trap: trap_request=0xffffff45 fr.pc=0x000001b414d15f24 relative=0x00000000000000e4
Event: 16.826 Thread 0x000001b46a7fd2f0 Uncommon trap: reason=unstable_if action=reinterpret pc=0x000001b414d15f24 method=org.antlr.v4.runtime.atn.ArrayPredictionContext.equals(Ljava/lang/Object;)Z @ 45 c2
Event: 16.826 Thread 0x000001b46a7fd2f0 DEOPT PACKING pc=0x000001b414d15f24 sp=0x000000a9f2cf74b0
Event: 16.826 Thread 0x000001b46a7fd2f0 DEOPT UNPACKING pc=0x000001b4143a4422 sp=0x000000a9f2cf7438 mode 2
Event: 17.713 Thread 0x000001b46a7fd2f0 Uncommon trap: trap_request=0xffffff45 fr.pc=0x000001b414ac32a0 relative=0x0000000000000260
Event: 17.713 Thread 0x000001b46a7fd2f0 Uncommon trap: reason=unstable_if action=reinterpret pc=0x000001b414ac32a0 method=java.util.HashMap.getNode(Ljava/lang/Object;)Ljava/util/HashMap$Node; @ 85 c2
Event: 17.713 Thread 0x000001b46a7fd2f0 DEOPT PACKING pc=0x000001b414ac32a0 sp=0x000000a9f2cf7fa0
Event: 17.713 Thread 0x000001b46a7fd2f0 DEOPT UNPACKING pc=0x000001b4143a4422 sp=0x000000a9f2cf7ea0 mode 2
Event: 17.817 Thread 0x000001b46a7fd2f0 DEOPT PACKING pc=0x000001b40def8a38 sp=0x000000a9f2cfa060
Event: 17.817 Thread 0x000001b46a7fd2f0 DEOPT UNPACKING pc=0x000001b4143a4bc2 sp=0x000000a9f2cf9668 mode 0
Event: 17.842 Thread 0x000001b46a7fd2f0 DEOPT PACKING pc=0x000001b40def8a38 sp=0x000000a9f2cfa060
Event: 17.842 Thread 0x000001b46a7fd2f0 DEOPT UNPACKING pc=0x000001b4143a4bc2 sp=0x000000a9f2cf9668 mode 0
Event: 18.055 Thread 0x000001b46a7fd2f0 DEOPT PACKING pc=0x000001b40de3413d sp=0x000000a9f2cf9ab0
Event: 18.055 Thread 0x000001b46a7fd2f0 DEOPT UNPACKING pc=0x000001b4143a4bc2 sp=0x000000a9f2cf9038 mode 0

Classes loaded (20 events):
Event: 16.642 Loading class jdk/internal/reflect/Label
Event: 16.642 Loading class jdk/internal/reflect/Label done
Event: 16.642 Loading class jdk/internal/reflect/Label$PatchInfo
Event: 16.642 Loading class jdk/internal/reflect/Label$PatchInfo done
Event: 16.643 Loading class jdk/internal/reflect/MethodAccessorGenerator$1
Event: 16.643 Loading class jdk/internal/reflect/MethodAccessorGenerator$1 done
Event: 16.643 Loading class jdk/internal/reflect/ClassDefiner
Event: 16.643 Loading class jdk/internal/reflect/ClassDefiner done
Event: 16.643 Loading class jdk/internal/reflect/ClassDefiner$1
Event: 16.643 Loading class jdk/internal/reflect/ClassDefiner$1 done
Event: 16.643 Loading class jdk/internal/reflect/SerializationConstructorAccessorImpl
Event: 16.643 Loading class jdk/internal/reflect/SerializationConstructorAccessorImpl done
Event: 16.670 Loading class java/util/WeakHashMap$KeyIterator
Event: 16.670 Loading class java/util/WeakHashMap$HashIterator
Event: 16.670 Loading class java/util/WeakHashMap$HashIterator done
Event: 16.670 Loading class java/util/WeakHashMap$KeyIterator done
Event: 16.670 Loading class java/util/WeakHashMap$EntrySet
Event: 16.670 Loading class java/util/WeakHashMap$EntrySet done
Event: 16.671 Loading class java/util/WeakHashMap$EntryIterator
Event: 16.671 Loading class java/util/WeakHashMap$EntryIterator done

Classes unloaded (1 events):
Event: 18.094 Thread 0x000001b424362770 Unloading class 0x000001b426c24000 'jdk/internal/reflect/GeneratedSerializationConstructorAccessor1'

Classes redefined (0 events):
No events

Internal exceptions (20 events):
Event: 12.459 Thread 0x000001b46a7fd2f0 Exception <a 'java/lang/NoSuchMethodError'{0x000000070a7d21a0}: 'java.lang.Object java.lang.invoke.DirectMethodHandle$Holder.newInvokeSpecial(java.lang.Object, java.lang.Object, java.lang.Object, java.lang.Object, java.lang.Object, java.lang.Object, java.lang.Object, int)'> (0x000000070a7d21a0) 
thrown [s\src\hotspot\share\interpreter\linkResolver.cpp, line 773]
Event: 12.459 Thread 0x000001b46a7fd2f0 Exception <a 'java/lang/NoSuchMethodError'{0x000000070a7d6768}: 'java.lang.Object java.lang.invoke.DirectMethodHandle$Holder.invokeSpecial(java.lang.Object, java.lang.Object, java.lang.Object, java.lang.Object, java.lang.Object, java.lang.Object, java.lang.Object, java.lang.Object, int)'> (0x000000070a7d6768) 
thrown [s\src\hotspot\share\interpreter\linkResolver.cpp, line 773]
Event: 12.460 Thread 0x000001b46a7fd2f0 Exception <a 'java/lang/NoSuchMethodError'{0x000000070a7da758}: 'java.lang.Object java.lang.invoke.Invokers$Holder.linkToTargetMethod(java.lang.Object, java.lang.Object, java.lang.Object, java.lang.Object, java.lang.Object, java.lang.Object, int, java.lang.Object)'> (0x000000070a7da758) 
thrown [s\src\hotspot\share\interpreter\linkResolver.cpp, line 773]
Event: 12.491 Thread 0x000001b46a7fd2f0 Exception <a 'java/lang/NoSuchMethodError'{0x000000070a4f8dd8}: 'java.lang.Object java.lang.invoke.DirectMethodHandle$Holder.newInvokeSpecial(java.lang.Object, java.lang.Object, int, java.lang.Object, int, java.lang.Object, java.lang.Object)'> (0x000000070a4f8dd8) 
thrown [s\src\hotspot\share\interpreter\linkResolver.cpp, line 773]
Event: 12.549 Thread 0x000001b46a7fd2f0 Exception <a 'java/lang/NoSuchMethodError'{0x000000070a2caa40}: 'void java.lang.invoke.DirectMethodHandle$Holder.invokeInterface(java.lang.Object, java.lang.Object)'> (0x000000070a2caa40) 
thrown [s\src\hotspot\share\interpreter\linkResolver.cpp, line 773]
Event: 12.800 Thread 0x000001b46a7fd2f0 Exception <a 'java/lang/NoSuchMethodError'{0x0000000709bf3508}: 'void java.lang.invoke.Invokers$Holder.invokeExact_MT(java.lang.Object, java.lang.Object, java.lang.Object, java.lang.Object)'> (0x0000000709bf3508) 
thrown [s\src\hotspot\share\interpreter\linkResolver.cpp, line 773]
Event: 12.832 Thread 0x000001b46a7fd2f0 Implicit null exception at 0x000001b414f77377 to 0x000001b414f775e0
Event: 12.886 Thread 0x000001b46a7fd2f0 Implicit null exception at 0x000001b4151292f0 to 0x000001b41512ae28
Event: 12.898 Thread 0x000001b46a7fd2f0 Exception <a 'java/lang/IncompatibleClassChangeError'{0x000000070954a200}: Found class java.lang.Object, but interface was expected> (0x000000070954a200) 
thrown [s\src\hotspot\share\interpreter\linkResolver.cpp, line 840]
Event: 12.958 Thread 0x000001b46a7fd2f0 Exception <a 'java/lang/IncompatibleClassChangeError'{0x000000070931ffa8}: Found class java.lang.Object, but interface was expected> (0x000000070931ffa8) 
thrown [s\src\hotspot\share\interpreter\linkResolver.cpp, line 840]
Event: 13.245 Thread 0x000001b46a7fd2f0 Exception <a 'java/lang/IncompatibleClassChangeError'{0x0000000708d1b810}: Found class java.lang.Object, but interface was expected> (0x0000000708d1b810) 
thrown [s\src\hotspot\share\interpreter\linkResolver.cpp, line 840]
Event: 13.334 Thread 0x000001b46a7fd2f0 Exception <a 'java/lang/IncompatibleClassChangeError'{0x0000000711c39bb0}: Found class java.lang.Object, but interface was expected> (0x0000000711c39bb0) 
thrown [s\src\hotspot\share\interpreter\linkResolver.cpp, line 840]
Event: 13.355 Thread 0x000001b46a7fd2f0 Exception <a 'java/lang/NoSuchMethodError'{0x0000000711d08440}: 'java.lang.Object java.lang.invoke.DirectMethodHandle$Holder.invokeInterface(java.lang.Object, java.lang.Object, java.lang.Object, java.lang.Object)'> (0x0000000711d08440) 
thrown [s\src\hotspot\share\interpreter\linkResolver.cpp, line 773]
Event: 13.357 Thread 0x000001b46a7fd2f0 Exception <a 'java/lang/NoSuchMethodError'{0x0000000711d1e248}: 'java.lang.Object java.lang.invoke.DirectMethodHandle$Holder.invokeInterface(java.lang.Object, java.lang.Object, java.lang.Object, java.lang.Object, java.lang.Object)'> (0x0000000711d1e248) 
thrown [s\src\hotspot\share\interpreter\linkResolver.cpp, line 773]
Event: 13.519 Thread 0x000001b46a7fd2f0 Exception <a 'java/lang/NoSuchMethodError'{0x00000007116e7fa0}: 'java.lang.Object java.lang.invoke.DirectMethodHandle$Holder.invokeStaticInit(java.lang.Object, java.lang.Object, int)'> (0x00000007116e7fa0) 
thrown [s\src\hotspot\share\interpreter\linkResolver.cpp, line 773]
Event: 13.575 Thread 0x000001b46a7fd2f0 Exception <a 'java/lang/NoSuchMethodError'{0x00000007114dfd98}: 'void java.lang.invoke.DirectMethodHandle$Holder.invokeStaticInit(java.lang.Object, java.lang.Object, java.lang.Object, java.lang.Object)'> (0x00000007114dfd98) 
thrown [s\src\hotspot\share\interpreter\linkResolver.cpp, line 773]
Event: 13.674 Thread 0x000001b46a7fd2f0 Exception <a 'java/lang/NoSuchMethodError'{0x000000070aacc7b0}: 'java.lang.Object java.lang.invoke.DirectMethodHandle$Holder.invokeStaticInit(java.lang.Object, java.lang.Object, java.lang.Object, java.lang.Object, java.lang.Object)'> (0x000000070aacc7b0) 
thrown [s\src\hotspot\share\interpreter\linkResolver.cpp, line 773]
Event: 13.830 Thread 0x000001b46a7fd2f0 Exception <a 'java/lang/IncompatibleClassChangeError'{0x000000070a22ac28}: Found class java.lang.Object, but interface was expected> (0x000000070a22ac28) 
thrown [s\src\hotspot\share\interpreter\linkResolver.cpp, line 840]
Event: 16.616 Thread 0x000001b46a7fd2f0 Exception <a 'java/lang/NoSuchMethodError'{0x0000000714f68660}: 'int java.lang.invoke.DirectMethodHandle$Holder.invokeStaticInit(java.lang.Object, int, java.lang.Object, java.lang.Object, java.lang.Object, java.lang.Object)'> (0x0000000714f68660) 
thrown [s\src\hotspot\share\interpreter\linkResolver.cpp, line 773]
Event: 16.678 Thread 0x000001b46a7fd2f0 Implicit null exception at 0x000001b414b2ac5e to 0x000001b414b2ac9c

ZGC Phase Switch (0 events):
No events

VM Operations (20 events):
Event: 16.981 Executing safepoint VM operation: G1CollectForAllocation (G1 Evacuation Pause) done
Event: 17.073 Executing safepoint VM operation: G1CollectForAllocation (G1 Evacuation Pause)
Event: 17.084 Executing safepoint VM operation: G1CollectForAllocation (G1 Evacuation Pause) done
Event: 17.160 Executing safepoint VM operation: G1TryInitiateConcMark (G1 Humongous Allocation)
Event: 17.174 Executing safepoint VM operation: G1TryInitiateConcMark (G1 Humongous Allocation) done
Event: 17.591 Executing safepoint VM operation: G1CollectForAllocation (G1 Evacuation Pause)
Event: 17.653 Executing safepoint VM operation: G1CollectForAllocation (G1 Evacuation Pause) done
Event: 17.835 Executing non-safepoint VM operation: HandshakeAllThreads (Deoptimize)
Event: 17.835 Executing non-safepoint VM operation: HandshakeAllThreads (Deoptimize) done
Event: 17.968 Executing safepoint VM operation: G1CollectForAllocation (G1 Evacuation Pause)
Event: 17.988 Executing safepoint VM operation: G1CollectForAllocation (G1 Evacuation Pause) done
Event: 18.094 Executing safepoint VM operation: G1PauseRemark
Event: 18.108 Executing safepoint VM operation: G1PauseRemark done
Event: 18.157 Executing safepoint VM operation: G1PauseCleanup
Event: 18.157 Executing safepoint VM operation: G1PauseCleanup done
Event: 18.295 Executing safepoint VM operation: G1CollectForAllocation (G1 Evacuation Pause)
Event: 18.308 Executing safepoint VM operation: G1CollectForAllocation (G1 Evacuation Pause) done
Event: 18.578 Executing safepoint VM operation: G1CollectForAllocation (G1 Evacuation Pause)
Event: 18.621 Executing safepoint VM operation: G1CollectForAllocation (G1 Evacuation Pause) done
Event: 18.723 Executing safepoint VM operation: G1TryInitiateConcMark (G1 Humongous Allocation)

Memory protections (0 events):
No events

Nmethod flushes (20 events):
Event: 18.107 Thread 0x000001b424362770 flushing  nmethod 0x000001b40dc01e10
Event: 18.107 Thread 0x000001b424362770 flushing  nmethod 0x000001b40e1ff790
Event: 18.107 Thread 0x000001b424362770 flushing  nmethod 0x000001b414cf5e90
Event: 18.107 Thread 0x000001b424362770 flushing  nmethod 0x000001b414e2c610
Event: 18.107 Thread 0x000001b424362770 flushing  nmethod 0x000001b40cf07090
Event: 18.107 Thread 0x000001b424362770 flushing  nmethod 0x000001b40cf39910
Event: 18.107 Thread 0x000001b424362770 flushing  nmethod 0x000001b40cf60310
Event: 18.107 Thread 0x000001b424362770 flushing  nmethod 0x000001b40cfbd810
Event: 18.107 Thread 0x000001b424362770 flushing  nmethod 0x000001b40d2ceb10
Event: 18.107 Thread 0x000001b424362770 flushing  nmethod 0x000001b40d558190
Event: 18.107 Thread 0x000001b424362770 flushing  nmethod 0x000001b40d558510
Event: 18.107 Thread 0x000001b424362770 flushing  nmethod 0x000001b40d7a2910
Event: 18.107 Thread 0x000001b424362770 flushing  nmethod 0x000001b40d7a5d90
Event: 18.107 Thread 0x000001b424362770 flushing  nmethod 0x000001b40d7a6210
Event: 18.107 Thread 0x000001b424362770 flushing  nmethod 0x000001b40d837610
Event: 18.107 Thread 0x000001b424362770 flushing  nmethod 0x000001b40d94da90
Event: 18.107 Thread 0x000001b424362770 flushing  nmethod 0x000001b40de50390
Event: 18.107 Thread 0x000001b424362770 flushing  nmethod 0x000001b40e0a0f90
Event: 18.107 Thread 0x000001b424362770 flushing  nmethod 0x000001b40e251490
Event: 18.107 Thread 0x000001b424362770 flushing  nmethod 0x000001b40e274110

Events (20 events):
Event: 14.029 Thread 0x000001b4702600d0 Thread exited: 0x000001b4702600d0
Event: 14.029 Thread 0x000001b46b432390 Thread exited: 0x000001b46b432390
Event: 14.091 Thread 0x000001b46b433ed0 Thread added: 0x000001b46b432390
Event: 14.108 Thread 0x000001b46a77d0e0 Thread added: 0x000001b46ef97750
Event: 14.114 Thread 0x000001b46ef97750 Thread added: 0x000001b46ef984f0
Event: 14.115 Thread 0x000001b46ef97750 Thread added: 0x000001b46ef969b0
Event: 14.115 Thread 0x000001b46ef97750 Thread added: 0x000001b46ef97080
Event: 14.115 Thread 0x000001b46ef97750 Thread added: 0x000001b46ef962e0
Event: 14.150 Thread 0x000001b46ef97080 Thread added: 0x000001b46ef98bc0
Event: 15.353 Thread 0x000001b46ef98bc0 Thread exited: 0x000001b46ef98bc0
Event: 15.817 Thread 0x000001b46ef962e0 Thread exited: 0x000001b46ef962e0
Event: 15.870 Thread 0x000001b46ef97080 Thread exited: 0x000001b46ef97080
Event: 15.915 Thread 0x000001b46ef969b0 Thread exited: 0x000001b46ef969b0
Event: 16.028 Thread 0x000001b42464ada0 Thread added: 0x000001b46ef969b0
Event: 17.021 Thread 0x000001b46ef969b0 Thread exited: 0x000001b46ef969b0
Event: 17.023 Thread 0x000001b46ef984f0 Thread exited: 0x000001b46ef984f0
Event: 17.067 Thread 0x000001b46ef97750 Thread exited: 0x000001b46ef97750
Event: 17.746 Thread 0x000001b46b433ed0 Thread exited: 0x000001b46b433ed0
Event: 17.784 Thread 0x000001b42464ada0 Thread added: 0x000001b46ef984f0
Event: 18.053 Thread 0x000001b46b432390 Thread exited: 0x000001b46b432390


Dynamic libraries:
0x00007ff763a40000 - 0x00007ff763a4e000 	C:\Users\sesol\.p2\pool\plugins\org.eclipse.justj.openjdk.hotspot.jre.full.win32.x86_64_21.0.10.v20260205-0638\jre\bin\javaw.exe
0x00007ffab9080000 - 0x00007ffab92e6000 	C:\Windows\SYSTEM32\ntdll.dll
0x00007ffab80b0000 - 0x00007ffab8179000 	C:\Windows\System32\KERNEL32.DLL
0x00007ffab6660000 - 0x00007ffab6a5a000 	C:\Windows\System32\KERNELBASE.dll
0x00007ffab6460000 - 0x00007ffab65ac000 	C:\Windows\System32\ucrtbase.dll
0x00007ffaac6d0000 - 0x00007ffaac6e8000 	C:\Users\sesol\.p2\pool\plugins\org.eclipse.justj.openjdk.hotspot.jre.full.win32.x86_64_21.0.10.v20260205-0638\jre\bin\jli.dll
0x00007ffa90a30000 - 0x00007ffa90a4e000 	C:\Users\sesol\.p2\pool\plugins\org.eclipse.justj.openjdk.hotspot.jre.full.win32.x86_64_21.0.10.v20260205-0638\jre\bin\VCRUNTIME140.dll
0x00007ffab8ca0000 - 0x00007ffab8e67000 	C:\Windows\System32\USER32.dll
0x00007ffab6a60000 - 0x00007ffab6a87000 	C:\Windows\System32\win32u.dll
0x00007ffab6f90000 - 0x00007ffab6fbb000 	C:\Windows\System32\GDI32.dll
0x00007ffab6b40000 - 0x00007ffab6c6b000 	C:\Windows\System32\gdi32full.dll
0x00007ffaa11c0000 - 0x00007ffaa1452000 	C:\Windows\WinSxS\amd64_microsoft.windows.common-controls_6595b64144ccf1df_6.0.26100.8521_none_3e08b75ce33403b3\COMCTL32.dll
0x00007ffab6a90000 - 0x00007ffab6b33000 	C:\Windows\System32\msvcp_win.dll
0x00007ffab8e70000 - 0x00007ffab8f19000 	C:\Windows\System32\msvcrt.dll
0x00007ffab8c40000 - 0x00007ffab8c72000 	C:\Windows\System32\IMM32.DLL
0x00007ffaac3f0000 - 0x00007ffaac3fc000 	C:\Users\sesol\.p2\pool\plugins\org.eclipse.justj.openjdk.hotspot.jre.full.win32.x86_64_21.0.10.v20260205-0638\jre\bin\vcruntime140_1.dll
0x00007ffa201d0000 - 0x00007ffa2025d000 	C:\Users\sesol\.p2\pool\plugins\org.eclipse.justj.openjdk.hotspot.jre.full.win32.x86_64_21.0.10.v20260205-0638\jre\bin\msvcp140.dll
0x00007ff9c7470000 - 0x00007ff9c8211000 	C:\Users\sesol\.p2\pool\plugins\org.eclipse.justj.openjdk.hotspot.jre.full.win32.x86_64_21.0.10.v20260205-0638\jre\bin\server\jvm.dll
0x00007ffab71d0000 - 0x00007ffab7286000 	C:\Windows\System32\ADVAPI32.dll
0x00007ffab6fd0000 - 0x00007ffab707a000 	C:\Windows\System32\sechost.dll
0x00007ffab8f20000 - 0x00007ffab9038000 	C:\Windows\System32\RPCRT4.dll
0x00007ffab7f60000 - 0x00007ffab7fe0000 	C:\Windows\System32\WS2_32.dll
0x00007ffab6170000 - 0x00007ffab61ce000 	C:\Windows\SYSTEM32\POWRPROF.dll
0x00007ffaacba0000 - 0x00007ffaacbd6000 	C:\Windows\SYSTEM32\WINMM.dll
0x00007ffaafd80000 - 0x00007ffaafd8b000 	C:\Windows\SYSTEM32\VERSION.dll
0x00007ffab6150000 - 0x00007ffab6164000 	C:\Windows\SYSTEM32\UMPDC.dll
0x00007ffab5070000 - 0x00007ffab508b000 	C:\Windows\SYSTEM32\kernel.appcore.dll
0x00007ffab2670000 - 0x00007ffab267a000 	C:\Users\sesol\.p2\pool\plugins\org.eclipse.justj.openjdk.hotspot.jre.full.win32.x86_64_21.0.10.v20260205-0638\jre\bin\jimage.dll
0x00007ffaaa230000 - 0x00007ffaaa472000 	C:\Windows\SYSTEM32\DBGHELP.DLL
0x00007ffab8260000 - 0x00007ffab85e3000 	C:\Windows\System32\combase.dll
0x00007ffab70f0000 - 0x00007ffab71c9000 	C:\Windows\System32\OLEAUT32.dll
0x00007ffa9a7e0000 - 0x00007ffa9a81b000 	C:\Windows\SYSTEM32\dbgcore.DLL
0x00007ffab65b0000 - 0x00007ffab6658000 	C:\Windows\System32\bcryptPrimitives.dll
0x00007ffaa0d10000 - 0x00007ffaa0d30000 	C:\Users\sesol\.p2\pool\plugins\org.eclipse.justj.openjdk.hotspot.jre.full.win32.x86_64_21.0.10.v20260205-0638\jre\bin\java.dll
0x00007ffab7290000 - 0x00007ffab7a14000 	C:\Windows\System32\SHELL32.dll
0x00007ffab3e90000 - 0x00007ffab4710000 	C:\Windows\SYSTEM32\windows.storage.dll
0x00007ffab7aa0000 - 0x00007ffab7b96000 	C:\Windows\System32\SHCORE.dll
0x00007ffab7080000 - 0x00007ffab70e7000 	C:\Windows\System32\shlwapi.dll
0x00007ffab6230000 - 0x00007ffab6259000 	C:\Windows\SYSTEM32\profapi.dll
0x00007ffa98720000 - 0x00007ffa98738000 	C:\Users\sesol\.p2\pool\plugins\org.eclipse.justj.openjdk.hotspot.jre.full.win32.x86_64_21.0.10.v20260205-0638\jre\bin\zip.dll
0x00007ffaafd10000 - 0x00007ffaafd20000 	C:\Users\sesol\.p2\pool\plugins\org.eclipse.justj.openjdk.hotspot.jre.full.win32.x86_64_21.0.10.v20260205-0638\jre\bin\net.dll
0x00007ffab0470000 - 0x00007ffab0599000 	C:\Windows\SYSTEM32\WINHTTP.dll
0x00007ffab55c0000 - 0x00007ffab562c000 	C:\Windows\system32\mswsock.dll
0x00007ffa97840000 - 0x00007ffa97856000 	C:\Users\sesol\.p2\pool\plugins\org.eclipse.justj.openjdk.hotspot.jre.full.win32.x86_64_21.0.10.v20260205-0638\jre\bin\nio.dll
0x00007ffa90a20000 - 0x00007ffa90a2a000 	C:\Users\sesol\.p2\pool\plugins\org.eclipse.justj.openjdk.hotspot.jre.full.win32.x86_64_21.0.10.v20260205-0638\jre\bin\management.dll
0x00007ffa90a10000 - 0x00007ffa90a1c000 	C:\Users\sesol\.p2\pool\plugins\org.eclipse.justj.openjdk.hotspot.jre.full.win32.x86_64_21.0.10.v20260205-0638\jre\bin\management_ext.dll
0x00007ffab85f0000 - 0x00007ffab85f8000 	C:\Windows\System32\PSAPI.DLL
0x00007ffaaf860000 - 0x00007ffaaf86e000 	C:\Users\sesol\.p2\pool\plugins\org.eclipse.justj.openjdk.hotspot.jre.full.win32.x86_64_21.0.10.v20260205-0638\jre\bin\sunmscapi.dll
0x00007ffab6c70000 - 0x00007ffab6de8000 	C:\Windows\System32\CRYPT32.dll
0x00007ffab5b10000 - 0x00007ffab5b40000 	C:\Windows\SYSTEM32\ncrypt.dll
0x00007ffab5ac0000 - 0x00007ffab5aff000 	C:\Windows\SYSTEM32\NTASN1.dll
0x00007ffab5860000 - 0x00007ffab587b000 	C:\Windows\SYSTEM32\CRYPTSP.dll
0x00007ffab4fd0000 - 0x00007ffab5009000 	C:\Windows\system32\rsaenh.dll
0x00007ffab5670000 - 0x00007ffab56a3000 	C:\Windows\SYSTEM32\USERENV.dll
0x00007ffab6200000 - 0x00007ffab622a000 	C:\Windows\SYSTEM32\bcrypt.dll
0x00007ffab5880000 - 0x00007ffab588c000 	C:\Windows\SYSTEM32\CRYPTBASE.dll
0x00007ffab4a40000 - 0x00007ffab4a73000 	C:\Windows\SYSTEM32\IPHLPAPI.DLL
0x00007ffab8c90000 - 0x00007ffab8c9a000 	C:\Windows\System32\NSI.dll
0x00007ffaafcf0000 - 0x00007ffaafd00000 	C:\Users\sesol\.p2\pool\plugins\org.eclipse.justj.openjdk.hotspot.jre.full.win32.x86_64_21.0.10.v20260205-0638\jre\bin\verify.dll
0x00007ffab4ad0000 - 0x00007ffab4c1a000 	C:\Windows\SYSTEM32\DNSAPI.dll
0x00007ffab5400000 - 0x00007ffab540d000 	C:\Windows\SYSTEM32\DSPARSE.dll
0x00007ffaafd00000 - 0x00007ffaafd0b000 	C:\Windows\System32\rasadhlp.dll
0x00007ffab0de0000 - 0x00007ffab0e66000 	C:\Windows\System32\fwpuclnt.dll
0x00007ffaaeda0000 - 0x00007ffaaeda9000 	C:\Users\sesol\.p2\pool\plugins\org.eclipse.justj.openjdk.hotspot.jre.full.win32.x86_64_21.0.10.v20260205-0638\jre\bin\extnet.dll

JVMTI agents: none

dbghelp: loaded successfully - version: 4.0.5 - missing functions: none
symbol engine: initialized successfully - sym options: 0x614 - pdb path: .;C:\Users\sesol\.p2\pool\plugins\org.eclipse.justj.openjdk.hotspot.jre.full.win32.x86_64_21.0.10.v20260205-0638\jre\bin;C:\Windows\SYSTEM32;C:\Windows\WinSxS\amd64_microsoft.windows.common-controls_6595b64144ccf1df_6.0.26100.8521_none_3e08b75ce33403b3;C:\Users\sesol\.p2\pool\plugins\org.eclipse.justj.openjdk.hotspot.jre.full.win32.x86_64_21.0.10.v20260205-0638\jre\bin\server

VM Arguments:
jvm_args: -Dfile.encoding=UTF-8 -Dstdout.encoding=UTF-8 -Dstderr.encoding=UTF-8 -XX:+ShowCodeDetailsInExceptionMessages 
java_command: com.istlgroup.istl_group_crm_backend.IstlGroupCrmBackendApplication
java_class_path (initial): C:\IstlReact\istlReact\istl_group_crm\istl_group_crm_backend\target\classes;C:\Users\sesol\.m2\repository\org\springframework\boot\spring-boot-starter-web\3.4.1\spring-boot-starter-web-3.4.1.jar;C:\Users\sesol\.m2\repository\org\springframework\boot\spring-boot-starter\3.4.1\spring-boot-starter-3.4.1.jar;C:\Users\sesol\.m2\repository\org\springframework\boot\spring-boot-starter-logging\3.4.1\spring-boot-starter-logging-3.4.1.jar;C:\Users\sesol\.m2\repository\ch\qos\logback\logback-classic\1.5.12\logback-classic-1.5.12.jar;C:\Users\sesol\.m2\repository\ch\qos\logback\logback-core\1.5.12\logback-core-1.5.12.jar;C:\Users\sesol\.m2\repository\org\apache\logging\log4j\log4j-to-slf4j\2.24.3\log4j-to-slf4j-2.24.3.jar;C:\Users\sesol\.m2\repository\org\slf4j\jul-to-slf4j\2.0.16\jul-to-slf4j-2.0.16.jar;C:\Users\sesol\.m2\repository\jakarta\annotation\jakarta.annotation-api\2.1.1\jakarta.annotation-api-2.1.1.jar;C:\Users\sesol\.m2\repository\org\yaml\snakeyaml\2.3\snakeyaml-2.3.jar;C:\Users\sesol\.m2\repository\org\springframework\boot\spring-boot-starter-json\3.4.1\spring-boot-starter-json-3.4.1.jar;C:\Users\sesol\.m2\repository\com\fasterxml\jackson\core\jackson-databind\2.18.2\jackson-databind-2.18.2.jar;C:\Users\sesol\.m2\repository\com\fasterxml\jackson\core\jackson-annotations\2.18.2\jackson-annotations-2.18.2.jar;C:\Users\sesol\.m2\repository\com\fasterxml\jackson\core\jackson-core\2.18.2\jackson-core-2.18.2.jar;C:\Users\sesol\.m2\repository\com\fasterxml\jackson\datatype\jackson-datatype-jdk8\2.18.2\jackson-datatype-jdk8-2.18.2.jar;C:\Users\sesol\.m2\repository\com\fasterxml\jackson\datatype\jackson-datatype-jsr310\2.18.2\jackson-datatype-jsr310-2.18.2.jar;C:\Users\sesol\.m2\repository\com\fasterxml\jackson\module\jackson-module-parameter-names\2.18.2\jackson-module-parameter-names-2.18.2.jar;C:\Users\sesol\.m2\repository\org\springframework\boot\spring-boot-starter-tomcat\3.4.1\spring-boot-starter-tomcat-3.4.1.jar;C:\Users\sesol\.m2\repository\org\apache\tomcat\embed\tomcat-embed-core\10.1.34\tomcat-embed-core-10.1.34.jar;C:\Users\sesol\.m2\repository\org\apache\tomcat\embed\tomcat-embed-websocket\10.1.34\tomcat-embed-websocket-10.1.34.jar;C:\Users\sesol\.m2\repository\org\springframework\spring-web\6.2.1\spring-web-6.2.1.jar;C:\Users\sesol\.m2\repository\org\springframework\spring-beans\6.2.1\spring-beans-6.2.1.jar;C:\Users\sesol\.m2\repository\io\micrometer\micrometer-observation\1.14.2\micrometer-observation-1.14.2.jar;C:\Users\sesol\.m2\repository\io\micrometer\micrometer-commons\1.14.2\micrometer-commons-1.14.2.jar;C:\Users\sesol\.m2\repository\org\springframework\spring-webmvc\6.2.1\spring-webmvc-6.2.1.jar;C:\Users\sesol\.m2\repository\org\springframework\spring-context\6.2.1\spring-context-6.2.1.jar;C:\Users\sesol\.m2\repository\org\springframework\spring-expression\6.2.1\spring-expression-6.2.1.jar;C:\Users\sesol\.m2\repository\org\springframework\boot\spring-boot-starter-mail\3.4.1\spring-boot-starter-mail-3.4.1.jar;C:\Users\sesol\.m2\repository\org\springframework\spring-context-support\6.2.1\spring-context-support-6.2.1.jar;C:\Users\sesol\.m2\repository\org\eclipse\angus\jakarta.mail\2.0.3\jakarta.mail-2.0.3.jar;C:\Users\sesol\.m2\repository\jakarta\activation\jakarta.activation-api\2.1.3\jakarta.activation-api-2.1.3.jar;C:\Users\sesol\.m2\repository\org\eclipse\angus\angus-activation\2.0.2\angus-activation-2.0.2.jar;C:\Users\sesol\.m2\repository\org\springframework\boot\spring-boot-starter-security\3.4.1\spring-boot-starter-security-3.4.1.jar;C:\Users\sesol\.m2\repository\org\springframework\spring-aop\6.2.1\spring-aop-6.2.1.jar;C:\Users\sesol\.m2\repository\org\springframework\security\spring-security-config\6.4.2\spring-security-config-6.4.2.jar;C:\Users\sesol\.m2\repository\org\springframework\security\spring-security-core\6.4.2\spring-security-core-6.4.2.jar;C:\Users\sesol\.m2\repository\org\springframework\security\spring-security-crypto\6.4.2\spring-security-crypto-6.4.2.jar;C:\Users\sesol\.m2\repository\org\springframework\security\spring-security-web\6.4.2\spring-security-web-6.4.2.jar;C:\Users\sesol\.m2\repository\org\apache\poi\poi-ooxml\5.2.5\poi-ooxml-5.2.5.jar;C:\Users\sesol\.m2\repository\org\apache\poi\poi\5.2.5\poi-5.2.5.jar;C:\Users\sesol\.m2\repository\commons-codec\commons-codec\1.17.1\commons-codec-1.17.1.jar;C:\Users\sesol\.m2\repository\org\apache\commons\commons-math3\3.6.1\commons-math3-3.6.1.jar;C:\Users\sesol\.m2\repository\com\zaxxer\SparseBitSet\1.3\SparseBitSet-1.3.jar;C:\Users\sesol\.m2\repository\org\apache\poi\poi-ooxml-lite\5.2.5\poi-ooxml-lite-5.2.5.jar;C:\Users\sesol\.m2\repository\org\apache\xmlbeans\xmlbeans\5.2.0\xmlbeans-5.2.0.jar;C:\Users\sesol\.m2\repository\org\apache\commons\commons-compress\1.25.0\commons-compress-1.25.0.jar;C:\Users\sesol\.m2\repository\commons-io\commons-io\2.15.0\commons-io-2.15.0.jar;C:\Users\sesol\.m2\repository\com\github\virtuald\curvesapi\1.08\curvesapi-1.08.jar;C:\Users\sesol\.m2\repository\org\apache\logging\log4j\log4j-api\2.24.3\log4j-api-2.24.3.jar;C:\Users\sesol\.m2\repository\org\apache\commons\commons-collections4\4.4\commons-collections4-4.4.jar;C:\Users\sesol\.m2\repository\org\springframework\boot\spring-boot-starter-webflux\3.4.1\spring-boot-starter-webflux-3.4.1.jar;C:\Users\sesol\.m2\repository\org\springframework\boot\spring-boot-starter-reactor-netty\3.4.1\spring-boot-starter-reactor-netty-3.4.1.jar;C:\Users\sesol\.m2\repository\io\projectreactor\netty\reactor-netty-http\1.2.1\reactor-netty-http-1.2.1.jar;C:\Users\sesol\.m2\repository\io\netty\netty-codec-http\4.1.116.Final\netty-codec-http-4.1.116.Final.jar;C:\Users\sesol\.m2\repository\io\netty\netty-common\4.1.116.Final\netty-common-4.1.116.Final.jar;C:\Users\sesol\.m2\repository\io\netty\netty-buffer\4.1.116.Final\netty-buffer-4.1.116.Final.jar;C:\Users\sesol\.m2\repository\io\netty\netty-transport\4.1.116.Final\netty-transport-4.1.116.Final.jar;C:\Users\sesol\.m2\repository\io\netty\netty-codec\4.1.116.Final\netty-codec-4.1.116.Final.jar;C:\Users\sesol\.m2\repository\io\netty\netty-handler\4.1.116.Final\netty-handler-4.1.116.Final.jar;C:\Users\sesol\.m2\repository\io\netty\netty-codec-http2\4.1.116.Final\netty-codec-http2-4.1.116.Final.jar;C:\Users\sesol\.m2\repository\io\netty\netty-resolver-dns\4.1.116.Final\netty-resolver-dns-4.1.116.Final.jar;C:\Users\sesol\.m2\repository\io\netty\netty-resolver\4.1.116.Final\netty-resolver-4.1.116.Final.jar;C:\Users\sesol\.m2\repository\io\netty\netty-codec-dns\4.1.116.Final\netty-codec-dns-4.1.116.Final.jar;C:\Users\sesol\.m2\repository\io\netty\netty-resolver-dns-native-macos\4.1.116.Final\netty-resolver-dns-native-macos-4.1.116.Final-osx-x86_64.jar;C:\Users\sesol\.m2\repository\io\netty\netty-resolver-dns-classes-macos\4.1.116.Final\netty-resolver-dns-classes-macos-4.1.116.Final.jar;C:\Users\sesol\.m2\repository\io\netty\netty-transport-native-epoll\4.1.116.Final\netty-transport-native-epoll-4.1.116.Final-linux-x86_64.jar;C:\Users\sesol\.m2\repository\io\netty\netty-transport-native-unix-common\4.1.116.Final\netty-transport-native-unix-common-4.1.116.Final.jar;C:\Users\sesol\.m2\repository\io\netty\netty-transport-classes-epoll\4.1.116.Final\netty-transport-classes-epoll-4.1.116.Final.jar;C:\Users\sesol\.m2\repository\io\projectreactor\netty\reactor-netty-core\1.2.1\reactor-netty-core-1.2.1.jar;C:\Users\sesol\.m2\repository\io\netty\netty-handler-proxy\4.1.116.Final\netty-handler-proxy-4.1.116.Final.jar;C:\Users\sesol\.m2\repository\io\netty\netty-codec-socks\4.1.116.Final\netty-codec-socks-4.1.116.Final.jar;C:\Users\sesol\.m2\repository\org\springframework\spring-webflux\6.2.1\spring-webflux-6.2.1.jar;C:\Users\sesol\.m2\repository\io\projectreactor\reactor-core\3.7.1\reactor-core-3.7.1.jar;C:\Users\sesol\.m2\repository\org\reactivestreams\reactive-streams\1.0.4\reactive-streams-1.0.4.jar;C:\Users\sesol\.m2\repository\org\springframework\boot\spring-boot-starter-data-jpa\3.4.1\spring-boot-starter-data-jpa-3.4.1.jar;C:\Users\sesol\.m2\repository\org\springframework\boot\spring-boot-starter-jdbc\3.4.1\spring-boot-starter-jdbc-3.4.1.jar;C:\Users\sesol\.m2\repository\com\zaxxer\HikariCP\5.1.0\HikariCP-5.1.0.jar;C:\Users\sesol\.m2\repository\org\springframework\spring-jdbc\6.2.1\spring-jdbc-6.2.1.jar;C:\Users\sesol\.m2\repository\org\hibernate\orm\hibernate-core\6.6.4.Final\hibernate-core-6.6.4.Final.jar;C:\Users\sesol\.m2\repository\jakarta\persistence\jakarta.persistence-api\3.1.0\jakarta.persistence-api-3.1.0.jar;C:\Users\sesol\.m2\repository\jakarta\transaction\jakarta.transaction-api\2.0.1\jakarta.transaction-api-2.0.1.jar;C:\Users\sesol\.m2\repository\org\jboss\logging\jboss-logging\3.6.1.Final\jboss-logging-3.6.1.Final.jar;C:\Users\sesol\.m2\repository\org\hibernate\common\hibernate-commons-annotations\7.0.3.Final\hibernate-commons-annotations-7.0.3.Final.jar;C:\Users\sesol\.m2\repository\io\smallrye\jandex\3.2.0\jandex-3.2.0.jar;C:\Users\sesol\.m2\repository\com\fasterxml\classmate\1.7.0\classmate-1.7.0.jar;C:\Users\sesol\.m2\repository\net\bytebuddy\byte-buddy\1.15.11\byte-buddy-1.15.11.jar;C:\Users\sesol\.m2\repository\org\glassfish\jaxb\jaxb-runtime\4.0.5\jaxb-runtime-4.0.5.jar;C:\Users\sesol\.m2\repository\org\glassfish\jaxb\jaxb-core\4.0.5\jaxb-core-4.0.5.jar;C:\Users\sesol\.m2\repository\org\glassfish\jaxb\txw2\4.0.5\txw2-4.0.5.jar;C:\Users\sesol\.m2\repository\com\sun\istack\istack-commons-runtime\4.1.2\istack-commons-runtime-4.1.2.jar;C:\Users\sesol\.m2\repository\jakarta\inject\jakarta.inject-api\2.0.1\jakarta.inject-api-2.0.1.jar;C:\Users\sesol\.m2\repository\org\antlr\antlr4-runtime\4.13.0\antlr4-runtime-4.13.0.jar;C:\Users\sesol\.m2\repository\org\springframework\data\spring-data-jpa\3.4.1\spring-data-jpa-3.4.1.jar;C:\Users\sesol\.m2\repository\org\springframework\data\spring-data-commons\3.4.1\spring-data-commons-3.4.1.jar;C:\Users\sesol\.m2\repository\org\springframework\spring-orm\6.2.1\spring-orm-6.2.1.jar;C:\Users\sesol\.m2\repository\org\springframework\spring-tx\6.2.1\spring-tx-6.2.1.jar;C:\Users\sesol\.m2\repository\org\slf4j\slf4j-api\2.0.16\slf4j-api-2.0.16.jar;C:\Users\sesol\.m2\repository\org\springframework\spring-aspects\6.2.1\spring-aspects-6.2.1.jar;C:\Users\sesol\.m2\repository\org\aspectj\aspectjweaver\1.9.22.1\aspectjweaver-1.9.22.1.jar;C:\Users\sesol\.m2\repository\org\springframework\boot\spring-boot-starter-validation\3.4.1\spring-boot-starter-validation-3.4.1.jar;C:\Users\sesol\.m2\repository\org\apache\tomcat\embed\tomcat-embed-el\10.1.34\tomcat-embed-el-10.1.34.jar;C:\Users\sesol\.m2\repository\org\hibernate\validator\hibernate-validator\8.0.2.Final\hibernate-validator-8.0.2.Final.jar;C:\Users\sesol\.m2\repository\jakarta\validation\jakarta.validation-api\3.0.2\jakarta.validation-api-3.0.2.jar;C:\Users\sesol\.m2\repository\com\mysql\mysql-connector-j\9.1.0\mysql-connector-j-9.1.0.jar;C:\Users\sesol\.m2\repository\org\mindrot\jbcrypt\0.4\jbcrypt-0.4.jar;C:\Users\sesol\.m2\repository\org\projectlombok\lombok\1.18.36\lombok-1.18.36.jar;C:\Users\sesol\.m2\repository\org\springframework\boot\spring-boot-devtools\3.4.1\spring-boot-devtools-3.4.1.jar;C:\Users\sesol\.m2\repository\org\springframework\boot\spring-boot\3.4.1\spring-boot-3.4.1.jar;C:\Users\sesol\.m2\repository\org\springframework\boot\spring-boot-autoconfigure\3.4.1\spring-boot-autoconfigure-3.4.1.jar;C:\Users\sesol\.m2\repository\org\springframework\boot\spring-boot-starter-websocket\3.4.1\spring-boot-starter-websocket-3.4.1.jar;C:\Users\sesol\.m2\repository\org\springframework\spring-messaging\6.2.1\spring-messaging-6.2.1.jar;C:\Users\sesol\.m2\repository\org\springframework\spring-websocket\6.2.1\spring-websocket-6.2.1.jar;C:\Users\sesol\.m2\repository\jakarta\xml\bind\jakarta.xml.bind-api\4.0.2\jakarta.xml.bind-api-4.0.2.jar;C:\Users\sesol\.m2\repository\org\springframework\spring-core\6.2.1\spring-core-6.2.1.jar;C:\Users\sesol\.m2\repository\org\springframework\spring-jcl\6.2.1\spring-jcl-6.2.1.jar;C:\Users\sesol\.m2\repository\com\itextpdf\barcodes\7.2.5\barcodes-7.2.5.jar;C:\Users\sesol\.m2\repository\com\itextpdf\font-asian\7.2.5\font-asian-7.2.5.jar;C:\Users\sesol\.m2\repository\com\itextpdf\forms\7.2.5\forms-7.2.5.jar;C:\Users\sesol\.m2\repository\com\itextpdf\hyph\7.2.5\hyph-7.2.5.jar;C:\Users\sesol\.m2\repository\com\itextpdf\io\7.2.5\io-7.2.5.jar;C:\Users\sesol\.m2\repository\com\itextpdf\commons\7.2.5\commons-7.2.5.jar;C:\Users\sesol\.m2\repository\com\itextpdf\kernel\7.2.5\kernel-7.2.5.jar;C:\Users\sesol\.m2\repository\org\bouncycastle\bcpkix-jdk15on\1.70\bcpkix-jdk15on-1.70.jar;C:\Users\sesol\.m2\repository\org\bouncycastle\bcutil-jdk15on\1.70\bcutil-jdk15on-1.70.jar;C:\Users\sesol\.m2\repository\org\bouncycastle\bcprov-jdk15on\1.70\bcprov-jdk15on-1.70.jar;C:\Users\sesol\.m2\repository\com\itextpdf\layout\7.2.5\layout-7.2.5.jar;C:\Users\sesol\.m2\repository\com\itextpdf\pdfa\7.2.5\pdfa-7.2.5.jar;C:\Users\sesol\.m2\repository\com\itextpdf\sign\7.2.5\sign-7.2.5.jar;C:\Users\sesol\.m2\repository\com\itextpdf\styled-xml-parser\7.2.5\styled-xml-parser-7.2.5.jar;C:\Users\sesol\.m2\repository\com\itextpdf\svg\7.2.5\svg-7.2.5.jar
Launcher Type: SUN_STANDARD

[Global flags]
     intx CICompilerCount                          = 12                                        {product} {ergonomic}
     uint ConcGCThreads                            = 3                                         {product} {ergonomic}
     uint G1ConcRefinementThreads                  = 13                                        {product} {ergonomic}
   size_t G1HeapRegionSize                         = 2097152                                   {product} {ergonomic}
    uintx GCDrainStackTargetSize                   = 64                                        {product} {ergonomic}
   size_t InitialHeapSize                          = 264241152                                 {product} {ergonomic}
   size_t MarkStackSize                            = 4194304                                   {product} {ergonomic}
   size_t MaxHeapSize                              = 4206886912                                {product} {ergonomic}
   size_t MaxNewSize                               = 2522873856                                {product} {ergonomic}
   size_t MinHeapDeltaBytes                        = 2097152                                   {product} {ergonomic}
   size_t MinHeapSize                              = 8388608                                   {product} {ergonomic}
    uintx NonNMethodCodeHeapSize                   = 7602480                                {pd product} {ergonomic}
    uintx NonProfiledCodeHeapSize                  = 122027880                              {pd product} {ergonomic}
    uintx ProfiledCodeHeapSize                     = 122027880                              {pd product} {ergonomic}
    uintx ReservedCodeCacheSize                    = 251658240                              {pd product} {ergonomic}
     bool SegmentedCodeCache                       = true                                      {product} {ergonomic}
     bool ShowCodeDetailsInExceptionMessages       = true                                   {manageable} {command line}
   size_t SoftMaxHeapSize                          = 4206886912                             {manageable} {ergonomic}
     bool UseCompressedOops                        = true                           {product lp64_product} {ergonomic}
     bool UseG1GC                                  = true                                      {product} {ergonomic}
     bool UseLargePagesIndividualAllocation        = false                                  {pd product} {ergonomic}

Logging:
Log output configuration:
 #0: stdout all=warning uptime,level,tags foldmultilines=false
 #1: stderr all=off uptime,level,tags foldmultilines=false

Release file:
JAVA_VERSION="21.0.10" 
MODULES="java.base java.compiler java.datatransfer java.xml java.prefs java.desktop java.instrument java.logging java.management java.security.sasl java.naming java.rmi java.management.rmi java.net.http java.scripting java.security.jgss java.transaction.xa java.sql java.sql.rowset java.xml.crypto java.se java.smartcardio jdk.accessibility jdk.internal.jvmstat jdk.attach jdk.charsets jdk.internal.opt jdk.zipfs jdk.compiler jdk.crypto.ec jdk.crypto.cryptoki jdk.crypto.mscapi jdk.dynalink jdk.internal.ed jdk.editpad jdk.hotspot.agent jdk.httpserver jdk.internal.le jdk.internal.vm.ci jdk.internal.vm.compiler jdk.internal.vm.compiler.management jdk.jartool jdk.javadoc jdk.jcmd jdk.management jdk.management.agent jdk.jconsole jdk.jdeps jdk.jdwp.agent jdk.jdi jdk.jfr jdk.jshell jdk.jsobject jdk.jstatd jdk.localedata jdk.management.jfr jdk.naming.dns jdk.naming.rmi jdk.net jdk.nio.mapmode jdk.random jdk.sctp jdk.security.auth jdk.security.jgss jdk.unsupported jdk.unsupported.desktop jdk.xml.dom" 

Environment Variables:
JAVA_HOME=C:\Program Files\Java\jdk-21.0.10
PATH=C:/Users/sesol/.p2/pool/plugins/org.eclipse.justj.openjdk.hotspot.jre.full.win32.x86_64_21.0.10.v20260205-0638/jre/bin/server;C:/Users/sesol/.p2/pool/plugins/org.eclipse.justj.openjdk.hotspot.jre.full.win32.x86_64_21.0.10.v20260205-0638/jre/bin;C:\Program Files\Common Files\Oracle\Java\javapath;C:\Windows\system32;C:\Windows;C:\Windows\System32\Wbem;C:\Windows\System32\WindowsPowerShell\v1.0\;C:\Windows\System32\OpenSSH\;C:\Program Files\Git\cmd;C:\Program Files\nodejs\;C:\Program Files\Java\jdk-21.0.10\bin;C:\Program Files\MySQL\MySQL Shell 8.0\bin\;C:\Users\sesol\AppData\Local\Microsoft\WindowsApps;C:\Users\sesol\AppData\Local\Programs\Microsoft VS Code\bin;C:\Users\sesol\AppData\Roaming\npm;C:\Users\sesol\eclipse\java-2026-03\eclipse;
USERNAME=sesol
OS=Windows_NT
PROCESSOR_IDENTIFIER=Intel64 Family 6 Model 186 Stepping 2, GenuineIntel
TMP=C:\Users\sesol\AppData\Local\Temp
TEMP=C:\Users\sesol\AppData\Local\Temp




Periodic native trim disabled

---------------  S Y S T E M  ---------------

OS:
 Windows 11 , 64 bit Build 26100 (10.0.26100.8521)
OS uptime: 21 days 20:31 hours
Hyper-V role detected

CPU: total 16 (initial active 16) (8 cores per cpu, 2 threads per core) family 6 model 186 stepping 2 microcode 0x6134, cx8, cmov, fxsr, ht, mmx, 3dnowpref, sse, sse2, sse3, ssse3, sse4.1, sse4.2, popcnt, lzcnt, tsc, tscinvbit, avx, avx2, aes, erms, clmul, bmi1, bmi2, adx, sha, fma, vzeroupper, clflush, clflushopt, clwb, hv, serialize, rdtscp, rdpid, fsrm, f16c, cet_ibt, cet_ss
Processor Information for processor 0
  Max Mhz: 2400, Current Mhz: 1520, Mhz Limit: 2400
Processor Information for processor 1
  Max Mhz: 2400, Current Mhz: 1520, Mhz Limit: 2400
Processor Information for processor 2
  Max Mhz: 2400, Current Mhz: 2400, Mhz Limit: 2400
Processor Information for processor 3
  Max Mhz: 2400, Current Mhz: 1520, Mhz Limit: 2400
Processor Information for processor 4
  Max Mhz: 2400, Current Mhz: 2400, Mhz Limit: 2400
Processor Information for processor 5
  Max Mhz: 2400, Current Mhz: 2400, Mhz Limit: 2400
Processor Information for processor 6
  Max Mhz: 2400, Current Mhz: 2400, Mhz Limit: 2400
Processor Information for processor 7
  Max Mhz: 2400, Current Mhz: 2400, Mhz Limit: 2400
Processor Information for processor 8
  Max Mhz: 2400, Current Mhz: 1520, Mhz Limit: 2400
Processor Information for processor 9
  Max Mhz: 2400, Current Mhz: 2400, Mhz Limit: 2400
Processor Information for processor 10
  Max Mhz: 2400, Current Mhz: 2400, Mhz Limit: 2400
Processor Information for processor 11
  Max Mhz: 2400, Current Mhz: 1520, Mhz Limit: 2400
Processor Information for processor 12
  Max Mhz: 2400, Current Mhz: 1466, Mhz Limit: 2400
Processor Information for processor 13
  Max Mhz: 2400, Current Mhz: 1466, Mhz Limit: 2400
Processor Information for processor 14
  Max Mhz: 2400, Current Mhz: 1466, Mhz Limit: 2400
Processor Information for processor 15
  Max Mhz: 2400, Current Mhz: 2400, Mhz Limit: 2400

Memory: 4k page, system-wide physical 16044M (2215M free)
TotalPageFile size 57608M (AvailPageFile size 66M)
current process WorkingSet (physical memory assigned to process): 894M, peak: 894M
current process commit charge ("private bytes"): 1011M, peak: 1677M

vm_info: OpenJDK 64-Bit Server VM (21.0.10+7-LTS) for windows-amd64 JRE (21.0.10+7-LTS), built on 2026-01-20T00:00:00Z by "admin" with MS VC++ 17.12 (VS2022)

END.
