#
# There is insufficient memory for the Java Runtime Environment to continue.
# Native memory allocation (mmap) failed to map 553648128 bytes for G1 virtual space
# Possible reasons:
#   The system is out of physical RAM or swap space
#   The process is running with CompressedOops enabled, and the Java Heap may be blocking the growth of the native heap
# Possible solutions:
#   Reduce memory load on the system
#   Increase physical memory or swap space
#   Check if swap backing store is full
#   Decrease Java heap size (-Xmx/-Xms)
#   Decrease number of Java threads
#   Decrease Java thread stack sizes (-Xss)
#   Set larger code cache with -XX:ReservedCodeCacheSize=
#   JVM is running with Zero Based Compressed Oops mode in which the Java heap is
#     placed in the first 32GB address space. The Java Heap base address is the
#     maximum limit for the native heap growth. Please use -XX:HeapBaseMinAddress
#     to set the Java Heap base and to place the Java Heap above 32GB virtual address.
# This output file may be truncated or incomplete.
#
#  Out of Memory Error (os_windows.cpp:3604), pid=14872, tid=28480
#
# JRE version: Java(TM) SE Runtime Environment (21.0.10+8) (build 21.0.10+8-LTS-217)
# Java VM: Java HotSpot(TM) 64-Bit Server VM (21.0.10+8-LTS-217, mixed mode, sharing, tiered, compressed oops, compressed class ptrs, g1 gc, windows-amd64)
# No core dump will be written. Minidumps are not enabled by default on client versions of Windows
#

---------------  S U M M A R Y ------------

Command Line: --enable-native-access=ALL-UNNAMED -Dclassworlds.conf=C:\Users\sesol\.m2\wrapper\dists\apache-maven-3.9.12\59fe215c0ad6947fea90184bf7add084544567b927287592651fda3782e0e798\bin\m2.conf -Dmaven.home=C:\Users\sesol\.m2\wrapper\dists\apache-maven-3.9.12\59fe215c0ad6947fea90184bf7add084544567b927287592651fda3782e0e798 -Dlibrary.jansi.path=C:\Users\sesol\.m2\wrapper\dists\apache-maven-3.9.12\59fe215c0ad6947fea90184bf7add084544567b927287592651fda3782e0e798\lib\jansi-native -Dmaven.multiModuleProjectDirectory=C:\IstlReact\istlReact\istl_group_crm\Istl_group_crm_backend org.codehaus.plexus.classworlds.launcher.Launcher clean install

Host: 13th Gen Intel(R) Core(TM) i7-13620H, 16 cores, 15G,  Windows 11 , 64 bit Build 26100 (10.0.26100.9444)
Time: Sat Sep 26 16:49:04 2026 India Standard Time elapsed time: 14.349572 seconds (0d 0h 0m 14s)

---------------  T H R E A D  ---------------

Current thread (0x00000170c430a770):  VMThread "VM Thread"          [id=28480, stack(0x0000004d9e500000,0x0000004d9e600000) (1024K)]

Stack: [0x0000004d9e500000,0x0000004d9e600000]
Native frames: (J=compiled Java code, j=interpreted, Vv=VM code, C=native code)
V  [jvm.dll+0x6d0b59]
V  [jvm.dll+0x85fd56]
V  [jvm.dll+0x86224e]
V  [jvm.dll+0x862923]
V  [jvm.dll+0x282a16]
V  [jvm.dll+0x6cd405]
V  [jvm.dll+0x6c1f8a]
V  [jvm.dll+0x35bcc8]
V  [jvm.dll+0x363986]
V  [jvm.dll+0x3b4a3e]
V  [jvm.dll+0x3b4ce8]
V  [jvm.dll+0x32f98c]
V  [jvm.dll+0x32fa17]
V  [jvm.dll+0x373c9c]
V  [jvm.dll+0x372441]
V  [jvm.dll+0x32f0d1]
V  [jvm.dll+0x371aaa]
V  [jvm.dll+0x86861f]
V  [jvm.dll+0x8699ac]
V  [jvm.dll+0x869ee1]
V  [jvm.dll+0x86a183]
V  [jvm.dll+0x80a83d]
V  [jvm.dll+0x6cf3fd]
C  [ucrtbase.dll+0x2cd30]
C  [KERNEL32.DLL+0x2cd87]
C  [ntdll.dll+0xacaec]

VM_Operation (0x0000004d9defcc90): G1CollectForAllocation, mode: safepoint, requested by thread 0x00000170a23e2190


---------------  P R O C E S S  ---------------

Threads class SMR info:
_java_thread_list=0x000001710be19190, length=16, elements={
0x00000170a23e2190, 0x00000170c4329b50, 0x00000170c432a3c0, 0x00000170c432ea50,
0x00000170c44801c0, 0x00000170c4335880, 0x00000170c43337b0, 0x00000170c4481680,
0x00000170c43488b0, 0x00000170c4536520, 0x00000170c45f1570, 0x00000170c43365a0,
0x00000170c43344d0, 0x00000170c4333e40, 0x000001710c3498a0, 0x000001710a95c310
}

Java Threads: ( => current thread )
  0x00000170a23e2190 JavaThread "main"                              [_thread_blocked, id=20660, stack(0x0000004d9de00000,0x0000004d9df00000) (1024K)]
  0x00000170c4329b50 JavaThread "Reference Handler"          daemon [_thread_blocked, id=28260, stack(0x0000004d9e600000,0x0000004d9e700000) (1024K)]
  0x00000170c432a3c0 JavaThread "Finalizer"                  daemon [_thread_blocked, id=24740, stack(0x0000004d9e700000,0x0000004d9e800000) (1024K)]
  0x00000170c432ea50 JavaThread "Signal Dispatcher"          daemon [_thread_blocked, id=25224, stack(0x0000004d9e800000,0x0000004d9e900000) (1024K)]
  0x00000170c44801c0 JavaThread "Attach Listener"            daemon [_thread_blocked, id=23844, stack(0x0000004d9e900000,0x0000004d9ea00000) (1024K)]
  0x00000170c4335880 JavaThread "Service Thread"             daemon [_thread_blocked, id=20732, stack(0x0000004d9ea00000,0x0000004d9eb00000) (1024K)]
  0x00000170c43337b0 JavaThread "Monitor Deflation Thread"   daemon [_thread_blocked, id=13372, stack(0x0000004d9eb00000,0x0000004d9ec00000) (1024K)]
  0x00000170c4481680 JavaThread "C2 CompilerThread0"         daemon [_thread_blocked, id=19164, stack(0x0000004d9ec00000,0x0000004d9ed00000) (1024K)]
  0x00000170c43488b0 JavaThread "C1 CompilerThread0"         daemon [_thread_blocked, id=2948, stack(0x0000004d9ed00000,0x0000004d9ee00000) (1024K)]
  0x00000170c4536520 JavaThread "C1 CompilerThread1"         daemon [_thread_blocked, id=15704, stack(0x0000004d9ee00000,0x0000004d9ef00000) (1024K)]
  0x00000170c45f1570 JavaThread "C1 CompilerThread2"         daemon [_thread_blocked, id=2056, stack(0x0000004d9ef00000,0x0000004d9f000000) (1024K)]
  0x00000170c43365a0 JavaThread "Notification Thread"        daemon [_thread_blocked, id=1128, stack(0x0000004d9f000000,0x0000004d9f100000) (1024K)]
  0x00000170c43344d0 JavaThread "Common-Cleaner"             daemon [_thread_blocked, id=22532, stack(0x0000004d9f100000,0x0000004d9f200000) (1024K)]
  0x00000170c4333e40 JavaThread "Thread-1"                   daemon [_thread_blocked, id=23812, stack(0x0000004d9fd00000,0x0000004d9fe00000) (1024K)]
  0x000001710c3498a0 JavaThread "C2 CompilerThread1"         daemon [_thread_blocked, id=27548, stack(0x0000004da0100000,0x0000004da0200000) (1024K)]
  0x000001710a95c310 JavaThread "C1 CompilerThread3"         daemon [_thread_blocked, id=24084, stack(0x0000004da0200000,0x0000004da0300000) (1024K)]
Total: 16

Other Threads:
=>0x00000170c430a770 VMThread "VM Thread"                           [id=28480, stack(0x0000004d9e500000,0x0000004d9e600000) (1024K)]
  0x00000170c42f8070 WatcherThread "VM Periodic Task Thread"        [id=27684, stack(0x0000004d9e400000,0x0000004d9e500000) (1024K)]
  0x00000170a484e7a0 WorkerThread "GC Thread#0"                     [id=11604, stack(0x0000004d9df00000,0x0000004d9e000000) (1024K)]
  0x000001710a41f4d0 WorkerThread "GC Thread#1"                     [id=23912, stack(0x0000004d9f400000,0x0000004d9f500000) (1024K)]
  0x000001710a800080 WorkerThread "GC Thread#2"                     [id=8752, stack(0x0000004d9f500000,0x0000004d9f600000) (1024K)]
  0x000001710a800430 WorkerThread "GC Thread#3"                     [id=7128, stack(0x0000004d9f600000,0x0000004d9f700000) (1024K)]
  0x000001710a8007e0 WorkerThread "GC Thread#4"                     [id=23292, stack(0x0000004d9f700000,0x0000004d9f800000) (1024K)]
  0x000001710a187e20 WorkerThread "GC Thread#5"                     [id=26888, stack(0x0000004d9f800000,0x0000004d9f900000) (1024K)]
  0x000001710a7e6ee0 WorkerThread "GC Thread#6"                     [id=20312, stack(0x0000004d9f900000,0x0000004d9fa00000) (1024K)]
  0x000001710a7e76a0 WorkerThread "GC Thread#7"                     [id=26220, stack(0x0000004d9fa00000,0x0000004d9fb00000) (1024K)]
  0x000001710a9967f0 WorkerThread "GC Thread#8"                     [id=1044, stack(0x0000004d9fb00000,0x0000004d9fc00000) (1024K)]
  0x000001710aa44dd0 WorkerThread "GC Thread#9"                     [id=14860, stack(0x0000004d9fc00000,0x0000004d9fd00000) (1024K)]
  0x000001710b741da0 WorkerThread "GC Thread#10"                    [id=12840, stack(0x0000004d9fe00000,0x0000004d9ff00000) (1024K)]
  0x000001710b741290 WorkerThread "GC Thread#11"                    [id=16480, stack(0x0000004d9ff00000,0x0000004da0000000) (1024K)]
  0x000001710b7419f0 WorkerThread "GC Thread#12"                    [id=968, stack(0x0000004da0000000,0x0000004da0100000) (1024K)]
  0x00000170a485f560 ConcurrentGCThread "G1 Main Marker"            [id=10040, stack(0x0000004d9e000000,0x0000004d9e100000) (1024K)]
  0x00000170a4860be0 WorkerThread "G1 Conc#0"                       [id=23252, stack(0x0000004d9e100000,0x0000004d9e200000) (1024K)]
  0x000001710b742150 WorkerThread "G1 Conc#1"                       [id=21460, stack(0x0000004d9f200000,0x0000004d9f300000) (1024K)]
  0x000001710b740b30 WorkerThread "G1 Conc#2"                       [id=22860, stack(0x0000004d9f300000,0x0000004d9f400000) (1024K)]
  0x00000170c41baea0 ConcurrentGCThread "G1 Refine#0"               [id=15280, stack(0x0000004d9e200000,0x0000004d9e300000) (1024K)]
  0x00000170c41bb540 ConcurrentGCThread "G1 Service"                [id=26124, stack(0x0000004d9e300000,0x0000004d9e400000) (1024K)]
Total: 21

Threads with active compile tasks:
C2 CompilerThread0    14375 11612       4       java.lang.invoke.MethodType::makeImpl (109 bytes)
C2 CompilerThread1    14375 11588       4       com.sun.tools.javac.tree.JCTree$JCNewClass::accept (6 bytes)
Total: 2

VM state: at safepoint (normal execution)

VM Mutex/Monitor currently owned by a thread:  ([mutex/lock_event])
[0x00007fff0fea9f10] Threads_lock - owner thread: 0x00000170c430a770
[0x00007fff0feaa010] Heap_lock - owner thread: 0x00000170a23e2190

Heap address: 0x0000000705400000, size: 4012 MB, Compressed Oops mode: Zero based, Oop shift amount: 3

CDS archive(s) mapped at: [0x00000170c5000000-0x00000170c5c90000-0x00000170c5c90000), size 13172736, SharedBaseAddress: 0x00000170c5000000, ArchiveRelocationMode: 1.
Compressed class space mapped at: 0x00000170c6000000-0x0000017106000000, reserved size: 1073741824
Narrow klass base: 0x00000170c5000000, Narrow klass shift: 0, Narrow klass range: 0x100000000

GC Precious Log:
 CardTable entry size: 512
 Card Set container configuration: InlinePtr #cards 4 size 8 Array Of Cards #cards 16 size 48 Howl #buckets 8 coarsen threshold 3686 Howl Bitmap #cards 512 size 80 coarsen threshold 460 Card regions per heap region 1 cards per card region 4096
 CPUs: 16 total, 16 available
 Memory: 16044M
 Large Page Support: Disabled
 NUMA Support: Disabled
 Compressed Oops: Enabled (Zero based)
 Heap Region Size: 2M
 Heap Min Capacity: 8M
 Heap Initial Capacity: 252M
 Heap Max Capacity: 4012M
 Pre-touch: Disabled
 Parallel Workers: 13
 Concurrent Workers: 3
 Concurrent Refinement Workers: 13
 Periodic GC: Disabled

Heap:
 garbage-first heap   total 833536K, used 435290K [0x0000000705400000, 0x0000000800000000)
  region size 2048K, 6 young (12288K), 6 survivors (12288K)
 Metaspace       used 34876K, committed 35456K, reserved 1114112K
  class space    used 3852K, committed 4160K, reserved 1048576K

Heap Regions: E=young(eden), S=young(survivor), O=old, HS=humongous(starts), HC=humongous(continues), CS=collection set, F=free, TAMS=top-at-mark-start, PB=parsable bottom
|   0|0x0000000705400000, 0x0000000705600000, 0x0000000705600000|100%| O|  |TAMS 0x0000000705600000| PB 0x0000000705400000| Untracked 
|   1|0x0000000705600000, 0x0000000705800000, 0x0000000705800000|100%| O|  |TAMS 0x0000000705800000| PB 0x0000000705600000| Untracked 
|   2|0x0000000705800000, 0x0000000705a00000, 0x0000000705a00000|100%| O|  |TAMS 0x0000000705a00000| PB 0x0000000705800000| Untracked 
|   3|0x0000000705a00000, 0x0000000705c00000, 0x0000000705c00000|100%| O|  |TAMS 0x0000000705c00000| PB 0x0000000705a00000| Untracked 
|   4|0x0000000705c00000, 0x0000000705e00000, 0x0000000705e00000|100%| O|  |TAMS 0x0000000705e00000| PB 0x0000000705c00000| Untracked 
|   5|0x0000000705e00000, 0x0000000706000000, 0x0000000706000000|100%| O|  |TAMS 0x0000000706000000| PB 0x0000000705e00000| Untracked 
|   6|0x0000000706000000, 0x0000000706200000, 0x0000000706200000|100%| O|  |TAMS 0x0000000706200000| PB 0x0000000706000000| Untracked 
|   7|0x0000000706200000, 0x0000000706400000, 0x0000000706400000|100%| O|  |TAMS 0x0000000706400000| PB 0x0000000706200000| Untracked 
|   8|0x0000000706400000, 0x0000000706600000, 0x0000000706600000|100%|HS|  |TAMS 0x0000000706600000| PB 0x0000000706400000| Complete 
|   9|0x0000000706600000, 0x0000000706800000, 0x0000000706800000|100%|HC|  |TAMS 0x0000000706800000| PB 0x0000000706600000| Complete 
|  10|0x0000000706800000, 0x0000000706a00000, 0x0000000706a00000|100%|HS|  |TAMS 0x0000000706a00000| PB 0x0000000706800000| Complete 
|  11|0x0000000706a00000, 0x0000000706c00000, 0x0000000706c00000|100%|HC|  |TAMS 0x0000000706c00000| PB 0x0000000706a00000| Complete 
|  12|0x0000000706c00000, 0x0000000706e00000, 0x0000000706e00000|100%|HS|  |TAMS 0x0000000706e00000| PB 0x0000000706c00000| Complete 
|  13|0x0000000706e00000, 0x0000000707000000, 0x0000000707000000|100%|HS|  |TAMS 0x0000000707000000| PB 0x0000000706e00000| Complete 
|  14|0x0000000707000000, 0x0000000707200000, 0x0000000707200000|100%|HC|  |TAMS 0x0000000707200000| PB 0x0000000707000000| Complete 
|  15|0x0000000707200000, 0x0000000707400000, 0x0000000707400000|100%| O|  |TAMS 0x0000000707400000| PB 0x0000000707200000| Untracked 
|  16|0x0000000707400000, 0x0000000707600000, 0x0000000707600000|100%| O|  |TAMS 0x0000000707600000| PB 0x0000000707400000| Untracked 
|  17|0x0000000707600000, 0x0000000707800000, 0x0000000707800000|100%| O|  |TAMS 0x0000000707800000| PB 0x0000000707600000| Untracked 
|  18|0x0000000707800000, 0x0000000707a00000, 0x0000000707a00000|100%| O|  |TAMS 0x0000000707a00000| PB 0x0000000707800000| Untracked 
|  19|0x0000000707a00000, 0x0000000707c00000, 0x0000000707c00000|100%| O|  |TAMS 0x0000000707c00000| PB 0x0000000707a00000| Untracked 
|  20|0x0000000707c00000, 0x0000000707e00000, 0x0000000707e00000|100%| O|  |TAMS 0x0000000707e00000| PB 0x0000000707c00000| Untracked 
|  21|0x0000000707e00000, 0x0000000708000000, 0x0000000708000000|100%| O|  |TAMS 0x0000000708000000| PB 0x0000000707e00000| Untracked 
|  22|0x0000000708000000, 0x0000000708200000, 0x0000000708200000|100%|HS|  |TAMS 0x0000000708200000| PB 0x0000000708000000| Complete 
|  23|0x0000000708200000, 0x0000000708400000, 0x0000000708400000|100%|HC|  |TAMS 0x0000000708400000| PB 0x0000000708200000| Complete 
|  24|0x0000000708400000, 0x0000000708600000, 0x0000000708600000|100%| O|  |TAMS 0x0000000708600000| PB 0x0000000708400000| Untracked 
|  25|0x0000000708600000, 0x0000000708800000, 0x0000000708800000|100%| O|  |TAMS 0x0000000708800000| PB 0x0000000708600000| Untracked 
|  26|0x0000000708800000, 0x0000000708a00000, 0x0000000708a00000|100%| O|  |TAMS 0x0000000708a00000| PB 0x0000000708800000| Untracked 
|  27|0x0000000708a00000, 0x0000000708c00000, 0x0000000708c00000|100%| O|  |TAMS 0x0000000708c00000| PB 0x0000000708a00000| Untracked 
|  28|0x0000000708c00000, 0x0000000708e00000, 0x0000000708e00000|100%| O|  |TAMS 0x0000000708e00000| PB 0x0000000708c00000| Untracked 
|  29|0x0000000708e00000, 0x0000000709000000, 0x0000000709000000|100%| O|  |TAMS 0x0000000709000000| PB 0x0000000708e00000| Untracked 
|  30|0x0000000709000000, 0x0000000709200000, 0x0000000709200000|100%| O|  |TAMS 0x0000000709200000| PB 0x0000000709000000| Untracked 
|  31|0x0000000709200000, 0x0000000709400000, 0x0000000709400000|100%| O|  |TAMS 0x0000000709400000| PB 0x0000000709200000| Untracked 
|  32|0x0000000709400000, 0x0000000709600000, 0x0000000709600000|100%| O|  |TAMS 0x0000000709600000| PB 0x0000000709400000| Untracked 
|  33|0x0000000709600000, 0x0000000709800000, 0x0000000709800000|100%| O|  |TAMS 0x0000000709800000| PB 0x0000000709600000| Untracked 
|  34|0x0000000709800000, 0x0000000709a00000, 0x0000000709a00000|100%| O|  |TAMS 0x0000000709a00000| PB 0x0000000709800000| Untracked 
|  35|0x0000000709a00000, 0x0000000709c00000, 0x0000000709c00000|100%| O|  |TAMS 0x0000000709c00000| PB 0x0000000709a00000| Untracked 
|  36|0x0000000709c00000, 0x0000000709e00000, 0x0000000709e00000|100%| O|  |TAMS 0x0000000709e00000| PB 0x0000000709c00000| Untracked 
|  37|0x0000000709e00000, 0x000000070a000000, 0x000000070a000000|100%| O|  |TAMS 0x000000070a000000| PB 0x0000000709e00000| Untracked 
|  38|0x000000070a000000, 0x000000070a200000, 0x000000070a200000|100%| O|  |TAMS 0x000000070a200000| PB 0x000000070a000000| Untracked 
|  39|0x000000070a200000, 0x000000070a400000, 0x000000070a400000|100%| O|  |TAMS 0x000000070a400000| PB 0x000000070a200000| Untracked 
|  40|0x000000070a400000, 0x000000070a600000, 0x000000070a600000|100%| O|  |TAMS 0x000000070a600000| PB 0x000000070a400000| Untracked 
|  41|0x000000070a600000, 0x000000070a800000, 0x000000070a800000|100%| O|  |TAMS 0x000000070a800000| PB 0x000000070a600000| Untracked 
|  42|0x000000070a800000, 0x000000070aa00000, 0x000000070aa00000|100%| O|  |TAMS 0x000000070aa00000| PB 0x000000070a800000| Untracked 
|  43|0x000000070aa00000, 0x000000070ac00000, 0x000000070ac00000|100%| O|  |TAMS 0x000000070ac00000| PB 0x000000070aa00000| Untracked 
|  44|0x000000070ac00000, 0x000000070ae00000, 0x000000070ae00000|100%| O|  |TAMS 0x000000070ae00000| PB 0x000000070ac00000| Untracked 
|  45|0x000000070ae00000, 0x000000070b000000, 0x000000070b000000|100%| O|  |TAMS 0x000000070b000000| PB 0x000000070ae00000| Untracked 
|  46|0x000000070b000000, 0x000000070b200000, 0x000000070b200000|100%| O|  |TAMS 0x000000070b200000| PB 0x000000070b000000| Untracked 
|  47|0x000000070b200000, 0x000000070b400000, 0x000000070b400000|100%| O|  |TAMS 0x000000070b400000| PB 0x000000070b200000| Untracked 
|  48|0x000000070b400000, 0x000000070b600000, 0x000000070b600000|100%| O|  |TAMS 0x000000070b600000| PB 0x000000070b400000| Untracked 
|  49|0x000000070b600000, 0x000000070b800000, 0x000000070b800000|100%| O|  |TAMS 0x000000070b800000| PB 0x000000070b600000| Untracked 
|  50|0x000000070b800000, 0x000000070ba00000, 0x000000070ba00000|100%| O|  |TAMS 0x000000070ba00000| PB 0x000000070b800000| Untracked 
|  51|0x000000070ba00000, 0x000000070bc00000, 0x000000070bc00000|100%| O|  |TAMS 0x000000070bc00000| PB 0x000000070ba00000| Untracked 
|  52|0x000000070bc00000, 0x000000070be00000, 0x000000070be00000|100%| O|  |TAMS 0x000000070be00000| PB 0x000000070bc00000| Untracked 
|  53|0x000000070be00000, 0x000000070c000000, 0x000000070c000000|100%| O|  |TAMS 0x000000070c000000| PB 0x000000070be00000| Untracked 
|  54|0x000000070c000000, 0x000000070c200000, 0x000000070c200000|100%| O|  |TAMS 0x000000070c200000| PB 0x000000070c000000| Untracked 
|  55|0x000000070c200000, 0x000000070c400000, 0x000000070c400000|100%| O|  |TAMS 0x000000070c400000| PB 0x000000070c200000| Untracked 
|  56|0x000000070c400000, 0x000000070c600000, 0x000000070c600000|100%| O|  |TAMS 0x000000070c600000| PB 0x000000070c400000| Untracked 
|  57|0x000000070c600000, 0x000000070c800000, 0x000000070c800000|100%| O|  |TAMS 0x000000070c800000| PB 0x000000070c600000| Untracked 
|  58|0x000000070c800000, 0x000000070ca00000, 0x000000070ca00000|100%| O|  |TAMS 0x000000070ca00000| PB 0x000000070c800000| Untracked 
|  59|0x000000070ca00000, 0x000000070cc00000, 0x000000070cc00000|100%| O|  |TAMS 0x000000070cc00000| PB 0x000000070ca00000| Untracked 
|  60|0x000000070cc00000, 0x000000070ce00000, 0x000000070ce00000|100%| O|  |TAMS 0x000000070ce00000| PB 0x000000070cc00000| Untracked 
|  61|0x000000070ce00000, 0x000000070d000000, 0x000000070d000000|100%| O|  |TAMS 0x000000070d000000| PB 0x000000070ce00000| Untracked 
|  62|0x000000070d000000, 0x000000070d200000, 0x000000070d200000|100%| O|  |TAMS 0x000000070d200000| PB 0x000000070d000000| Untracked 
|  63|0x000000070d200000, 0x000000070d400000, 0x000000070d400000|100%| O|  |TAMS 0x000000070d400000| PB 0x000000070d200000| Untracked 
|  64|0x000000070d400000, 0x000000070d600000, 0x000000070d600000|100%| O|  |TAMS 0x000000070d600000| PB 0x000000070d400000| Untracked 
|  65|0x000000070d600000, 0x000000070d800000, 0x000000070d800000|100%| O|  |TAMS 0x000000070d800000| PB 0x000000070d600000| Untracked 
|  66|0x000000070d800000, 0x000000070da00000, 0x000000070da00000|100%| O|  |TAMS 0x000000070da00000| PB 0x000000070d800000| Untracked 
|  67|0x000000070da00000, 0x000000070dc00000, 0x000000070dc00000|100%| O|  |TAMS 0x000000070dc00000| PB 0x000000070da00000| Untracked 
|  68|0x000000070dc00000, 0x000000070de00000, 0x000000070de00000|100%| O|  |TAMS 0x000000070de00000| PB 0x000000070dc00000| Untracked 
|  69|0x000000070de00000, 0x000000070e000000, 0x000000070e000000|100%| O|  |TAMS 0x000000070e000000| PB 0x000000070de00000| Untracked 
|  70|0x000000070e000000, 0x000000070e200000, 0x000000070e200000|100%| O|  |TAMS 0x000000070e200000| PB 0x000000070e000000| Untracked 
|  71|0x000000070e200000, 0x000000070e400000, 0x000000070e400000|100%| O|  |TAMS 0x000000070e400000| PB 0x000000070e200000| Untracked 
|  72|0x000000070e400000, 0x000000070e600000, 0x000000070e600000|100%| O|  |TAMS 0x000000070e600000| PB 0x000000070e400000| Untracked 
|  73|0x000000070e600000, 0x000000070e800000, 0x000000070e800000|100%| O|  |TAMS 0x000000070e800000| PB 0x000000070e600000| Untracked 
|  74|0x000000070e800000, 0x000000070ea00000, 0x000000070ea00000|100%| O|  |TAMS 0x000000070ea00000| PB 0x000000070e800000| Untracked 
|  75|0x000000070ea00000, 0x000000070ec00000, 0x000000070ec00000|100%|HS|  |TAMS 0x000000070ec00000| PB 0x000000070ea00000| Complete 
|  76|0x000000070ec00000, 0x000000070ee00000, 0x000000070ee00000|100%|HS|  |TAMS 0x000000070ee00000| PB 0x000000070ec00000| Complete 
|  77|0x000000070ee00000, 0x000000070f000000, 0x000000070f000000|100%| O|  |TAMS 0x000000070f000000| PB 0x000000070ee00000| Untracked 
|  78|0x000000070f000000, 0x000000070f200000, 0x000000070f200000|100%| O|  |TAMS 0x000000070f200000| PB 0x000000070f000000| Untracked 
|  79|0x000000070f200000, 0x000000070f400000, 0x000000070f400000|100%| O|  |TAMS 0x000000070f400000| PB 0x000000070f200000| Untracked 
|  80|0x000000070f400000, 0x000000070f600000, 0x000000070f600000|100%| O|  |TAMS 0x000000070f600000| PB 0x000000070f400000| Untracked 
|  81|0x000000070f600000, 0x000000070f800000, 0x000000070f800000|100%|HS|  |TAMS 0x000000070f800000| PB 0x000000070f600000| Complete 
|  82|0x000000070f800000, 0x000000070fa00000, 0x000000070fa00000|100%|HC|  |TAMS 0x000000070fa00000| PB 0x000000070f800000| Complete 
|  83|0x000000070fa00000, 0x000000070fc00000, 0x000000070fc00000|100%|HS|  |TAMS 0x000000070fc00000| PB 0x000000070fa00000| Complete 
|  84|0x000000070fc00000, 0x000000070fe00000, 0x000000070fe00000|100%|HC|  |TAMS 0x000000070fe00000| PB 0x000000070fc00000| Complete 
|  85|0x000000070fe00000, 0x0000000710000000, 0x0000000710000000|100%| O|  |TAMS 0x0000000710000000| PB 0x000000070fe00000| Untracked 
|  86|0x0000000710000000, 0x0000000710200000, 0x0000000710200000|100%| O|  |TAMS 0x0000000710200000| PB 0x0000000710000000| Untracked 
|  87|0x0000000710200000, 0x0000000710400000, 0x0000000710400000|100%| O|  |TAMS 0x0000000710400000| PB 0x0000000710200000| Untracked 
|  88|0x0000000710400000, 0x0000000710600000, 0x0000000710600000|100%| O|  |TAMS 0x0000000710600000| PB 0x0000000710400000| Untracked 
|  89|0x0000000710600000, 0x0000000710800000, 0x0000000710800000|100%|HS|  |TAMS 0x0000000710800000| PB 0x0000000710600000| Complete 
|  90|0x0000000710800000, 0x0000000710a00000, 0x0000000710a00000|100%| O|  |TAMS 0x0000000710a00000| PB 0x0000000710800000| Untracked 
|  91|0x0000000710a00000, 0x0000000710c00000, 0x0000000710c00000|100%| O|  |TAMS 0x0000000710c00000| PB 0x0000000710a00000| Untracked 
|  92|0x0000000710c00000, 0x0000000710e00000, 0x0000000710e00000|100%| O|  |TAMS 0x0000000710e00000| PB 0x0000000710c00000| Untracked 
|  93|0x0000000710e00000, 0x0000000711000000, 0x0000000711000000|100%| O|  |TAMS 0x0000000711000000| PB 0x0000000710e00000| Untracked 
|  94|0x0000000711000000, 0x0000000711200000, 0x0000000711200000|100%| O|  |TAMS 0x0000000711200000| PB 0x0000000711000000| Untracked 
|  95|0x0000000711200000, 0x0000000711400000, 0x0000000711400000|100%| O|  |TAMS 0x0000000711400000| PB 0x0000000711200000| Untracked 
|  96|0x0000000711400000, 0x0000000711600000, 0x0000000711600000|100%| O|  |TAMS 0x0000000711600000| PB 0x0000000711400000| Untracked 
|  97|0x0000000711600000, 0x0000000711800000, 0x0000000711800000|100%| O|  |TAMS 0x0000000711800000| PB 0x0000000711600000| Untracked 
|  98|0x0000000711800000, 0x0000000711a00000, 0x0000000711a00000|100%| O|  |TAMS 0x0000000711a00000| PB 0x0000000711800000| Untracked 
|  99|0x0000000711a00000, 0x0000000711c00000, 0x0000000711c00000|100%|HS|  |TAMS 0x0000000711c00000| PB 0x0000000711a00000| Complete 
| 100|0x0000000711c00000, 0x0000000711e00000, 0x0000000711e00000|100%|HC|  |TAMS 0x0000000711e00000| PB 0x0000000711c00000| Complete 
| 101|0x0000000711e00000, 0x0000000712000000, 0x0000000712000000|100%|HC|  |TAMS 0x0000000712000000| PB 0x0000000711e00000| Complete 
| 102|0x0000000712000000, 0x0000000712200000, 0x0000000712200000|100%| O|  |TAMS 0x0000000712200000| PB 0x0000000712000000| Untracked 
| 103|0x0000000712200000, 0x0000000712400000, 0x0000000712400000|100%| O|  |TAMS 0x0000000712400000| PB 0x0000000712200000| Untracked 
| 104|0x0000000712400000, 0x0000000712600000, 0x0000000712600000|100%|HS|  |TAMS 0x0000000712600000| PB 0x0000000712400000| Complete 
| 105|0x0000000712600000, 0x0000000712800000, 0x0000000712800000|100%|HC|  |TAMS 0x0000000712800000| PB 0x0000000712600000| Complete 
| 106|0x0000000712800000, 0x0000000712a00000, 0x0000000712a00000|100%|HC|  |TAMS 0x0000000712a00000| PB 0x0000000712800000| Complete 
| 107|0x0000000712a00000, 0x0000000712c00000, 0x0000000712c00000|100%| O|  |TAMS 0x0000000712c00000| PB 0x0000000712a00000| Untracked 
| 108|0x0000000712c00000, 0x0000000712e00000, 0x0000000712e00000|100%| O|  |TAMS 0x0000000712e00000| PB 0x0000000712c00000| Untracked 
| 109|0x0000000712e00000, 0x0000000713000000, 0x0000000713000000|100%| O|  |TAMS 0x0000000713000000| PB 0x0000000712e00000| Untracked 
| 110|0x0000000713000000, 0x0000000713200000, 0x0000000713200000|100%| O|  |TAMS 0x0000000713200000| PB 0x0000000713000000| Untracked 
| 111|0x0000000713200000, 0x0000000713400000, 0x0000000713400000|100%| O|  |TAMS 0x0000000713400000| PB 0x0000000713200000| Untracked 
| 112|0x0000000713400000, 0x0000000713600000, 0x0000000713600000|100%| O|  |TAMS 0x0000000713600000| PB 0x0000000713400000| Untracked 
| 113|0x0000000713600000, 0x0000000713800000, 0x0000000713800000|100%| O|  |TAMS 0x0000000713800000| PB 0x0000000713600000| Untracked 
| 114|0x0000000713800000, 0x0000000713a00000, 0x0000000713a00000|100%| O|  |TAMS 0x0000000713800000| PB 0x0000000713800000| Untracked 
| 115|0x0000000713a00000, 0x0000000713c00000, 0x0000000713c00000|100%| O|  |TAMS 0x0000000713a00000| PB 0x0000000713a00000| Untracked 
| 116|0x0000000713c00000, 0x0000000713e00000, 0x0000000713e00000|100%| O|  |TAMS 0x0000000713c00000| PB 0x0000000713c00000| Untracked 
| 117|0x0000000713e00000, 0x0000000714000000, 0x0000000714000000|100%| O|  |TAMS 0x0000000713e00000| PB 0x0000000713e00000| Untracked 
| 118|0x0000000714000000, 0x0000000714200000, 0x0000000714200000|100%| O|  |TAMS 0x0000000714200000| PB 0x0000000714000000| Untracked 
| 119|0x0000000714200000, 0x0000000714400000, 0x0000000714400000|100%| O|  |TAMS 0x0000000714400000| PB 0x0000000714200000| Untracked 
| 120|0x0000000714400000, 0x0000000714600000, 0x0000000714600000|100%| O|  |TAMS 0x0000000714600000| PB 0x0000000714400000| Untracked 
| 121|0x0000000714600000, 0x0000000714800000, 0x0000000714800000|100%| O|  |TAMS 0x0000000714800000| PB 0x0000000714600000| Untracked 
| 122|0x0000000714800000, 0x0000000714a00000, 0x0000000714a00000|100%| O|  |TAMS 0x0000000714800000| PB 0x0000000714800000| Untracked 
| 123|0x0000000714a00000, 0x0000000714c00000, 0x0000000714c00000|100%| O|  |TAMS 0x0000000714a00000| PB 0x0000000714a00000| Untracked 
| 124|0x0000000714c00000, 0x0000000714e00000, 0x0000000714e00000|100%| O|  |TAMS 0x0000000714e00000| PB 0x0000000714c00000| Untracked 
| 125|0x0000000714e00000, 0x0000000715000000, 0x0000000715000000|100%|HS|  |TAMS 0x0000000715000000| PB 0x0000000714e00000| Complete 
| 126|0x0000000715000000, 0x0000000715200000, 0x0000000715200000|100%| O|  |TAMS 0x0000000715200000| PB 0x0000000715000000| Untracked 
| 127|0x0000000715200000, 0x0000000715400000, 0x0000000715400000|100%| O|  |TAMS 0x0000000715400000| PB 0x0000000715200000| Untracked 
| 128|0x0000000715400000, 0x0000000715600000, 0x0000000715600000|100%| O|  |TAMS 0x0000000715600000| PB 0x0000000715400000| Untracked 
| 129|0x0000000715600000, 0x0000000715800000, 0x0000000715800000|100%| O|  |TAMS 0x0000000715800000| PB 0x0000000715600000| Untracked 
| 130|0x0000000715800000, 0x0000000715a00000, 0x0000000715a00000|100%| O|  |TAMS 0x0000000715a00000| PB 0x0000000715800000| Untracked 
| 131|0x0000000715a00000, 0x0000000715c00000, 0x0000000715c00000|100%| O|  |TAMS 0x0000000715c00000| PB 0x0000000715a00000| Untracked 
| 132|0x0000000715c00000, 0x0000000715e00000, 0x0000000715e00000|100%| O|  |TAMS 0x0000000715e00000| PB 0x0000000715c00000| Untracked 
| 133|0x0000000715e00000, 0x0000000716000000, 0x0000000716000000|100%| O|  |TAMS 0x0000000716000000| PB 0x0000000715e00000| Untracked 
| 134|0x0000000716000000, 0x0000000716200000, 0x0000000716200000|100%|HS|  |TAMS 0x0000000716200000| PB 0x0000000716000000| Complete 
| 135|0x0000000716200000, 0x0000000716400000, 0x0000000716400000|100%|HC|  |TAMS 0x0000000716400000| PB 0x0000000716200000| Complete 
| 136|0x0000000716400000, 0x0000000716600000, 0x0000000716600000|100%|HC|  |TAMS 0x0000000716600000| PB 0x0000000716400000| Complete 
| 137|0x0000000716600000, 0x0000000716800000, 0x0000000716800000|100%|HS|  |TAMS 0x0000000716800000| PB 0x0000000716600000| Complete 
| 138|0x0000000716800000, 0x0000000716a00000, 0x0000000716a00000|100%|HC|  |TAMS 0x0000000716a00000| PB 0x0000000716800000| Complete 
| 139|0x0000000716a00000, 0x0000000716c00000, 0x0000000716c00000|100%|HC|  |TAMS 0x0000000716c00000| PB 0x0000000716a00000| Complete 
| 140|0x0000000716c00000, 0x0000000716e00000, 0x0000000716e00000|100%|HS|  |TAMS 0x0000000716e00000| PB 0x0000000716c00000| Complete 
| 141|0x0000000716e00000, 0x0000000717000000, 0x0000000717000000|100%|HC|  |TAMS 0x0000000717000000| PB 0x0000000716e00000| Complete 
| 142|0x0000000717000000, 0x0000000717200000, 0x0000000717200000|100%|HC|  |TAMS 0x0000000717200000| PB 0x0000000717000000| Complete 
| 143|0x0000000717200000, 0x0000000717400000, 0x0000000717400000|100%| O|  |TAMS 0x0000000717400000| PB 0x0000000717200000| Untracked 
| 144|0x0000000717400000, 0x0000000717600000, 0x0000000717600000|100%| O|  |TAMS 0x0000000717600000| PB 0x0000000717400000| Untracked 
| 145|0x0000000717600000, 0x0000000717800000, 0x0000000717800000|100%| O|  |TAMS 0x0000000717800000| PB 0x0000000717600000| Untracked 
| 146|0x0000000717800000, 0x0000000717a00000, 0x0000000717a00000|100%| O|  |TAMS 0x0000000717a00000| PB 0x0000000717800000| Untracked 
| 147|0x0000000717a00000, 0x0000000717c00000, 0x0000000717c00000|100%| O|  |TAMS 0x0000000717c00000| PB 0x0000000717a00000| Untracked 
| 148|0x0000000717c00000, 0x0000000717e00000, 0x0000000717e00000|100%| O|  |TAMS 0x0000000717e00000| PB 0x0000000717c00000| Untracked 
| 149|0x0000000717e00000, 0x0000000718000000, 0x0000000718000000|100%| O|  |TAMS 0x0000000718000000| PB 0x0000000717e00000| Untracked 
| 150|0x0000000718000000, 0x0000000718200000, 0x0000000718200000|100%| O|  |TAMS 0x0000000718200000| PB 0x0000000718000000| Untracked 
| 151|0x0000000718200000, 0x0000000718400000, 0x0000000718400000|100%| O|  |TAMS 0x0000000718400000| PB 0x0000000718200000| Untracked 
| 152|0x0000000718400000, 0x0000000718600000, 0x0000000718600000|100%| O|  |TAMS 0x0000000718600000| PB 0x0000000718400000| Untracked 
| 153|0x0000000718600000, 0x0000000718800000, 0x0000000718800000|100%|HS|  |TAMS 0x0000000718800000| PB 0x0000000718600000| Complete 
| 154|0x0000000718800000, 0x0000000718a00000, 0x0000000718a00000|100%|HS|  |TAMS 0x0000000718a00000| PB 0x0000000718800000| Complete 
| 155|0x0000000718a00000, 0x0000000718c00000, 0x0000000718c00000|100%|HS|  |TAMS 0x0000000718c00000| PB 0x0000000718a00000| Complete 
| 156|0x0000000718c00000, 0x0000000718e00000, 0x0000000718e00000|100%|HC|  |TAMS 0x0000000718e00000| PB 0x0000000718c00000| Complete 
| 157|0x0000000718e00000, 0x0000000719000000, 0x0000000719000000|100%|HS|  |TAMS 0x0000000719000000| PB 0x0000000718e00000| Complete 
| 158|0x0000000719000000, 0x0000000719200000, 0x0000000719200000|100%|HC|  |TAMS 0x0000000719200000| PB 0x0000000719000000| Complete 
| 159|0x0000000719200000, 0x0000000719400000, 0x0000000719400000|100%|HS|  |TAMS 0x0000000719400000| PB 0x0000000719200000| Complete 
| 160|0x0000000719400000, 0x0000000719600000, 0x0000000719600000|100%|HC|  |TAMS 0x0000000719600000| PB 0x0000000719400000| Complete 
| 161|0x0000000719600000, 0x0000000719800000, 0x0000000719800000|100%|HC|  |TAMS 0x0000000719800000| PB 0x0000000719600000| Complete 
| 162|0x0000000719800000, 0x0000000719a00000, 0x0000000719a00000|100%|HS|  |TAMS 0x0000000719a00000| PB 0x0000000719800000| Complete 
| 163|0x0000000719a00000, 0x0000000719c00000, 0x0000000719c00000|100%|HC|  |TAMS 0x0000000719c00000| PB 0x0000000719a00000| Complete 
| 164|0x0000000719c00000, 0x0000000719e00000, 0x0000000719e00000|100%|HC|  |TAMS 0x0000000719e00000| PB 0x0000000719c00000| Complete 
| 165|0x0000000719e00000, 0x000000071a000000, 0x000000071a000000|100%|HS|  |TAMS 0x000000071a000000| PB 0x0000000719e00000| Complete 
| 166|0x000000071a000000, 0x000000071a200000, 0x000000071a200000|100%|HC|  |TAMS 0x000000071a200000| PB 0x000000071a000000| Complete 
| 167|0x000000071a200000, 0x000000071a400000, 0x000000071a400000|100%|HS|  |TAMS 0x000000071a400000| PB 0x000000071a200000| Complete 
| 168|0x000000071a400000, 0x000000071a600000, 0x000000071a600000|100%|HC|  |TAMS 0x000000071a600000| PB 0x000000071a400000| Complete 
| 169|0x000000071a600000, 0x000000071a800000, 0x000000071a800000|100%|HS|  |TAMS 0x000000071a800000| PB 0x000000071a600000| Complete 
| 170|0x000000071a800000, 0x000000071aa00000, 0x000000071aa00000|100%|HC|  |TAMS 0x000000071aa00000| PB 0x000000071a800000| Complete 
| 171|0x000000071aa00000, 0x000000071ac00000, 0x000000071ac00000|100%|HC|  |TAMS 0x000000071ac00000| PB 0x000000071aa00000| Complete 
| 172|0x000000071ac00000, 0x000000071ae00000, 0x000000071ae00000|100%|HS|  |TAMS 0x000000071ae00000| PB 0x000000071ac00000| Complete 
| 173|0x000000071ae00000, 0x000000071b000000, 0x000000071b000000|100%|HC|  |TAMS 0x000000071b000000| PB 0x000000071ae00000| Complete 
| 174|0x000000071b000000, 0x000000071b200000, 0x000000071b200000|100%|HC|  |TAMS 0x000000071b200000| PB 0x000000071b000000| Complete 
| 175|0x000000071b200000, 0x000000071b400000, 0x000000071b400000|100%| O|  |TAMS 0x000000071b400000| PB 0x000000071b200000| Untracked 
| 176|0x000000071b400000, 0x000000071b600000, 0x000000071b600000|100%| O|  |TAMS 0x000000071b600000| PB 0x000000071b400000| Untracked 
| 177|0x000000071b600000, 0x000000071b800000, 0x000000071b800000|100%| O|  |TAMS 0x000000071b800000| PB 0x000000071b600000| Untracked 
| 178|0x000000071b800000, 0x000000071ba00000, 0x000000071ba00000|100%| O|  |TAMS 0x000000071ba00000| PB 0x000000071b800000| Untracked 
| 179|0x000000071ba00000, 0x000000071bc00000, 0x000000071bc00000|100%| O|  |TAMS 0x000000071bc00000| PB 0x000000071ba00000| Untracked 
| 180|0x000000071bc00000, 0x000000071be00000, 0x000000071be00000|100%| O|  |TAMS 0x000000071be00000| PB 0x000000071bc00000| Untracked 
| 181|0x000000071be00000, 0x000000071c000000, 0x000000071c000000|100%| O|  |TAMS 0x000000071c000000| PB 0x000000071be00000| Untracked 
| 182|0x000000071c000000, 0x000000071c000000, 0x000000071c200000|  0%| F|  |TAMS 0x000000071c000000| PB 0x000000071c000000| Untracked 
| 183|0x000000071c200000, 0x000000071c400000, 0x000000071c400000|100%| O|  |TAMS 0x000000071c200000| PB 0x000000071c200000| Untracked 
| 184|0x000000071c400000, 0x000000071c600000, 0x000000071c600000|100%| O|  |TAMS 0x000000071c400000| PB 0x000000071c400000| Untracked 
| 185|0x000000071c600000, 0x000000071c800000, 0x000000071c800000|100%| O|  |TAMS 0x000000071c600000| PB 0x000000071c600000| Untracked 
| 186|0x000000071c800000, 0x000000071ca00000, 0x000000071ca00000|100%| O|  |TAMS 0x000000071c800000| PB 0x000000071c800000| Untracked 
| 187|0x000000071ca00000, 0x000000071cc00000, 0x000000071cc00000|100%| O|  |TAMS 0x000000071ca00000| PB 0x000000071ca00000| Untracked 
| 188|0x000000071cc00000, 0x000000071ce00000, 0x000000071ce00000|100%| O|  |TAMS 0x000000071cc00000| PB 0x000000071cc00000| Untracked 
| 189|0x000000071ce00000, 0x000000071d000000, 0x000000071d000000|100%| O|  |TAMS 0x000000071ce00000| PB 0x000000071ce00000| Untracked 
| 190|0x000000071d000000, 0x000000071d200000, 0x000000071d200000|100%| O|  |TAMS 0x000000071d000000| PB 0x000000071d000000| Untracked 
| 191|0x000000071d200000, 0x000000071d400000, 0x000000071d400000|100%| O|  |TAMS 0x000000071d200000| PB 0x000000071d200000| Untracked 
| 192|0x000000071d400000, 0x000000071d600000, 0x000000071d600000|100%| O|  |TAMS 0x000000071d400000| PB 0x000000071d400000| Untracked 
| 193|0x000000071d600000, 0x000000071d800000, 0x000000071d800000|100%| O|  |TAMS 0x000000071d600000| PB 0x000000071d600000| Untracked 
| 194|0x000000071d800000, 0x000000071da00000, 0x000000071da00000|100%| O|  |TAMS 0x000000071d800000| PB 0x000000071d800000| Untracked 
| 195|0x000000071da00000, 0x000000071dc00000, 0x000000071dc00000|100%| O|  |TAMS 0x000000071da00000| PB 0x000000071da00000| Untracked 
| 196|0x000000071dc00000, 0x000000071de00000, 0x000000071de00000|100%| O|  |TAMS 0x000000071dc00000| PB 0x000000071dc00000| Untracked 
| 197|0x000000071de00000, 0x000000071e000000, 0x000000071e000000|100%| O|  |TAMS 0x000000071de00000| PB 0x000000071de00000| Untracked 
| 198|0x000000071e000000, 0x000000071e200000, 0x000000071e200000|100%| O|  |TAMS 0x000000071e000000| PB 0x000000071e000000| Untracked 
| 199|0x000000071e200000, 0x000000071e400000, 0x000000071e400000|100%| O|  |TAMS 0x000000071e200000| PB 0x000000071e200000| Untracked 
| 200|0x000000071e400000, 0x000000071e5ac460, 0x000000071e600000| 83%| O|  |TAMS 0x000000071e400000| PB 0x000000071e400000| Untracked 
| 201|0x000000071e600000, 0x000000071e600000, 0x000000071e800000|  0%| F|  |TAMS 0x000000071e600000| PB 0x000000071e600000| Untracked 
| 202|0x000000071e800000, 0x000000071e800000, 0x000000071ea00000|  0%| F|  |TAMS 0x000000071e800000| PB 0x000000071e800000| Untracked 
| 203|0x000000071ea00000, 0x000000071ea00000, 0x000000071ec00000|  0%| F|  |TAMS 0x000000071ea00000| PB 0x000000071ea00000| Untracked 
| 204|0x000000071ec00000, 0x000000071ec00000, 0x000000071ee00000|  0%| F|  |TAMS 0x000000071ec00000| PB 0x000000071ec00000| Untracked 
| 205|0x000000071ee00000, 0x000000071ee00000, 0x000000071f000000|  0%| F|  |TAMS 0x000000071ee00000| PB 0x000000071ee00000| Untracked 
| 206|0x000000071f000000, 0x000000071f000000, 0x000000071f200000|  0%| F|  |TAMS 0x000000071f000000| PB 0x000000071f000000| Untracked 
| 207|0x000000071f200000, 0x000000071f200000, 0x000000071f400000|  0%| F|  |TAMS 0x000000071f200000| PB 0x000000071f200000| Untracked 
| 208|0x000000071f400000, 0x000000071f400000, 0x000000071f600000|  0%| F|  |TAMS 0x000000071f400000| PB 0x000000071f400000| Untracked 
| 209|0x000000071f600000, 0x000000071f600000, 0x000000071f800000|  0%| F|  |TAMS 0x000000071f600000| PB 0x000000071f600000| Untracked 
| 210|0x000000071f800000, 0x000000071f800000, 0x000000071fa00000|  0%| F|  |TAMS 0x000000071f800000| PB 0x000000071f800000| Untracked 
| 211|0x000000071fa00000, 0x000000071fa00000, 0x000000071fc00000|  0%| F|  |TAMS 0x000000071fa00000| PB 0x000000071fa00000| Untracked 
| 212|0x000000071fc00000, 0x000000071fc00000, 0x000000071fe00000|  0%| F|  |TAMS 0x000000071fc00000| PB 0x000000071fc00000| Untracked 
| 213|0x000000071fe00000, 0x000000071fe00000, 0x0000000720000000|  0%| F|  |TAMS 0x000000071fe00000| PB 0x000000071fe00000| Untracked 
| 214|0x0000000720000000, 0x0000000720000000, 0x0000000720200000|  0%| F|  |TAMS 0x0000000720000000| PB 0x0000000720000000| Untracked 
| 215|0x0000000720200000, 0x0000000720200000, 0x0000000720400000|  0%| F|  |TAMS 0x0000000720200000| PB 0x0000000720200000| Untracked 
| 216|0x0000000720400000, 0x0000000720400000, 0x0000000720600000|  0%| F|  |TAMS 0x0000000720400000| PB 0x0000000720400000| Untracked 
| 217|0x0000000720600000, 0x0000000720600000, 0x0000000720800000|  0%| F|  |TAMS 0x0000000720600000| PB 0x0000000720600000| Untracked 
| 218|0x0000000720800000, 0x0000000720800000, 0x0000000720a00000|  0%| F|  |TAMS 0x0000000720800000| PB 0x0000000720800000| Untracked 
| 219|0x0000000720a00000, 0x0000000720a00000, 0x0000000720c00000|  0%| F|  |TAMS 0x0000000720a00000| PB 0x0000000720a00000| Untracked 
| 220|0x0000000720c00000, 0x0000000720c00000, 0x0000000720e00000|  0%| F|  |TAMS 0x0000000720c00000| PB 0x0000000720c00000| Untracked 
| 221|0x0000000720e00000, 0x0000000720e00000, 0x0000000721000000|  0%| F|  |TAMS 0x0000000720e00000| PB 0x0000000720e00000| Untracked 
| 222|0x0000000721000000, 0x0000000721000000, 0x0000000721200000|  0%| F|  |TAMS 0x0000000721000000| PB 0x0000000721000000| Untracked 
| 223|0x0000000721200000, 0x0000000721200000, 0x0000000721400000|  0%| F|  |TAMS 0x0000000721200000| PB 0x0000000721200000| Untracked 
| 224|0x0000000721400000, 0x0000000721400000, 0x0000000721600000|  0%| F|  |TAMS 0x0000000721400000| PB 0x0000000721400000| Untracked 
| 225|0x0000000721600000, 0x0000000721600000, 0x0000000721800000|  0%| F|  |TAMS 0x0000000721600000| PB 0x0000000721600000| Untracked 
| 226|0x0000000721800000, 0x0000000721800000, 0x0000000721a00000|  0%| F|  |TAMS 0x0000000721800000| PB 0x0000000721800000| Untracked 
| 227|0x0000000721a00000, 0x0000000721a00000, 0x0000000721c00000|  0%| F|  |TAMS 0x0000000721a00000| PB 0x0000000721a00000| Untracked 
| 228|0x0000000721c00000, 0x0000000721c00000, 0x0000000721e00000|  0%| F|  |TAMS 0x0000000721c00000| PB 0x0000000721c00000| Untracked 
| 229|0x0000000721e00000, 0x0000000721e00000, 0x0000000722000000|  0%| F|  |TAMS 0x0000000721e00000| PB 0x0000000721e00000| Untracked 
| 230|0x0000000722000000, 0x0000000722000000, 0x0000000722200000|  0%| F|  |TAMS 0x0000000722000000| PB 0x0000000722000000| Untracked 
| 231|0x0000000722200000, 0x0000000722200000, 0x0000000722400000|  0%| F|  |TAMS 0x0000000722200000| PB 0x0000000722200000| Untracked 
| 232|0x0000000722400000, 0x0000000722400000, 0x0000000722600000|  0%| F|  |TAMS 0x0000000722400000| PB 0x0000000722400000| Untracked 
| 233|0x0000000722600000, 0x0000000722600000, 0x0000000722800000|  0%| F|  |TAMS 0x0000000722600000| PB 0x0000000722600000| Untracked 
| 234|0x0000000722800000, 0x0000000722800000, 0x0000000722a00000|  0%| F|  |TAMS 0x0000000722800000| PB 0x0000000722800000| Untracked 
| 235|0x0000000722a00000, 0x0000000722a00000, 0x0000000722c00000|  0%| F|  |TAMS 0x0000000722a00000| PB 0x0000000722a00000| Untracked 
| 236|0x0000000722c00000, 0x0000000722c00000, 0x0000000722e00000|  0%| F|  |TAMS 0x0000000722c00000| PB 0x0000000722c00000| Untracked 
| 237|0x0000000722e00000, 0x0000000722f6a3e0, 0x0000000723000000| 70%| S|CS|TAMS 0x0000000722e00000| PB 0x0000000722e00000| Complete 
| 238|0x0000000723000000, 0x0000000723200000, 0x0000000723200000|100%| S|CS|TAMS 0x0000000723000000| PB 0x0000000723000000| Complete 
| 239|0x0000000723200000, 0x0000000723400000, 0x0000000723400000|100%| S|CS|TAMS 0x0000000723200000| PB 0x0000000723200000| Complete 
| 240|0x0000000723400000, 0x0000000723600000, 0x0000000723600000|100%| S|CS|TAMS 0x0000000723400000| PB 0x0000000723400000| Complete 
| 241|0x0000000723600000, 0x0000000723800000, 0x0000000723800000|100%| S|CS|TAMS 0x0000000723600000| PB 0x0000000723600000| Complete 
| 242|0x0000000723800000, 0x0000000723a00000, 0x0000000723a00000|100%| S|CS|TAMS 0x0000000723800000| PB 0x0000000723800000| Complete 
| 243|0x0000000723a00000, 0x0000000723a00000, 0x0000000723c00000|  0%| F|  |TAMS 0x0000000723a00000| PB 0x0000000723a00000| Untracked 
| 244|0x0000000723c00000, 0x0000000723c00000, 0x0000000723e00000|  0%| F|  |TAMS 0x0000000723c00000| PB 0x0000000723c00000| Untracked 
| 245|0x0000000723e00000, 0x0000000723e00000, 0x0000000724000000|  0%| F|  |TAMS 0x0000000723e00000| PB 0x0000000723e00000| Untracked 
| 246|0x0000000724000000, 0x0000000724000000, 0x0000000724200000|  0%| F|  |TAMS 0x0000000724000000| PB 0x0000000724000000| Untracked 
| 247|0x0000000724200000, 0x0000000724200000, 0x0000000724400000|  0%| F|  |TAMS 0x0000000724200000| PB 0x0000000724200000| Untracked 
| 248|0x0000000724400000, 0x0000000724400000, 0x0000000724600000|  0%| F|  |TAMS 0x0000000724400000| PB 0x0000000724400000| Untracked 
| 249|0x0000000724600000, 0x0000000724600000, 0x0000000724800000|  0%| F|  |TAMS 0x0000000724600000| PB 0x0000000724600000| Untracked 
| 250|0x0000000724800000, 0x0000000724800000, 0x0000000724a00000|  0%| F|  |TAMS 0x0000000724800000| PB 0x0000000724800000| Untracked 
| 251|0x0000000724a00000, 0x0000000724a00000, 0x0000000724c00000|  0%| F|  |TAMS 0x0000000724a00000| PB 0x0000000724a00000| Untracked 
| 252|0x0000000724c00000, 0x0000000724c00000, 0x0000000724e00000|  0%| F|  |TAMS 0x0000000724c00000| PB 0x0000000724c00000| Untracked 
| 253|0x0000000724e00000, 0x0000000724e00000, 0x0000000725000000|  0%| F|  |TAMS 0x0000000724e00000| PB 0x0000000724e00000| Untracked 
| 254|0x0000000725000000, 0x0000000725000000, 0x0000000725200000|  0%| F|  |TAMS 0x0000000725000000| PB 0x0000000725000000| Untracked 
| 255|0x0000000725200000, 0x0000000725200000, 0x0000000725400000|  0%| F|  |TAMS 0x0000000725200000| PB 0x0000000725200000| Untracked 
| 256|0x0000000725400000, 0x0000000725400000, 0x0000000725600000|  0%| F|  |TAMS 0x0000000725400000| PB 0x0000000725400000| Untracked 
| 257|0x0000000725600000, 0x0000000725600000, 0x0000000725800000|  0%| F|  |TAMS 0x0000000725600000| PB 0x0000000725600000| Untracked 
| 258|0x0000000725800000, 0x0000000725800000, 0x0000000725a00000|  0%| F|  |TAMS 0x0000000725800000| PB 0x0000000725800000| Untracked 
| 259|0x0000000725a00000, 0x0000000725a00000, 0x0000000725c00000|  0%| F|  |TAMS 0x0000000725a00000| PB 0x0000000725a00000| Untracked 
| 260|0x0000000725c00000, 0x0000000725c00000, 0x0000000725e00000|  0%| F|  |TAMS 0x0000000725c00000| PB 0x0000000725c00000| Untracked 
| 261|0x0000000725e00000, 0x0000000725e00000, 0x0000000726000000|  0%| F|  |TAMS 0x0000000725e00000| PB 0x0000000725e00000| Untracked 
| 262|0x0000000726000000, 0x0000000726000000, 0x0000000726200000|  0%| F|  |TAMS 0x0000000726000000| PB 0x0000000726000000| Untracked 
| 263|0x0000000726200000, 0x0000000726200000, 0x0000000726400000|  0%| F|  |TAMS 0x0000000726200000| PB 0x0000000726200000| Untracked 
| 264|0x0000000726400000, 0x0000000726400000, 0x0000000726600000|  0%| F|  |TAMS 0x0000000726400000| PB 0x0000000726400000| Untracked 
| 265|0x0000000726600000, 0x0000000726600000, 0x0000000726800000|  0%| F|  |TAMS 0x0000000726600000| PB 0x0000000726600000| Untracked 
| 266|0x0000000726800000, 0x0000000726800000, 0x0000000726a00000|  0%| F|  |TAMS 0x0000000726800000| PB 0x0000000726800000| Untracked 
| 267|0x0000000726a00000, 0x0000000726a00000, 0x0000000726c00000|  0%| F|  |TAMS 0x0000000726a00000| PB 0x0000000726a00000| Untracked 
| 268|0x0000000726c00000, 0x0000000726c00000, 0x0000000726e00000|  0%| F|  |TAMS 0x0000000726c00000| PB 0x0000000726c00000| Untracked 
| 269|0x0000000726e00000, 0x0000000726e00000, 0x0000000727000000|  0%| F|  |TAMS 0x0000000726e00000| PB 0x0000000726e00000| Untracked 
| 270|0x0000000727000000, 0x0000000727000000, 0x0000000727200000|  0%| F|  |TAMS 0x0000000727000000| PB 0x0000000727000000| Untracked 
| 271|0x0000000727200000, 0x0000000727200000, 0x0000000727400000|  0%| F|  |TAMS 0x0000000727200000| PB 0x0000000727200000| Untracked 
| 272|0x0000000727400000, 0x0000000727400000, 0x0000000727600000|  0%| F|  |TAMS 0x0000000727400000| PB 0x0000000727400000| Untracked 
| 273|0x0000000727600000, 0x0000000727600000, 0x0000000727800000|  0%| F|  |TAMS 0x0000000727600000| PB 0x0000000727600000| Untracked 
| 274|0x0000000727800000, 0x0000000727800000, 0x0000000727a00000|  0%| F|  |TAMS 0x0000000727800000| PB 0x0000000727800000| Untracked 
| 275|0x0000000727a00000, 0x0000000727a00000, 0x0000000727c00000|  0%| F|  |TAMS 0x0000000727a00000| PB 0x0000000727a00000| Untracked 
| 276|0x0000000727c00000, 0x0000000727c00000, 0x0000000727e00000|  0%| F|  |TAMS 0x0000000727c00000| PB 0x0000000727c00000| Untracked 
| 277|0x0000000727e00000, 0x0000000727e00000, 0x0000000728000000|  0%| F|  |TAMS 0x0000000727e00000| PB 0x0000000727e00000| Untracked 
| 278|0x0000000728000000, 0x0000000728000000, 0x0000000728200000|  0%| F|  |TAMS 0x0000000728000000| PB 0x0000000728000000| Untracked 
| 279|0x0000000728200000, 0x0000000728200000, 0x0000000728400000|  0%| F|  |TAMS 0x0000000728200000| PB 0x0000000728200000| Untracked 
| 280|0x0000000728400000, 0x0000000728400000, 0x0000000728600000|  0%| F|  |TAMS 0x0000000728400000| PB 0x0000000728400000| Untracked 
| 281|0x0000000728600000, 0x0000000728600000, 0x0000000728800000|  0%| F|  |TAMS 0x0000000728600000| PB 0x0000000728600000| Untracked 
| 282|0x0000000728800000, 0x0000000728800000, 0x0000000728a00000|  0%| F|  |TAMS 0x0000000728800000| PB 0x0000000728800000| Untracked 
| 283|0x0000000728a00000, 0x0000000728a00000, 0x0000000728c00000|  0%| F|  |TAMS 0x0000000728a00000| PB 0x0000000728a00000| Untracked 
| 284|0x0000000728c00000, 0x0000000728c00000, 0x0000000728e00000|  0%| F|  |TAMS 0x0000000728c00000| PB 0x0000000728c00000| Untracked 
| 285|0x0000000728e00000, 0x0000000728e00000, 0x0000000729000000|  0%| F|  |TAMS 0x0000000728e00000| PB 0x0000000728e00000| Untracked 
| 286|0x0000000729000000, 0x0000000729000000, 0x0000000729200000|  0%| F|  |TAMS 0x0000000729000000| PB 0x0000000729000000| Untracked 
| 287|0x0000000729200000, 0x0000000729200000, 0x0000000729400000|  0%| F|  |TAMS 0x0000000729200000| PB 0x0000000729200000| Untracked 
| 288|0x0000000729400000, 0x0000000729400000, 0x0000000729600000|  0%| F|  |TAMS 0x0000000729400000| PB 0x0000000729400000| Untracked 
| 289|0x0000000729600000, 0x0000000729600000, 0x0000000729800000|  0%| F|  |TAMS 0x0000000729600000| PB 0x0000000729600000| Untracked 
| 290|0x0000000729800000, 0x0000000729800000, 0x0000000729a00000|  0%| F|  |TAMS 0x0000000729800000| PB 0x0000000729800000| Untracked 
| 291|0x0000000729a00000, 0x0000000729a00000, 0x0000000729c00000|  0%| F|  |TAMS 0x0000000729a00000| PB 0x0000000729a00000| Untracked 
| 292|0x0000000729c00000, 0x0000000729c00000, 0x0000000729e00000|  0%| F|  |TAMS 0x0000000729c00000| PB 0x0000000729c00000| Untracked 
| 293|0x0000000729e00000, 0x0000000729e00000, 0x000000072a000000|  0%| F|  |TAMS 0x0000000729e00000| PB 0x0000000729e00000| Untracked 
| 294|0x000000072a000000, 0x000000072a000000, 0x000000072a200000|  0%| F|  |TAMS 0x000000072a000000| PB 0x000000072a000000| Untracked 
| 295|0x000000072a200000, 0x000000072a200000, 0x000000072a400000|  0%| F|  |TAMS 0x000000072a200000| PB 0x000000072a200000| Untracked 
| 296|0x000000072a400000, 0x000000072a400000, 0x000000072a600000|  0%| F|  |TAMS 0x000000072a400000| PB 0x000000072a400000| Untracked 
| 297|0x000000072a600000, 0x000000072a600000, 0x000000072a800000|  0%| F|  |TAMS 0x000000072a600000| PB 0x000000072a600000| Untracked 
| 298|0x000000072a800000, 0x000000072a800000, 0x000000072aa00000|  0%| F|  |TAMS 0x000000072a800000| PB 0x000000072a800000| Untracked 
| 299|0x000000072aa00000, 0x000000072aa00000, 0x000000072ac00000|  0%| F|  |TAMS 0x000000072aa00000| PB 0x000000072aa00000| Untracked 
| 300|0x000000072ac00000, 0x000000072ac00000, 0x000000072ae00000|  0%| F|  |TAMS 0x000000072ac00000| PB 0x000000072ac00000| Untracked 
| 301|0x000000072ae00000, 0x000000072ae00000, 0x000000072b000000|  0%| F|  |TAMS 0x000000072ae00000| PB 0x000000072ae00000| Untracked 
| 302|0x000000072b000000, 0x000000072b000000, 0x000000072b200000|  0%| F|  |TAMS 0x000000072b000000| PB 0x000000072b000000| Untracked 
| 303|0x000000072b200000, 0x000000072b200000, 0x000000072b400000|  0%| F|  |TAMS 0x000000072b200000| PB 0x000000072b200000| Untracked 
| 304|0x000000072b400000, 0x000000072b400000, 0x000000072b600000|  0%| F|  |TAMS 0x000000072b400000| PB 0x000000072b400000| Untracked 
| 305|0x000000072b600000, 0x000000072b600000, 0x000000072b800000|  0%| F|  |TAMS 0x000000072b600000| PB 0x000000072b600000| Untracked 
| 306|0x000000072b800000, 0x000000072b800000, 0x000000072ba00000|  0%| F|  |TAMS 0x000000072b800000| PB 0x000000072b800000| Untracked 
| 307|0x000000072ba00000, 0x000000072ba00000, 0x000000072bc00000|  0%| F|  |TAMS 0x000000072ba00000| PB 0x000000072ba00000| Untracked 
| 308|0x000000072bc00000, 0x000000072bc00000, 0x000000072be00000|  0%| F|  |TAMS 0x000000072bc00000| PB 0x000000072bc00000| Untracked 
| 309|0x000000072be00000, 0x000000072be00000, 0x000000072c000000|  0%| F|  |TAMS 0x000000072be00000| PB 0x000000072be00000| Untracked 
| 310|0x000000072c000000, 0x000000072c000000, 0x000000072c200000|  0%| F|  |TAMS 0x000000072c000000| PB 0x000000072c000000| Untracked 
| 311|0x000000072c200000, 0x000000072c200000, 0x000000072c400000|  0%| F|  |TAMS 0x000000072c200000| PB 0x000000072c200000| Untracked 
| 312|0x000000072c400000, 0x000000072c400000, 0x000000072c600000|  0%| F|  |TAMS 0x000000072c400000| PB 0x000000072c400000| Untracked 
| 313|0x000000072c600000, 0x000000072c600000, 0x000000072c800000|  0%| F|  |TAMS 0x000000072c600000| PB 0x000000072c600000| Untracked 
| 314|0x000000072c800000, 0x000000072c800000, 0x000000072ca00000|  0%| F|  |TAMS 0x000000072c800000| PB 0x000000072c800000| Untracked 
| 315|0x000000072ca00000, 0x000000072ca00000, 0x000000072cc00000|  0%| F|  |TAMS 0x000000072ca00000| PB 0x000000072ca00000| Untracked 
| 316|0x000000072cc00000, 0x000000072cc00000, 0x000000072ce00000|  0%| F|  |TAMS 0x000000072cc00000| PB 0x000000072cc00000| Untracked 
| 317|0x000000072ce00000, 0x000000072ce00000, 0x000000072d000000|  0%| F|  |TAMS 0x000000072ce00000| PB 0x000000072ce00000| Untracked 
| 318|0x000000072d000000, 0x000000072d000000, 0x000000072d200000|  0%| F|  |TAMS 0x000000072d000000| PB 0x000000072d000000| Untracked 
| 319|0x000000072d200000, 0x000000072d200000, 0x000000072d400000|  0%| F|  |TAMS 0x000000072d200000| PB 0x000000072d200000| Untracked 
| 320|0x000000072d400000, 0x000000072d400000, 0x000000072d600000|  0%| F|  |TAMS 0x000000072d400000| PB 0x000000072d400000| Untracked 
| 321|0x000000072d600000, 0x000000072d600000, 0x000000072d800000|  0%| F|  |TAMS 0x000000072d600000| PB 0x000000072d600000| Untracked 
| 322|0x000000072d800000, 0x000000072d800000, 0x000000072da00000|  0%| F|  |TAMS 0x000000072d800000| PB 0x000000072d800000| Untracked 
| 323|0x000000072da00000, 0x000000072da00000, 0x000000072dc00000|  0%| F|  |TAMS 0x000000072da00000| PB 0x000000072da00000| Untracked 
| 324|0x000000072dc00000, 0x000000072dc00000, 0x000000072de00000|  0%| F|  |TAMS 0x000000072dc00000| PB 0x000000072dc00000| Untracked 
| 325|0x000000072de00000, 0x000000072de00000, 0x000000072e000000|  0%| F|  |TAMS 0x000000072de00000| PB 0x000000072de00000| Untracked 
| 326|0x000000072e000000, 0x000000072e000000, 0x000000072e200000|  0%| F|  |TAMS 0x000000072e000000| PB 0x000000072e000000| Untracked 
| 327|0x000000072e200000, 0x000000072e200000, 0x000000072e400000|  0%| F|  |TAMS 0x000000072e200000| PB 0x000000072e200000| Untracked 
| 328|0x000000072e400000, 0x000000072e400000, 0x000000072e600000|  0%| F|  |TAMS 0x000000072e400000| PB 0x000000072e400000| Untracked 
| 329|0x000000072e600000, 0x000000072e600000, 0x000000072e800000|  0%| F|  |TAMS 0x000000072e600000| PB 0x000000072e600000| Untracked 
| 330|0x000000072e800000, 0x000000072e800000, 0x000000072ea00000|  0%| F|  |TAMS 0x000000072e800000| PB 0x000000072e800000| Untracked 
| 331|0x000000072ea00000, 0x000000072ea00000, 0x000000072ec00000|  0%| F|  |TAMS 0x000000072ea00000| PB 0x000000072ea00000| Untracked 
| 332|0x000000072ec00000, 0x000000072ec00000, 0x000000072ee00000|  0%| F|  |TAMS 0x000000072ec00000| PB 0x000000072ec00000| Untracked 
| 333|0x000000072ee00000, 0x000000072ee00000, 0x000000072f000000|  0%| F|  |TAMS 0x000000072ee00000| PB 0x000000072ee00000| Untracked 
| 334|0x000000072f000000, 0x000000072f000000, 0x000000072f200000|  0%| F|  |TAMS 0x000000072f000000| PB 0x000000072f000000| Untracked 
| 335|0x000000072f200000, 0x000000072f200000, 0x000000072f400000|  0%| F|  |TAMS 0x000000072f200000| PB 0x000000072f200000| Untracked 
| 336|0x000000072f400000, 0x000000072f400000, 0x000000072f600000|  0%| F|  |TAMS 0x000000072f400000| PB 0x000000072f400000| Untracked 
| 337|0x000000072f600000, 0x000000072f600000, 0x000000072f800000|  0%| F|  |TAMS 0x000000072f600000| PB 0x000000072f600000| Untracked 
| 338|0x000000072f800000, 0x000000072f800000, 0x000000072fa00000|  0%| F|  |TAMS 0x000000072f800000| PB 0x000000072f800000| Untracked 
| 339|0x000000072fa00000, 0x000000072fa00000, 0x000000072fc00000|  0%| F|  |TAMS 0x000000072fa00000| PB 0x000000072fa00000| Untracked 
| 340|0x000000072fc00000, 0x000000072fc00000, 0x000000072fe00000|  0%| F|  |TAMS 0x000000072fc00000| PB 0x000000072fc00000| Untracked 
| 341|0x000000072fe00000, 0x000000072fe00000, 0x0000000730000000|  0%| F|  |TAMS 0x000000072fe00000| PB 0x000000072fe00000| Untracked 
| 342|0x0000000730000000, 0x0000000730000000, 0x0000000730200000|  0%| F|  |TAMS 0x0000000730000000| PB 0x0000000730000000| Untracked 
| 343|0x0000000730200000, 0x0000000730200000, 0x0000000730400000|  0%| F|  |TAMS 0x0000000730200000| PB 0x0000000730200000| Untracked 
| 344|0x0000000730400000, 0x0000000730400000, 0x0000000730600000|  0%| F|  |TAMS 0x0000000730400000| PB 0x0000000730400000| Untracked 
| 345|0x0000000730600000, 0x0000000730600000, 0x0000000730800000|  0%| F|  |TAMS 0x0000000730600000| PB 0x0000000730600000| Untracked 
| 346|0x0000000730800000, 0x0000000730800000, 0x0000000730a00000|  0%| F|  |TAMS 0x0000000730800000| PB 0x0000000730800000| Untracked 
| 347|0x0000000730a00000, 0x0000000730a00000, 0x0000000730c00000|  0%| F|  |TAMS 0x0000000730a00000| PB 0x0000000730a00000| Untracked 
| 348|0x0000000730c00000, 0x0000000730c00000, 0x0000000730e00000|  0%| F|  |TAMS 0x0000000730c00000| PB 0x0000000730c00000| Untracked 
| 349|0x0000000730e00000, 0x0000000730e00000, 0x0000000731000000|  0%| F|  |TAMS 0x0000000730e00000| PB 0x0000000730e00000| Untracked 
| 350|0x0000000731000000, 0x0000000731000000, 0x0000000731200000|  0%| F|  |TAMS 0x0000000731000000| PB 0x0000000731000000| Untracked 
| 351|0x0000000731200000, 0x0000000731200000, 0x0000000731400000|  0%| F|  |TAMS 0x0000000731200000| PB 0x0000000731200000| Untracked 
| 352|0x0000000731400000, 0x0000000731400000, 0x0000000731600000|  0%| F|  |TAMS 0x0000000731400000| PB 0x0000000731400000| Untracked 
| 353|0x0000000731600000, 0x0000000731600000, 0x0000000731800000|  0%| F|  |TAMS 0x0000000731600000| PB 0x0000000731600000| Untracked 
| 354|0x0000000731800000, 0x0000000731800000, 0x0000000731a00000|  0%| F|  |TAMS 0x0000000731800000| PB 0x0000000731800000| Untracked 
| 355|0x0000000731a00000, 0x0000000731a00000, 0x0000000731c00000|  0%| F|  |TAMS 0x0000000731a00000| PB 0x0000000731a00000| Untracked 
| 356|0x0000000731c00000, 0x0000000731c00000, 0x0000000731e00000|  0%| F|  |TAMS 0x0000000731c00000| PB 0x0000000731c00000| Untracked 
| 357|0x0000000731e00000, 0x0000000731e00000, 0x0000000732000000|  0%| F|  |TAMS 0x0000000731e00000| PB 0x0000000731e00000| Untracked 
| 358|0x0000000732000000, 0x0000000732000000, 0x0000000732200000|  0%| F|  |TAMS 0x0000000732000000| PB 0x0000000732000000| Untracked 
| 359|0x0000000732200000, 0x0000000732200000, 0x0000000732400000|  0%| F|  |TAMS 0x0000000732200000| PB 0x0000000732200000| Untracked 
| 360|0x0000000732400000, 0x0000000732400000, 0x0000000732600000|  0%| F|  |TAMS 0x0000000732400000| PB 0x0000000732400000| Untracked 
| 361|0x0000000732600000, 0x0000000732600000, 0x0000000732800000|  0%| F|  |TAMS 0x0000000732600000| PB 0x0000000732600000| Untracked 
| 362|0x0000000732800000, 0x0000000732800000, 0x0000000732a00000|  0%| F|  |TAMS 0x0000000732800000| PB 0x0000000732800000| Untracked 
| 363|0x0000000732a00000, 0x0000000732a00000, 0x0000000732c00000|  0%| F|  |TAMS 0x0000000732a00000| PB 0x0000000732a00000| Untracked 
| 364|0x0000000732c00000, 0x0000000732c00000, 0x0000000732e00000|  0%| F|  |TAMS 0x0000000732c00000| PB 0x0000000732c00000| Untracked 
| 365|0x0000000732e00000, 0x0000000732e00000, 0x0000000733000000|  0%| F|  |TAMS 0x0000000732e00000| PB 0x0000000732e00000| Untracked 
| 366|0x0000000733000000, 0x0000000733000000, 0x0000000733200000|  0%| F|  |TAMS 0x0000000733000000| PB 0x0000000733000000| Untracked 
| 367|0x0000000733200000, 0x0000000733200000, 0x0000000733400000|  0%| F|  |TAMS 0x0000000733200000| PB 0x0000000733200000| Untracked 
| 368|0x0000000733400000, 0x0000000733400000, 0x0000000733600000|  0%| F|  |TAMS 0x0000000733400000| PB 0x0000000733400000| Untracked 
| 369|0x0000000733600000, 0x0000000733600000, 0x0000000733800000|  0%| F|  |TAMS 0x0000000733600000| PB 0x0000000733600000| Untracked 
| 370|0x0000000733800000, 0x0000000733800000, 0x0000000733a00000|  0%| F|  |TAMS 0x0000000733800000| PB 0x0000000733800000| Untracked 
| 371|0x0000000733a00000, 0x0000000733a00000, 0x0000000733c00000|  0%| F|  |TAMS 0x0000000733a00000| PB 0x0000000733a00000| Untracked 
| 372|0x0000000733c00000, 0x0000000733c00000, 0x0000000733e00000|  0%| F|  |TAMS 0x0000000733c00000| PB 0x0000000733c00000| Untracked 
| 373|0x0000000733e00000, 0x0000000733e00000, 0x0000000734000000|  0%| F|  |TAMS 0x0000000733e00000| PB 0x0000000733e00000| Untracked 
| 374|0x0000000734000000, 0x0000000734000000, 0x0000000734200000|  0%| F|  |TAMS 0x0000000734000000| PB 0x0000000734000000| Untracked 
| 375|0x0000000734200000, 0x0000000734200000, 0x0000000734400000|  0%| F|  |TAMS 0x0000000734200000| PB 0x0000000734200000| Untracked 
| 376|0x0000000734400000, 0x0000000734400000, 0x0000000734600000|  0%| F|  |TAMS 0x0000000734400000| PB 0x0000000734400000| Untracked 
| 377|0x0000000734600000, 0x0000000734600000, 0x0000000734800000|  0%| F|  |TAMS 0x0000000734600000| PB 0x0000000734600000| Untracked 
| 378|0x0000000734800000, 0x0000000734800000, 0x0000000734a00000|  0%| F|  |TAMS 0x0000000734800000| PB 0x0000000734800000| Untracked 
| 379|0x0000000734a00000, 0x0000000734a00000, 0x0000000734c00000|  0%| F|  |TAMS 0x0000000734a00000| PB 0x0000000734a00000| Untracked 
| 380|0x0000000734c00000, 0x0000000734c00000, 0x0000000734e00000|  0%| F|  |TAMS 0x0000000734c00000| PB 0x0000000734c00000| Untracked 
| 381|0x0000000734e00000, 0x0000000734e00000, 0x0000000735000000|  0%| F|  |TAMS 0x0000000734e00000| PB 0x0000000734e00000| Untracked 
| 382|0x0000000735000000, 0x0000000735000000, 0x0000000735200000|  0%| F|  |TAMS 0x0000000735000000| PB 0x0000000735000000| Untracked 
| 383|0x0000000735200000, 0x0000000735200000, 0x0000000735400000|  0%| F|  |TAMS 0x0000000735200000| PB 0x0000000735200000| Untracked 
| 384|0x0000000735400000, 0x0000000735400000, 0x0000000735600000|  0%| F|  |TAMS 0x0000000735400000| PB 0x0000000735400000| Untracked 
| 385|0x0000000735600000, 0x0000000735600000, 0x0000000735800000|  0%| F|  |TAMS 0x0000000735600000| PB 0x0000000735600000| Untracked 
| 386|0x0000000735800000, 0x0000000735800000, 0x0000000735a00000|  0%| F|  |TAMS 0x0000000735800000| PB 0x0000000735800000| Untracked 
| 387|0x0000000735a00000, 0x0000000735a00000, 0x0000000735c00000|  0%| F|  |TAMS 0x0000000735a00000| PB 0x0000000735a00000| Untracked 
| 388|0x0000000735c00000, 0x0000000735c00000, 0x0000000735e00000|  0%| F|  |TAMS 0x0000000735c00000| PB 0x0000000735c00000| Untracked 
| 389|0x0000000735e00000, 0x0000000735e00000, 0x0000000736000000|  0%| F|  |TAMS 0x0000000735e00000| PB 0x0000000735e00000| Untracked 
| 390|0x0000000736000000, 0x0000000736000000, 0x0000000736200000|  0%| F|  |TAMS 0x0000000736000000| PB 0x0000000736000000| Untracked 
| 391|0x0000000736200000, 0x0000000736200000, 0x0000000736400000|  0%| F|  |TAMS 0x0000000736200000| PB 0x0000000736200000| Untracked 
| 392|0x0000000736400000, 0x0000000736400000, 0x0000000736600000|  0%| F|  |TAMS 0x0000000736400000| PB 0x0000000736400000| Untracked 
| 393|0x0000000736600000, 0x0000000736600000, 0x0000000736800000|  0%| F|  |TAMS 0x0000000736600000| PB 0x0000000736600000| Untracked 
| 394|0x0000000736800000, 0x0000000736800000, 0x0000000736a00000|  0%| F|  |TAMS 0x0000000736800000| PB 0x0000000736800000| Untracked 
| 395|0x0000000736a00000, 0x0000000736a00000, 0x0000000736c00000|  0%| F|  |TAMS 0x0000000736a00000| PB 0x0000000736a00000| Untracked 
| 396|0x0000000736c00000, 0x0000000736c00000, 0x0000000736e00000|  0%| F|  |TAMS 0x0000000736c00000| PB 0x0000000736c00000| Untracked 
|1996|0x00000007fec00000, 0x00000007fee00000, 0x00000007fee00000|100%| O|  |TAMS 0x00000007fedec940| PB 0x00000007fec00000| Untracked 
|1997|0x00000007fee00000, 0x00000007ff000000, 0x00000007ff000000|100%| O|  |TAMS 0x00000007ff000000| PB 0x00000007fee00000| Untracked 
|1998|0x00000007ff000000, 0x00000007ff200000, 0x00000007ff200000|100%| O|  |TAMS 0x00000007ff200000| PB 0x00000007ff000000| Untracked 
|1999|0x00000007ff200000, 0x00000007ff200000, 0x00000007ff400000|  0%| F|  |TAMS 0x00000007ff200000| PB 0x00000007ff200000| Untracked 
|2000|0x00000007ff400000, 0x00000007ff400000, 0x00000007ff600000|  0%| F|  |TAMS 0x00000007ff400000| PB 0x00000007ff400000| Untracked 
|2001|0x00000007ff600000, 0x00000007ff600000, 0x00000007ff800000|  0%| F|  |TAMS 0x00000007ff600000| PB 0x00000007ff600000| Untracked 
|2002|0x00000007ff800000, 0x00000007ffa00000, 0x00000007ffa00000|100%| O|  |TAMS 0x00000007ffa00000| PB 0x00000007ff800000| Untracked 
|2003|0x00000007ffa00000, 0x00000007ffc00000, 0x00000007ffc00000|100%| O|  |TAMS 0x00000007ffc00000| PB 0x00000007ffa00000| Untracked 
|2004|0x00000007ffc00000, 0x00000007ffe00000, 0x00000007ffe00000|100%| O|  |TAMS 0x00000007ffe00000| PB 0x00000007ffc00000| Untracked 
|2005|0x00000007ffe00000, 0x0000000800000000, 0x0000000800000000|100%| O|  |TAMS 0x0000000800000000| PB 0x00000007ffe00000| Untracked 

Card table byte_map: [0x00000170bccf0000,0x00000170bd4d0000] _byte_map_base: 0x00000170b94c6000

Marking Bits: (CMBitMap*) 0x00000170a484eeb0
 Bits: [0x00000170bd4d0000, 0x00000170c1380000)

Polling page: 0x00000170a26d0000

Metaspace:

Usage:
  Non-class:     30.30 MB used.
      Class:      3.76 MB used.
       Both:     34.06 MB used.

Virtual space:
  Non-class space:       64.00 MB reserved,      30.56 MB ( 48%) committed,  1 nodes.
      Class space:        1.00 GB reserved,       4.06 MB ( <1%) committed,  1 nodes.
             Both:        1.06 GB reserved,      34.62 MB (  3%) committed. 

Chunk freelists:
   Non-Class:  912.00 KB
       Class:  11.92 MB
        Both:  12.81 MB

MaxMetaspaceSize: unlimited
CompressedClassSpaceSize: 1.00 GB
Initial GC threshold: 21.00 MB
Current GC threshold: 57.44 MB
CDS: on
 - commit_granule_bytes: 65536.
 - commit_granule_words: 8192.
 - virtual_space_node_default_size: 8388608.
 - enlarge_chunks_in_place: 1.
 - use_allocation_guard: 0.


Internal statistics:

num_allocs_failed_limit: 3.
num_arena_births: 624.
num_arena_deaths: 0.
num_vsnodes_births: 2.
num_vsnodes_deaths: 0.
num_space_committed: 554.
num_space_uncommitted: 0.
num_chunks_returned_to_freelist: 3.
num_chunks_taken_from_freelist: 2031.
num_chunk_merges: 3.
num_chunk_splits: 1389.
num_chunks_enlarged: 995.
num_inconsistent_stats: 0.

CodeHeap 'non-profiled nmethods': size=119168Kb used=7884Kb max_used=7884Kb free=111283Kb
 bounds [0x00000170b4830000, 0x00000170b4ff0000, 0x00000170bbc90000]
CodeHeap 'profiled nmethods': size=119104Kb used=19381Kb max_used=20719Kb free=99722Kb
 bounds [0x00000170acc90000, 0x00000170ae0d0000, 0x00000170b40e0000]
CodeHeap 'non-nmethods': size=7488Kb used=3165Kb max_used=3229Kb free=4322Kb
 bounds [0x00000170b40e0000, 0x00000170b4420000, 0x00000170b4830000]
 total_blobs=9784 nmethods=9232 adapters=452
 compilation: enabled
              stopped_count=0, restarted_count=0
 full_count=0

Compilation events (20 events):
Event: 14.302 Thread 0x00000170c4481680 11612       4       java.lang.invoke.MethodType::makeImpl (109 bytes)
Event: 14.303 Thread 0x000001710c3498a0 nmethod 11703 0x00000170b4fdf910 code [0x00000170b4fdfaa0, 0x00000170b4fdfdb8]
Event: 14.303 Thread 0x000001710c3498a0 11613       4       java.lang.invoke.MethodType$ConcurrentWeakInternSet::get (47 bytes)
Event: 14.309 Thread 0x000001710c3498a0 nmethod 11613 0x00000170b4fdfe90 code [0x00000170b4fe00c0, 0x00000170b4fe0b40]
Event: 14.309 Thread 0x000001710c3498a0 11619       4       com.sun.tools.javac.code.Symtab$$Lambda/0x00000170c63d2bd0::apply (8 bytes)
Event: 14.313 Thread 0x000001710c3498a0 nmethod 11619 0x00000170b4fe1090 code [0x00000170b4fe1260, 0x00000170b4fe1708]
Event: 14.313 Thread 0x000001710c3498a0 11744       4       com.sun.tools.javac.code.Types::interfaces (12 bytes)
Event: 14.314 Thread 0x000001710c3498a0 nmethod 11744 0x00000170b4fe1990 code [0x00000170b4fe1b40, 0x00000170b4fe1cb8]
Event: 14.314 Thread 0x000001710c3498a0 11714       4       com.sun.tools.javac.util.ListBuffer::nonEmpty (13 bytes)
Event: 14.314 Thread 0x000001710c3498a0 nmethod 11714 0x00000170b4fe1e10 code [0x00000170b4fe1fa0, 0x00000170b4fe2038]
Event: 14.314 Thread 0x000001710c3498a0 11745       4       com.sun.tools.javac.code.Kinds$Kind::isValid (16 bytes)
Event: 14.314 Thread 0x000001710c3498a0 nmethod 11745 0x00000170b4fe2110 code [0x00000170b4fe22a0, 0x00000170b4fe2338]
Event: 14.314 Thread 0x000001710c3498a0 11753       4       com.sun.tools.javac.comp.MemberEnter$InitTreeVisitor::<init> (10 bytes)
Event: 14.314 Thread 0x000001710c3498a0 nmethod 11753 0x00000170b4fe2410 code [0x00000170b4fe25a0, 0x00000170b4fe2630]
Event: 14.314 Thread 0x000001710c3498a0 11751       4       com.sun.tools.javac.comp.Resolve$InterfaceLookupPhase::values (10 bytes)
Event: 14.315 Thread 0x000001710c3498a0 nmethod 11751 0x00000170b4fe2710 code [0x00000170b4fe28a0, 0x00000170b4fe29a8]
Event: 14.315 Thread 0x000001710c3498a0 11752       4       com.sun.tools.javac.code.Types::union (11 bytes)
Event: 14.315 Thread 0x000001710c3498a0 nmethod 11752 0x00000170b4fe2a90 code [0x00000170b4fe2c20, 0x00000170b4fe2d68]
Event: 14.315 Thread 0x000001710c3498a0 11588       4       com.sun.tools.javac.tree.JCTree$JCNewClass::accept (6 bytes)
Event: 14.316 Thread 0x000001710c3498a0 nmethod 11588 0x00000170b4fe2f10 code [0x00000170b4fe30a0, 0x00000170b4fe3158]

GC Heap History (20 events):
Event: 10.439 GC heap after
{Heap after GC invocations=29 (full 0):
 garbage-first heap   total 512000K, used 237921K [0x0000000705400000, 0x0000000800000000)
  region size 2048K, 7 young (14336K), 7 survivors (14336K)
 Metaspace       used 34339K, committed 34944K, reserved 1114112K
  class space    used 3819K, committed 4096K, reserved 1048576K
}
Event: 10.866 GC heap before
{Heap before GC invocations=30 (full 0):
 garbage-first heap   total 512000K, used 416097K [0x0000000705400000, 0x0000000800000000)
  region size 2048K, 108 young (221184K), 7 survivors (14336K)
 Metaspace       used 34434K, committed 35008K, reserved 1114112K
  class space    used 3821K, committed 4096K, reserved 1048576K
}
Event: 10.880 GC heap after
{Heap after GC invocations=31 (full 0):
 garbage-first heap   total 512000K, used 231323K [0x0000000705400000, 0x0000000800000000)
  region size 2048K, 14 young (28672K), 14 survivors (28672K)
 Metaspace       used 34434K, committed 35008K, reserved 1114112K
  class space    used 3821K, committed 4096K, reserved 1048576K
}
Event: 11.209 GC heap before
{Heap before GC invocations=31 (full 0):
 garbage-first heap   total 512000K, used 452507K [0x0000000705400000, 0x0000000800000000)
  region size 2048K, 111 young (227328K), 14 survivors (28672K)
 Metaspace       used 34636K, committed 35264K, reserved 1114112K
  class space    used 3842K, committed 4160K, reserved 1048576K
}
Event: 11.229 GC heap after
{Heap after GC invocations=32 (full 0):
 garbage-first heap   total 512000K, used 265642K [0x0000000705400000, 0x0000000800000000)
  region size 2048K, 9 young (18432K), 9 survivors (18432K)
 Metaspace       used 34636K, committed 35264K, reserved 1114112K
  class space    used 3842K, committed 4160K, reserved 1048576K
}
Event: 11.422 GC heap before
{Heap before GC invocations=32 (full 0):
 garbage-first heap   total 512000K, used 411050K [0x0000000705400000, 0x0000000800000000)
  region size 2048K, 81 young (165888K), 9 survivors (18432K)
 Metaspace       used 34680K, committed 35264K, reserved 1114112K
  class space    used 3843K, committed 4160K, reserved 1048576K
}
Event: 11.434 GC heap after
{Heap after GC invocations=33 (full 0):
 garbage-first heap   total 512000K, used 278473K [0x0000000705400000, 0x0000000800000000)
  region size 2048K, 7 young (14336K), 7 survivors (14336K)
 Metaspace       used 34680K, committed 35264K, reserved 1114112K
  class space    used 3843K, committed 4160K, reserved 1048576K
}
Event: 11.682 GC heap before
{Heap before GC invocations=34 (full 0):
 garbage-first heap   total 512000K, used 423881K [0x0000000705400000, 0x0000000800000000)
  region size 2048K, 97 young (198656K), 7 survivors (14336K)
 Metaspace       used 34709K, committed 35328K, reserved 1114112K
  class space    used 3843K, committed 4160K, reserved 1048576K
}
Event: 11.693 GC heap after
{Heap after GC invocations=35 (full 0):
 garbage-first heap   total 512000K, used 248675K [0x0000000705400000, 0x0000000800000000)
  region size 2048K, 11 young (22528K), 11 survivors (22528K)
 Metaspace       used 34709K, committed 35328K, reserved 1114112K
  class space    used 3843K, committed 4160K, reserved 1048576K
}
Event: 11.919 GC heap before
{Heap before GC invocations=35 (full 0):
 garbage-first heap   total 512000K, used 453475K [0x0000000705400000, 0x0000000800000000)
  region size 2048K, 111 young (227328K), 11 survivors (22528K)
 Metaspace       used 34749K, committed 35328K, reserved 1114112K
  class space    used 3845K, committed 4160K, reserved 1048576K
}
Event: 11.980 GC heap after
{Heap after GC invocations=36 (full 0):
 garbage-first heap   total 819200K, used 254923K [0x0000000705400000, 0x0000000800000000)
  region size 2048K, 13 young (26624K), 13 survivors (26624K)
 Metaspace       used 34749K, committed 35328K, reserved 1114112K
  class space    used 3845K, committed 4160K, reserved 1048576K
}
Event: 12.522 GC heap before
{Heap before GC invocations=36 (full 0):
 garbage-first heap   total 819200K, used 672715K [0x0000000705400000, 0x0000000800000000)
  region size 2048K, 203 young (415744K), 13 survivors (26624K)
 Metaspace       used 34789K, committed 35392K, reserved 1114112K
  class space    used 3846K, committed 4160K, reserved 1048576K
}
Event: 12.545 GC heap after
{Heap after GC invocations=37 (full 0):
 garbage-first heap   total 819200K, used 317273K [0x0000000705400000, 0x0000000800000000)
  region size 2048K, 26 young (53248K), 26 survivors (53248K)
 Metaspace       used 34789K, committed 35392K, reserved 1114112K
  class space    used 3846K, committed 4160K, reserved 1048576K
}
Event: 12.886 GC heap before
{Heap before GC invocations=37 (full 0):
 garbage-first heap   total 819200K, used 649049K [0x0000000705400000, 0x0000000800000000)
  region size 2048K, 189 young (387072K), 26 survivors (53248K)
 Metaspace       used 34797K, committed 35392K, reserved 1114112K
  class space    used 3848K, committed 4160K, reserved 1048576K
}
Event: 12.919 GC heap after
{Heap after GC invocations=38 (full 0):
 garbage-first heap   total 819200K, used 337835K [0x0000000705400000, 0x0000000800000000)
  region size 2048K, 9 young (18432K), 9 survivors (18432K)
 Metaspace       used 34797K, committed 35392K, reserved 1114112K
  class space    used 3848K, committed 4160K, reserved 1048576K
}
Event: 13.427 GC heap before
{Heap before GC invocations=39 (full 0):
 garbage-first heap   total 819200K, used 729003K [0x0000000705400000, 0x0000000800000000)
  region size 2048K, 192 young (393216K), 9 survivors (18432K)
 Metaspace       used 34800K, committed 35392K, reserved 1114112K
  class space    used 3848K, committed 4160K, reserved 1048576K
}
Event: 13.446 GC heap after
{Heap after GC invocations=40 (full 0):
 garbage-first heap   total 819200K, used 381521K [0x0000000705400000, 0x0000000800000000)
  region size 2048K, 21 young (43008K), 21 survivors (43008K)
 Metaspace       used 34800K, committed 35392K, reserved 1114112K
  class space    used 3848K, committed 4160K, reserved 1048576K
}
Event: 13.907 GC heap before
{Heap before GC invocations=40 (full 0):
 garbage-first heap   total 819200K, used 758353K [0x0000000705400000, 0x0000000800000000)
  region size 2048K, 193 young (395264K), 21 survivors (43008K)
 Metaspace       used 34873K, committed 35456K, reserved 1114112K
  class space    used 3852K, committed 4160K, reserved 1048576K
}
Event: 13.940 GC heap after
{Heap after GC invocations=41 (full 0):
 garbage-first heap   total 833536K, used 425906K [0x0000000705400000, 0x0000000800000000)
  region size 2048K, 25 young (51200K), 25 survivors (51200K)
 Metaspace       used 34873K, committed 35456K, reserved 1114112K
  class space    used 3852K, committed 4160K, reserved 1048576K
}
Event: 14.316 GC heap before
{Heap before GC invocations=41 (full 0):
 garbage-first heap   total 833536K, used 739250K [0x0000000705400000, 0x0000000800000000)
  region size 2048K, 178 young (364544K), 25 survivors (51200K)
 Metaspace       used 34876K, committed 35456K, reserved 1114112K
  class space    used 3852K, committed 4160K, reserved 1048576K
}

Dll operation events (8 events):
Event: 0.009 Loaded shared library C:\Program Files\Java\jdk-21.0.10\bin\java.dll
Event: 0.038 Loaded shared library C:\Program Files\Java\jdk-21.0.10\bin\jsvml.dll
Event: 0.056 Loaded shared library C:\Program Files\Java\jdk-21.0.10\bin\net.dll
Event: 0.057 Loaded shared library C:\Program Files\Java\jdk-21.0.10\bin\nio.dll
Event: 0.061 Loaded shared library C:\Program Files\Java\jdk-21.0.10\bin\zip.dll
Event: 0.257 Loaded shared library C:\Program Files\Java\jdk-21.0.10\bin\jimage.dll
Event: 0.258 Loaded shared library C:\Users\sesol\.m2\wrapper\dists\apache-maven-3.9.12\59fe215c0ad6947fea90184bf7add084544567b927287592651fda3782e0e798\lib\jansi-native\Windows\x86_64\jansi.dll
Event: 0.278 Loaded shared library C:\Program Files\Java\jdk-21.0.10\bin\verify.dll

Deoptimization events (20 events):
Event: 13.884 Thread 0x00000170a23e2190 Uncommon trap: trap_request=0xffffff45 fr.pc=0x00000170b4cbbd24 relative=0x0000000000000304
Event: 13.884 Thread 0x00000170a23e2190 Uncommon trap: reason=unstable_if action=reinterpret pc=0x00000170b4cbbd24 method=com.sun.tools.javac.code.Types$12.visitClassType(Lcom/sun/tools/javac/code/Type$ClassType;Lcom/sun/tools/javac/code/Symbol;)Lcom/sun/tools/javac/code/Type; @ 76 c2
Event: 13.884 Thread 0x00000170a23e2190 DEOPT PACKING pc=0x00000170b4cbbd24 sp=0x0000004d9defc8b0
Event: 13.884 Thread 0x00000170a23e2190 DEOPT UNPACKING pc=0x00000170b41346a2 sp=0x0000004d9defc850 mode 2
Event: 13.884 Thread 0x00000170a23e2190 Uncommon trap: trap_request=0xffffffde fr.pc=0x00000170b4eaa00c relative=0x000000000000390c
Event: 13.884 Thread 0x00000170a23e2190 Uncommon trap: reason=class_check action=maybe_recompile pc=0x00000170b4eaa00c method=com.sun.tools.javac.util.List.toArray([Ljava/lang/Object;)[Ljava/lang/Object; @ 27 c2
Event: 13.884 Thread 0x00000170a23e2190 DEOPT PACKING pc=0x00000170b4eaa00c sp=0x0000004d9defd380
Event: 13.884 Thread 0x00000170a23e2190 DEOPT UNPACKING pc=0x00000170b41346a2 sp=0x0000004d9defd1c0 mode 2
Event: 14.105 Thread 0x00000170a23e2190 DEOPT PACKING pc=0x00000170adf38a03 sp=0x0000004d9defd4b0
Event: 14.105 Thread 0x00000170a23e2190 DEOPT UNPACKING pc=0x00000170b4134e42 sp=0x0000004d9defc9a8 mode 0
Event: 14.105 Thread 0x00000170a23e2190 DEOPT PACKING pc=0x00000170adf50949 sp=0x0000004d9defd340
Event: 14.105 Thread 0x00000170a23e2190 DEOPT UNPACKING pc=0x00000170b4134e42 sp=0x0000004d9defc850 mode 0
Event: 14.141 Thread 0x00000170a23e2190 DEOPT PACKING pc=0x00000170adf838c4 sp=0x0000004d9defd150
Event: 14.141 Thread 0x00000170a23e2190 DEOPT UNPACKING pc=0x00000170b4134e42 sp=0x0000004d9defc630 mode 0
Event: 14.163 Thread 0x00000170a23e2190 DEOPT PACKING pc=0x00000170adf83836 sp=0x0000004d9defd290
Event: 14.163 Thread 0x00000170a23e2190 DEOPT UNPACKING pc=0x00000170b4134e42 sp=0x0000004d9defc778 mode 0
Event: 14.173 Thread 0x00000170a23e2190 DEOPT PACKING pc=0x00000170adf838c4 sp=0x0000004d9defd290
Event: 14.173 Thread 0x00000170a23e2190 DEOPT UNPACKING pc=0x00000170b4134e42 sp=0x0000004d9defc770 mode 0
Event: 14.178 Thread 0x00000170a23e2190 DEOPT PACKING pc=0x00000170adf87d9a sp=0x0000004d9defd480
Event: 14.178 Thread 0x00000170a23e2190 DEOPT UNPACKING pc=0x00000170b4134e42 sp=0x0000004d9defc978 mode 0

Classes loaded (20 events):
Event: 8.717 Loading class java/util/Collections$UnmodifiableSortedSet
Event: 8.717 Loading class java/util/Collections$UnmodifiableSortedSet done
Event: 8.727 Loading class java/util/IdentityHashMap$EntrySet
Event: 8.727 Loading class java/util/IdentityHashMap$EntrySet done
Event: 8.728 Loading class java/util/IdentityHashMap$EntryIterator
Event: 8.728 Loading class java/util/IdentityHashMap$EntryIterator done
Event: 8.728 Loading class java/util/IdentityHashMap$EntryIterator$Entry
Event: 8.728 Loading class java/util/IdentityHashMap$EntryIterator$Entry done
Event: 8.734 Loading class java/util/function/UnaryOperator
Event: 8.734 Loading class java/util/function/UnaryOperator done
Event: 8.742 Loading class java/util/regex/Pattern$Caret
Event: 8.742 Loading class java/util/regex/Pattern$Caret done
Event: 9.864 Loading class java/util/regex/Pattern$SliceI
Event: 9.864 Loading class java/util/regex/Pattern$SliceI done
Event: 9.866 Loading class java/util/regex/Pattern$Loop
Event: 9.866 Loading class java/util/regex/Pattern$Loop done
Event: 9.866 Loading class java/util/regex/Pattern$Prolog
Event: 9.866 Loading class java/util/regex/Pattern$Prolog done
Event: 10.235 Loading class java/util/regex/Pattern$End
Event: 10.235 Loading class java/util/regex/Pattern$End done

Classes unloaded (0 events):
No events

Classes redefined (0 events):
No events

Internal exceptions (20 events):
Event: 9.873 Thread 0x00000170a23e2190 Exception <a 'java/lang/NoSuchMethodError'{0x0000000718cc19c0}: 'long java.lang.invoke.DirectMethodHandle$Holder.invokeStatic(java.lang.Object, java.lang.Object, int)'> (0x0000000718cc19c0) 
thrown [s\open\src\hotspot\share\interpreter\linkResolver.cpp, line 773]
Event: 9.874 Thread 0x00000170a23e2190 Exception <a 'java/lang/NoSuchMethodError'{0x0000000718cd3350}: 'java.lang.Object java.lang.invoke.DirectMethodHandle$Holder.invokeVirtual(java.lang.Object, java.lang.Object, java.lang.Object, java.lang.Object, java.lang.Object, java.lang.Object, java.lang.Object, java.lang.Object)'> (0x0000000718cd3350) 
thrown [s\open\src\hotspot\share\interpreter\linkResolver.cpp, line 773]
Event: 9.875 Thread 0x00000170a23e2190 Exception <a 'java/lang/NoSuchMethodError'{0x0000000718cede28}: 'java.lang.Object java.lang.invoke.DirectMethodHandle$Holder.invokeStatic(java.lang.Object, java.lang.Object, int)'> (0x0000000718cede28) 
thrown [s\open\src\hotspot\share\interpreter\linkResolver.cpp, line 773]
Event: 9.876 Thread 0x00000170a23e2190 Exception <a 'java/lang/NoSuchMethodError'{0x0000000718cf23a0}: 'void java.lang.invoke.DirectMethodHandle$Holder.invokeStatic(java.lang.Object, java.lang.Object, int, java.lang.Object)'> (0x0000000718cf23a0) 
thrown [s\open\src\hotspot\share\interpreter\linkResolver.cpp, line 773]
Event: 9.876 Thread 0x00000170a23e2190 Exception <a 'java/lang/NoSuchMethodError'{0x0000000718cf9658}: 'void java.lang.invoke.DelegatingMethodHandle$Holder.delegate(java.lang.Object, java.lang.Object, int, java.lang.Object)'> (0x0000000718cf9658) 
thrown [s\open\src\hotspot\share\interpreter\linkResolver.cpp, line 773]
Event: 9.892 Thread 0x00000170a23e2190 Exception <a 'java/lang/NoSuchMethodError'{0x0000000718a27290}: 'java.lang.Object java.lang.invoke.DirectMethodHandle$Holder.invokeVirtual(java.lang.Object, java.lang.Object, java.lang.Object, java.lang.Object, java.lang.Object, java.lang.Object)'> (0x0000000718a27290) 
thrown [s\open\src\hotspot\share\interpreter\linkResolver.cpp, line 773]
Event: 9.894 Thread 0x00000170a23e2190 Implicit null exception at 0x00000170b4a4c27d to 0x00000170b4a4c3f4
Event: 9.894 Thread 0x00000170a23e2190 Exception <a 'java/lang/NoSuchMethodError'{0x0000000718a48c68}: 'void java.lang.invoke.DirectMethodHandle$Holder.invokeVirtual(java.lang.Object, java.lang.Object, java.lang.Object, java.lang.Object)'> (0x0000000718a48c68) 
thrown [s\open\src\hotspot\share\interpreter\linkResolver.cpp, line 773]
Event: 9.903 Thread 0x00000170a23e2190 Exception <a 'java/lang/NoSuchMethodError'{0x0000000718b310b0}: 'java.lang.Object java.lang.invoke.DirectMethodHandle$Holder.invokeVirtual(java.lang.Object, java.lang.Object, long, java.lang.Object)'> (0x0000000718b310b0) 
thrown [s\open\src\hotspot\share\interpreter\linkResolver.cpp, line 773]
Event: 9.904 Thread 0x00000170a23e2190 Exception <a 'java/lang/NoSuchMethodError'{0x0000000718b34ef0}: 'java.lang.Object java.lang.invoke.DirectMethodHandle$Holder.invokeSpecial(java.lang.Object, java.lang.Object, java.lang.Object, long, java.lang.Object)'> (0x0000000718b34ef0) 
thrown [s\open\src\hotspot\share\interpreter\linkResolver.cpp, line 773]
Event: 9.904 Thread 0x00000170a23e2190 Exception <a 'java/lang/NoSuchMethodError'{0x0000000718b38bc0}: 'java.lang.Object java.lang.invoke.DelegatingMethodHandle$Holder.reinvoke_L(java.lang.Object, java.lang.Object, long, java.lang.Object)'> (0x0000000718b38bc0) 
thrown [s\open\src\hotspot\share\interpreter\linkResolver.cpp, line 773]
Event: 9.905 Thread 0x00000170a23e2190 Exception <a 'java/lang/NoSuchMethodError'{0x0000000718b4d3f0}: 'java.lang.Object java.lang.invoke.DirectMethodHandle$Holder.invokeVirtual(java.lang.Object, java.lang.Object, java.lang.Object, java.lang.Object, java.lang.Object, java.lang.Object, java.lang.Object, java.lang.Object, java.lang.Object, java.lang.Object)'> (0x0000000718b4d3f0) 
thrown [s\open\src\hotspot\share\interpreter\linkResolver.cpp, line 773]
Event: 9.934 Thread 0x00000170a23e2190 Exception <a 'java/lang/NoSuchMethodError'{0x000000071868e018}: 'java.lang.Object java.lang.invoke.DirectMethodHandle$Holder.invokeVirtual(java.lang.Object, java.lang.Object, java.lang.Object, java.lang.Object, java.lang.Object, java.lang.Object, java.lang.Object)'> (0x000000071868e018) 
thrown [s\open\src\hotspot\share\interpreter\linkResolver.cpp, line 773]
Event: 9.938 Thread 0x00000170a23e2190 Exception <a 'java/lang/NoSuchMethodError'{0x00000007186e3cd8}: 'java.lang.Object java.lang.invoke.DirectMethodHandle$Holder.invokeVirtual(java.lang.Object, java.lang.Object, java.lang.Object, java.lang.Object, java.lang.Object)'> (0x00000007186e3cd8) 
thrown [s\open\src\hotspot\share\interpreter\linkResolver.cpp, line 773]
Event: 10.212 Thread 0x00000170a23e2190 Exception <a 'java/lang/NoSuchMethodError'{0x0000000719948850}: 'int java.lang.invoke.Invokers$Holder.invokeExact_MT(java.lang.Object, java.lang.Object, java.lang.Object)'> (0x0000000719948850) 
thrown [s\open\src\hotspot\share\interpreter\linkResolver.cpp, line 773]
Event: 10.978 Thread 0x00000170a23e2190 Implicit null exception at 0x00000170b4c5c001 to 0x00000170b4c5c769
Event: 13.754 Thread 0x00000170a23e2190 Exception <a 'sun/nio/fs/WindowsException'{0x0000000728a9c8a0}> (0x0000000728a9c8a0) 
thrown [s\open\src\hotspot\share\prims\jni.cpp, line 520]
Event: 13.756 Thread 0x00000170a23e2190 Exception <a 'sun/nio/fs/WindowsException'{0x0000000728a9d288}> (0x0000000728a9d288) 
thrown [s\open\src\hotspot\share\prims\jni.cpp, line 520]
Event: 13.756 Thread 0x00000170a23e2190 Exception <a 'sun/nio/fs/WindowsException'{0x0000000728a9dd50}> (0x0000000728a9dd50) 
thrown [s\open\src\hotspot\share\prims\jni.cpp, line 520]
Event: 13.879 Thread 0x00000170a23e2190 Implicit null exception at 0x00000170b4e17f69 to 0x00000170b4e19982

ZGC Phase Switch (0 events):
No events

VM Operations (20 events):
Event: 11.562 Executing VM operation: G1PauseCleanup done
Event: 11.682 Executing VM operation: G1CollectForAllocation (G1 Evacuation Pause)
Event: 11.693 Executing VM operation: G1CollectForAllocation (G1 Evacuation Pause) done
Event: 11.918 Executing VM operation: G1CollectForAllocation (G1 Evacuation Pause)
Event: 11.980 Executing VM operation: G1CollectForAllocation (G1 Evacuation Pause) done
Event: 12.522 Executing VM operation: G1CollectForAllocation (G1 Evacuation Pause)
Event: 12.545 Executing VM operation: G1CollectForAllocation (G1 Evacuation Pause) done
Event: 12.886 Executing VM operation: G1TryInitiateConcMark (G1 Humongous Allocation)
Event: 12.919 Executing VM operation: G1TryInitiateConcMark (G1 Humongous Allocation) done
Event: 13.014 Executing VM operation: G1PauseRemark
Event: 13.020 Executing VM operation: G1PauseRemark done
Event: 13.109 Executing VM operation: G1PauseCleanup
Event: 13.109 Executing VM operation: G1PauseCleanup done
Event: 13.427 Executing VM operation: G1CollectForAllocation (G1 Evacuation Pause)
Event: 13.446 Executing VM operation: G1CollectForAllocation (G1 Evacuation Pause) done
Event: 13.766 Executing VM operation: ICBufferFull
Event: 13.766 Executing VM operation: ICBufferFull done
Event: 13.907 Executing VM operation: G1CollectForAllocation (G1 Evacuation Pause)
Event: 13.940 Executing VM operation: G1CollectForAllocation (G1 Evacuation Pause) done
Event: 14.316 Executing VM operation: G1CollectForAllocation (G1 Evacuation Pause)

Events (20 events):
Event: 13.019 Thread 0x00000170c430a770 flushing nmethod 0x00000170adcc2e10
Event: 13.019 Thread 0x00000170c430a770 flushing nmethod 0x00000170adcc7b90
Event: 13.019 Thread 0x00000170c430a770 flushing nmethod 0x00000170add16a90
Event: 13.019 Thread 0x00000170c430a770 flushing nmethod 0x00000170add6a110
Event: 13.019 Thread 0x00000170c430a770 flushing nmethod 0x00000170ade10190
Event: 13.019 Thread 0x00000170c430a770 flushing nmethod 0x00000170ade11010
Event: 13.019 Thread 0x00000170c430a770 flushing nmethod 0x00000170ade14190
Event: 13.019 Thread 0x00000170c430a770 flushing nmethod 0x00000170ade14790
Event: 13.019 Thread 0x00000170c430a770 flushing nmethod 0x00000170ade15190
Event: 13.019 Thread 0x00000170c430a770 flushing nmethod 0x00000170ade17a10
Event: 13.019 Thread 0x00000170c430a770 flushing nmethod 0x00000170ade29390
Event: 13.019 Thread 0x00000170c430a770 flushing nmethod 0x00000170ade2df90
Event: 13.019 Thread 0x00000170c430a770 flushing nmethod 0x00000170ade2ef90
Event: 13.019 Thread 0x00000170c430a770 flushing nmethod 0x00000170ade2f610
Event: 13.019 Thread 0x00000170c430a770 flushing nmethod 0x00000170ade30210
Event: 13.019 Thread 0x00000170c430a770 flushing nmethod 0x00000170ade31610
Event: 13.019 Thread 0x00000170c430a770 flushing nmethod 0x00000170adf71290
Event: 13.019 Thread 0x00000170c430a770 flushing nmethod 0x00000170adf73910
Event: 13.019 Thread 0x00000170c430a770 flushing nmethod 0x00000170adf75e10
Event: 13.019 Thread 0x00000170c430a770 flushing nmethod 0x00000170adf8ae90


Dynamic libraries:
0x00007ff7dca60000 - 0x00007ff7dca70000 	C:\Program Files\Java\jdk-21.0.10\bin\java.exe
0x00007ff80cee0000 - 0x00007ff80d147000 	C:\Windows\SYSTEM32\ntdll.dll
0x00007ff80b2b0000 - 0x00007ff80b37b000 	C:\Windows\System32\KERNEL32.DLL
0x00007ff80a7f0000 - 0x00007ff80abf2000 	C:\Windows\System32\KERNELBASE.dll
0x00007ff80a440000 - 0x00007ff80a58c000 	C:\Windows\System32\ucrtbase.dll
0x00007fffe12b0000 - 0x00007fffe12c9000 	C:\Program Files\Java\jdk-21.0.10\bin\jli.dll
0x00007fffe1270000 - 0x00007fffe128e000 	C:\Program Files\Java\jdk-21.0.10\bin\VCRUNTIME140.dll
0x00007ff80cb50000 - 0x00007ff80cc0c000 	C:\Windows\System32\ADVAPI32.dll
0x00007ff80bb20000 - 0x00007ff80bbc9000 	C:\Windows\System32\msvcrt.dll
0x00007ff80ac50000 - 0x00007ff80acf9000 	C:\Windows\System32\sechost.dll
0x00007ff80ad00000 - 0x00007ff80ae18000 	C:\Windows\System32\RPCRT4.dll
0x00007ff80c5d0000 - 0x00007ff80c79f000 	C:\Windows\System32\USER32.dll
0x00007ff80a0e0000 - 0x00007ff80a107000 	C:\Windows\System32\win32u.dll
0x00007ff80ac00000 - 0x00007ff80ac2b000 	C:\Windows\System32\GDI32.dll
0x00007ff80a1c0000 - 0x00007ff80a2e9000 	C:\Windows\System32\gdi32full.dll
0x00007ff80a110000 - 0x00007ff80a1b3000 	C:\Windows\System32\msvcp_win.dll
0x00007ffff40f0000 - 0x00007ffff4380000 	C:\Windows\WinSxS\amd64_microsoft.windows.common-controls_6595b64144ccf1df_6.0.26100.9278_none_3e0d1ba8e3303201\COMCTL32.dll
0x00007ff802070000 - 0x00007ff80207b000 	C:\Windows\SYSTEM32\VERSION.dll
0x00007ff80c170000 - 0x00007ff80c1a1000 	C:\Windows\System32\IMM32.DLL
0x00007fffe1260000 - 0x00007fffe126c000 	C:\Program Files\Java\jdk-21.0.10\bin\vcruntime140_1.dll
0x00007fff87050000 - 0x00007fff870dd000 	C:\Program Files\Java\jdk-21.0.10\bin\msvcp140.dll
0x00007fff0f260000 - 0x00007fff0ff87000 	C:\Program Files\Java\jdk-21.0.10\bin\server\jvm.dll
0x00007ff80cc20000 - 0x00007ff80cca0000 	C:\Windows\System32\WS2_32.dll
0x00007ff809f60000 - 0x00007ff809fbe000 	C:\Windows\SYSTEM32\POWRPROF.dll
0x00007ff801000000 - 0x00007ff801036000 	C:\Windows\SYSTEM32\WINMM.dll
0x00007ff809f40000 - 0x00007ff809f55000 	C:\Windows\SYSTEM32\UMPDC.dll
0x00007ff808d80000 - 0x00007ff808d9b000 	C:\Windows\SYSTEM32\kernel.appcore.dll
0x00007fffe1250000 - 0x00007fffe125a000 	C:\Program Files\Java\jdk-21.0.10\bin\jimage.dll
0x00007ff804b70000 - 0x00007ff804dbc000 	C:\Windows\SYSTEM32\DBGHELP.DLL
0x00007ff80c1b0000 - 0x00007ff80c535000 	C:\Windows\System32\combase.dll
0x00007ff80c7b0000 - 0x00007ff80c889000 	C:\Windows\System32\OLEAUT32.dll
0x00007fffe8d50000 - 0x00007fffe8d8b000 	C:\Windows\SYSTEM32\dbgcore.DLL
0x00007ff80a5a0000 - 0x00007ff80a64c000 	C:\Windows\System32\bcryptPrimitives.dll
0x00007fffad710000 - 0x00007fffad731000 	C:\Program Files\Java\jdk-21.0.10\bin\java.dll
0x00007ff80b380000 - 0x00007ff80bb18000 	C:\Windows\System32\SHELL32.dll
0x00007ff807b00000 - 0x00007ff8083ae000 	C:\Windows\SYSTEM32\windows.storage.dll
0x00007ff80bee0000 - 0x00007ff80bfdb000 	C:\Windows\System32\SHCORE.dll
0x00007ff80c540000 - 0x00007ff80c5a6000 	C:\Windows\System32\shlwapi.dll
0x00007ff80a000000 - 0x00007ff80a029000 	C:\Windows\SYSTEM32\profapi.dll
0x00007fff86f70000 - 0x00007fff87047000 	C:\Program Files\Java\jdk-21.0.10\bin\jsvml.dll
0x00007fffba340000 - 0x00007fffba351000 	C:\Program Files\Java\jdk-21.0.10\bin\net.dll
0x00007ff8027c0000 - 0x00007ff8028ea000 	C:\Windows\SYSTEM32\WINHTTP.dll
0x00007ff809320000 - 0x00007ff80938c000 	C:\Windows\system32\mswsock.dll
0x00007fffae460000 - 0x00007fffae476000 	C:\Program Files\Java\jdk-21.0.10\bin\nio.dll
0x00007fffad6f0000 - 0x00007fffad708000 	C:\Program Files\Java\jdk-21.0.10\bin\zip.dll
0x00007fffad350000 - 0x00007fffad374000 	C:\Users\sesol\.m2\wrapper\dists\apache-maven-3.9.12\59fe215c0ad6947fea90184bf7add084544567b927287592651fda3782e0e798\lib\jansi-native\Windows\x86_64\jansi.dll
0x00007fffdada0000 - 0x00007fffdadb0000 	C:\Program Files\Java\jdk-21.0.10\bin\verify.dll
0x00007ff808eb0000 - 0x00007ff808ee6000 	C:\Windows\SYSTEM32\ntmarta.dll

dbghelp: loaded successfully - version: 4.0.5 - missing functions: none
symbol engine: initialized successfully - sym options: 0x614 - pdb path: .;C:\Program Files\Java\jdk-21.0.10\bin;C:\Windows\SYSTEM32;C:\Windows\WinSxS\amd64_microsoft.windows.common-controls_6595b64144ccf1df_6.0.26100.9278_none_3e0d1ba8e3303201;C:\Program Files\Java\jdk-21.0.10\bin\server;C:\Users\sesol\.m2\wrapper\dists\apache-maven-3.9.12\59fe215c0ad6947fea90184bf7add084544567b927287592651fda3782e0e798\lib\jansi-native\Windows\x86_64

VM Arguments:
jvm_args: --enable-native-access=ALL-UNNAMED -Dclassworlds.conf=C:\Users\sesol\.m2\wrapper\dists\apache-maven-3.9.12\59fe215c0ad6947fea90184bf7add084544567b927287592651fda3782e0e798\bin\m2.conf -Dmaven.home=C:\Users\sesol\.m2\wrapper\dists\apache-maven-3.9.12\59fe215c0ad6947fea90184bf7add084544567b927287592651fda3782e0e798 -Dlibrary.jansi.path=C:\Users\sesol\.m2\wrapper\dists\apache-maven-3.9.12\59fe215c0ad6947fea90184bf7add084544567b927287592651fda3782e0e798\lib\jansi-native -Dmaven.multiModuleProjectDirectory=C:\IstlReact\istlReact\istl_group_crm\Istl_group_crm_backend 
java_command: org.codehaus.plexus.classworlds.launcher.Launcher clean install
java_class_path (initial): C:\Users\sesol\.m2\wrapper\dists\apache-maven-3.9.12\59fe215c0ad6947fea90184bf7add084544567b927287592651fda3782e0e798\boot\plexus-classworlds-2.9.0.jar
Launcher Type: SUN_STANDARD

[Global flags]
     intx CICompilerCount                          = 12                                        {product} {ergonomic}
     uint ConcGCThreads                            = 3                                         {product} {ergonomic}
     uint G1ConcRefinementThreads                  = 13                                        {product} {ergonomic}
   size_t G1HeapRegionSize                         = 2097152                                   {product} {ergonomic}
    uintx GCDrainStackTargetSize                   = 64                                        {product} {ergonomic}
   size_t InitialHeapSize                          = 264241152                                 {product} {ergonomic}
   size_t MarkStackSize                            = 4194304                                   {product} {ergonomic}
   size_t MaxHeapSize                              = 4206886912                                {product} {ergonomic}
   size_t MaxNewSize                               = 2522873856                                {product} {ergonomic}
   size_t MinHeapDeltaBytes                        = 2097152                                   {product} {ergonomic}
   size_t MinHeapSize                              = 8388608                                   {product} {ergonomic}
    uintx NonNMethodCodeHeapSize                   = 7602480                                {pd product} {ergonomic}
    uintx NonProfiledCodeHeapSize                  = 122027880                              {pd product} {ergonomic}
    uintx ProfiledCodeHeapSize                     = 122027880                              {pd product} {ergonomic}
    uintx ReservedCodeCacheSize                    = 251658240                              {pd product} {ergonomic}
     bool SegmentedCodeCache                       = true                                      {product} {ergonomic}
   size_t SoftMaxHeapSize                          = 4206886912                             {manageable} {ergonomic}
     bool UseCompressedOops                        = true                           {product lp64_product} {ergonomic}
     bool UseG1GC                                  = true                                      {product} {ergonomic}
     bool UseLargePagesIndividualAllocation        = false                                  {pd product} {ergonomic}

Logging:
Log output configuration:
 #0: stdout all=warning uptime,level,tags foldmultilines=false
 #1: stderr all=off uptime,level,tags foldmultilines=false

Environment Variables:
JAVA_HOME=C:\Program Files\Java\jdk-21.0.10
PATH=C:\Program Files\Eclipse Adoptium\jdk-21.0.11.10-hotspot\bin;C:\Program Files\Common Files\Oracle\Java\javapath;C:\Windows\system32;C:\Windows;C:\Windows\System32\Wbem;C:\Windows\System32\WindowsPowerShell\v1.0\;C:\Windows\System32\OpenSSH\;C:\Program Files\Git\cmd;C:\Program Files\nodejs\;C:\Program Files\Java\jdk-21.0.10\bin;C:\Program Files\MySQL\MySQL Shell 8.0\bin\;C:\Users\sesol\AppData\Local\Microsoft\WindowsApps;C:\Users\sesol\AppData\Local\Programs\Microsoft VS Code\bin;C:\Users\sesol\AppData\Roaming\npm;c:\Users\sesol\.vscode\extensions\vscjava.vscode-java-debug-0.59.0\bundled\scripts\noConfigScripts
USERNAME=sesol
LANG=en_US.UTF-8
OS=Windows_NT
PROCESSOR_IDENTIFIER=Intel64 Family 6 Model 186 Stepping 2, GenuineIntel
TMP=C:\Users\sesol\AppData\Local\Temp
TEMP=C:\Users\sesol\AppData\Local\Temp




Periodic native trim disabled

---------------  S Y S T E M  ---------------

OS:
 Windows 11 , 64 bit Build 26100 (10.0.26100.9444)
OS uptime: 0 days 6:20 hours
Hyper-V role detected

CPU: total 16 (initial active 16) (8 cores per cpu, 2 threads per core) family 6 model 186 stepping 2 microcode 0x6134, cx8, cmov, fxsr, ht, mmx, 3dnowpref, sse, sse2, sse3, ssse3, sse4.1, sse4.2, popcnt, lzcnt, tsc, tscinvbit, avx, avx2, aes, erms, clmul, bmi1, bmi2, adx, sha, fma, vzeroupper, clflush, clflushopt, clwb, hv, serialize, rdtscp, rdpid, fsrm, f16c, cet_ibt, cet_ss
Processor Information for processor 0
  Max Mhz: 2400, Current Mhz: 2400, Mhz Limit: 2400
Processor Information for processor 1
  Max Mhz: 2400, Current Mhz: 2400, Mhz Limit: 2400
Processor Information for processor 2
  Max Mhz: 2400, Current Mhz: 2400, Mhz Limit: 2400
Processor Information for processor 3
  Max Mhz: 2400, Current Mhz: 2400, Mhz Limit: 2400
Processor Information for processor 4
  Max Mhz: 2400, Current Mhz: 2400, Mhz Limit: 2400
Processor Information for processor 5
  Max Mhz: 2400, Current Mhz: 2400, Mhz Limit: 2400
Processor Information for processor 6
  Max Mhz: 2400, Current Mhz: 2400, Mhz Limit: 2400
Processor Information for processor 7
  Max Mhz: 2400, Current Mhz: 2400, Mhz Limit: 2400
Processor Information for processor 8
  Max Mhz: 2400, Current Mhz: 2400, Mhz Limit: 2400
Processor Information for processor 9
  Max Mhz: 2400, Current Mhz: 2400, Mhz Limit: 2400
Processor Information for processor 10
  Max Mhz: 2400, Current Mhz: 2400, Mhz Limit: 2400
Processor Information for processor 11
  Max Mhz: 2400, Current Mhz: 2400, Mhz Limit: 2400
Processor Information for processor 12
  Max Mhz: 2400, Current Mhz: 2400, Mhz Limit: 2400
Processor Information for processor 13
  Max Mhz: 2400, Current Mhz: 2400, Mhz Limit: 2400
Processor Information for processor 14
  Max Mhz: 2400, Current Mhz: 1466, Mhz Limit: 2400
Processor Information for processor 15
  Max Mhz: 2400, Current Mhz: 2400, Mhz Limit: 2400

Memory: 4k page, system-wide physical 16044M (151M free)
TotalPageFile size 24236M (AvailPageFile size 20M)
current process WorkingSet (physical memory assigned to process): 992M, peak: 1000M
current process commit charge ("private bytes"): 1046M, peak: 1574M

vm_info: Java HotSpot(TM) 64-Bit Server VM (21.0.10+8-LTS-217) for windows-amd64 JRE (21.0.10+8-LTS-217), built on 2025-12-18T14:59:28Z by "mach5run" with MS VC++ 17.13 (VS2022)

END.
