#
# There is insufficient memory for the Java Runtime Environment to continue.
# Native memory allocation (malloc) failed to allocate 1962096 bytes. Error detail: Chunk::new
# Possible reasons:
#   The system is out of physical RAM or swap space
#   This process is running with CompressedOops enabled, and the Java Heap may be blocking the growth of the native heap
# Possible solutions:
#   Reduce memory load on the system
#   Increase physical memory or swap space
#   Check if swap backing store is full
#   Decrease Java heap size (-Xmx/-Xms)
#   Decrease number of Java threads
#   Decrease Java thread stack sizes (-Xss)
#   Set larger code cache with -XX:ReservedCodeCacheSize=
#   JVM is running with Zero Based Compressed Oops mode in which the Java heap is
#     placed in the first 32GB address space. The Java Heap base address is the
#     maximum limit for the native heap growth. Please use -XX:HeapBaseMinAddress
#     to set the Java Heap base and to place the Java Heap above 32GB virtual address.
# This output file may be truncated or incomplete.
#
#  Out of Memory Error (arena.cpp:168), pid=6812, tid=29540
#
# JRE version: OpenJDK Runtime Environment Temurin-21.0.10+7 (21.0.10+7) (build 21.0.10+7-LTS)
# Java VM: OpenJDK 64-Bit Server VM Temurin-21.0.10+7 (21.0.10+7-LTS, mixed mode, sharing, tiered, compressed oops, compressed class ptrs, g1 gc, windows-amd64)
# No core dump will be written. Minidumps are not enabled by default on client versions of Windows
#

---------------  S U M M A R Y ------------

Command Line: -Dfile.encoding=UTF-8 -Dstdout.encoding=UTF-8 -Dstderr.encoding=UTF-8 -XX:+ShowCodeDetailsInExceptionMessages com.istlgroup.istl_group_crm_backend.IstlGroupCrmBackendApplication

Host: 13th Gen Intel(R) Core(TM) i7-13620H, 16 cores, 15G,  Windows 11 , 64 bit Build 26100 (10.0.26100.8521)
Time: Fri Jul  3 15:36:46 2026 India Standard Time elapsed time: 19449.810550 seconds (0d 5h 24m 9s)

---------------  T H R E A D  ---------------

Current thread (0x0000024045663e20):  JavaThread "C2 CompilerThread2" daemon [_thread_in_native, id=29540, stack(0x000000533c300000,0x000000533c400000) (1024K)]


Current CompileTask:
C2:19449811 49524 %     4       org.springframework.asm.ClassReader::readMethod @ 103 (1061 bytes)

Stack: [0x000000533c300000,0x000000533c400000]
Native frames: (J=compiled Java code, j=interpreted, Vv=VM code, C=native code)
V  [jvm.dll+0x6d7a39]
V  [jvm.dll+0x8b4b26]
V  [jvm.dll+0x8b70de]
V  [jvm.dll+0x8b77c3]
V  [jvm.dll+0x284346]
V  [jvm.dll+0xc66ed]
V  [jvm.dll+0xc6c31]
V  [jvm.dll+0x3bec01]
V  [jvm.dll+0x1e3f69]
V  [jvm.dll+0x24c6b3]
V  [jvm.dll+0x24bb40]
V  [jvm.dll+0x1cb34e]
V  [jvm.dll+0x25b85d]
V  [jvm.dll+0x259dea]
V  [jvm.dll+0x3f857e]
V  [jvm.dll+0x85f59d]
V  [jvm.dll+0x6d626d]
C  [ucrtbase.dll+0x2cd30]
C  [KERNEL32.DLL+0x2e957]
C  [ntdll.dll+0x87c1c]


---------------  P R O C E S S  ---------------

Threads class SMR info:
_java_thread_list=0x0000024041d62970, length=31, elements={
0x000002407a01d950, 0x000002407a020570, 0x000002407a02d160, 0x000002407a02f230,
0x000002407a02d7f0, 0x000002407a0305e0, 0x000002407a039ee0, 0x000002407a154090,
0x000002407a02f8c0, 0x000002407a02e510, 0x0000024042ecc010, 0x0000024044dca910,
0x0000024043df9210, 0x000002404367f240, 0x0000024042b2a440, 0x000002404367aa10,
0x0000024042b34590, 0x0000024041c4aba0, 0x0000024045663080, 0x0000024045663e20,
0x00000240456629b0, 0x0000024045665290, 0x0000024045661c10, 0x000002404bcab1b0,
0x00000240456622e0, 0x0000024045667b70, 0x00000240456674a0, 0x0000024045666dd0,
0x000002407ad379c0, 0x000002404bca9e00, 0x0000024045c056f0
}

Java Threads: ( => current thread )
  0x000002407a01d950 JavaThread "Reference Handler"          daemon [_thread_blocked, id=24028, stack(0x0000005337500000,0x0000005337600000) (1024K)]
  0x000002407a020570 JavaThread "Finalizer"                  daemon [_thread_blocked, id=9440, stack(0x0000005337600000,0x0000005337700000) (1024K)]
  0x000002407a02d160 JavaThread "Signal Dispatcher"          daemon [_thread_blocked, id=34540, stack(0x0000005337700000,0x0000005337800000) (1024K)]
  0x000002407a02f230 JavaThread "Attach Listener"            daemon [_thread_blocked, id=27404, stack(0x0000005337800000,0x0000005337900000) (1024K)]
  0x000002407a02d7f0 JavaThread "Service Thread"             daemon [_thread_blocked, id=22844, stack(0x0000005337900000,0x0000005337a00000) (1024K)]
  0x000002407a0305e0 JavaThread "Monitor Deflation Thread"   daemon [_thread_blocked, id=1844, stack(0x0000005337a00000,0x0000005337b00000) (1024K)]
  0x000002407a039ee0 JavaThread "C2 CompilerThread0"         daemon [_thread_in_native, id=14048, stack(0x0000005337b00000,0x0000005337c00000) (1024K)]
  0x000002407a154090 JavaThread "C1 CompilerThread0"         daemon [_thread_in_native, id=23020, stack(0x0000005337c00000,0x0000005337d00000) (1024K)]
  0x000002407a02f8c0 JavaThread "Notification Thread"        daemon [_thread_blocked, id=27908, stack(0x0000005337e00000,0x0000005337f00000) (1024K)]
  0x000002407a02e510 JavaThread "Common-Cleaner"             daemon [_thread_blocked, id=5752, stack(0x0000005337f00000,0x0000005338000000) (1024K)]
  0x0000024042ecc010 JavaThread "mysql-cj-abandoned-connection-cleanup" daemon [_thread_blocked, id=9664, stack(0x0000005339800000,0x0000005339900000) (1024K)]
  0x0000024044dca910 JavaThread "Live Reload Server"         daemon [_thread_in_native, id=28588, stack(0x0000005339c00000,0x0000005339d00000) (1024K)]
  0x0000024043df9210 JavaThread "Jndi-Dns-address-change-listener" daemon [_thread_in_native, id=5608, stack(0x000000533ad00000,0x000000533ae00000) (1024K)]
  0x000002404367f240 JavaThread "DestroyJavaVM"                     [_thread_blocked, id=22284, stack(0x0000005336d00000,0x0000005336e00000) (1024K)]
  0x0000024042b2a440 JavaThread "parallel-1"                 daemon [_thread_blocked, id=11624, stack(0x0000005339300000,0x0000005339400000) (1024K)]
  0x000002404367aa10 JavaThread "File Watcher"               daemon [_thread_blocked, id=19448, stack(0x0000005336a00000,0x0000005336b00000) (1024K)]
  0x0000024042b34590 JavaThread "parallel-2"                 daemon [_thread_blocked, id=26608, stack(0x0000005339a00000,0x0000005339b00000) (1024K)]
  0x0000024041c4aba0 JavaThread "parallel-3"                 daemon [_thread_blocked, id=30832, stack(0x0000005338300000,0x0000005338400000) (1024K)]
  0x0000024045663080 JavaThread "C2 CompilerThread1"         daemon [_thread_in_native, id=28940, stack(0x000000533c100000,0x000000533c200000) (1024K)]
=>0x0000024045663e20 JavaThread "C2 CompilerThread2"         daemon [_thread_in_native, id=29540, stack(0x000000533c300000,0x000000533c400000) (1024K)]
  0x00000240456629b0 JavaThread "C2 CompilerThread3"         daemon [_thread_in_native, id=33216, stack(0x000000533c400000,0x000000533c500000) (1024K)]
  0x0000024045665290 JavaThread "C2 CompilerThread4"         daemon [_thread_in_native, id=21580, stack(0x000000533c500000,0x000000533c600000) (1024K)]
  0x0000024045661c10 JavaThread "C2 CompilerThread5"         daemon [_thread_in_native, id=31868, stack(0x000000533c600000,0x000000533c700000) (1024K)]
  0x000002404bcab1b0 JavaThread "Thread-53"                         [_thread_blocked, id=20428, stack(0x000000533c700000,0x000000533c800000) (1024K)]
  0x00000240456622e0 JavaThread "C1 CompilerThread1"         daemon [_thread_in_vm, id=1008, stack(0x0000005338900000,0x0000005338a00000) (1024K)]
  0x0000024045667b70 JavaThread "C1 CompilerThread2"         daemon [_thread_blocked, id=36552, stack(0x000000533c800000,0x000000533c900000) (1024K)]
  0x00000240456674a0 JavaThread "C1 CompilerThread3"         daemon [_thread_in_vm, id=29500, stack(0x000000533c900000,0x000000533ca00000) (1024K)]
  0x0000024045666dd0 JavaThread "C2 CompilerThread6"         daemon [_thread_in_native, id=31356, stack(0x000000533cb00000,0x000000533cc00000) (1024K)]
  0x000002407ad379c0 JavaThread "parallel-4"                 daemon [_thread_blocked, id=22076, stack(0x0000005337d00000,0x0000005337e00000) (1024K)]
  0x000002404bca9e00 JavaThread "restartedMain"                     [_thread_blocked, id=26480, stack(0x0000005336b00000,0x0000005336c00000) (1024K)]
  0x0000024045c056f0 JavaThread "Thread-75"                         [_thread_in_native, id=21088, stack(0x0000005336c00000,0x0000005336d00000) (1024K)]
Total: 31

Other Threads:
  0x0000024079ffffe0 VMThread "VM Thread"                           [id=31236, stack(0x0000005337400000,0x0000005337500000) (1024K)]
  0x0000024079fea220 WatcherThread "VM Periodic Task Thread"        [id=35380, stack(0x0000005337300000,0x0000005337400000) (1024K)]
  0x000002405f084ad0 WorkerThread "GC Thread#0"                     [id=3656, stack(0x0000005336e00000,0x0000005336f00000) (1024K)]
  0x000002407f00bab0 WorkerThread "GC Thread#1"                     [id=35388, stack(0x0000005338400000,0x0000005338500000) (1024K)]
  0x000002407f276630 WorkerThread "GC Thread#2"                     [id=13416, stack(0x0000005338500000,0x0000005338600000) (1024K)]
  0x000002407f2769e0 WorkerThread "GC Thread#3"                     [id=15704, stack(0x0000005338600000,0x0000005338700000) (1024K)]
  0x000002407f276d90 WorkerThread "GC Thread#4"                     [id=31572, stack(0x0000005338700000,0x0000005338800000) (1024K)]
  0x000002407f201a30 WorkerThread "GC Thread#5"                     [id=11676, stack(0x0000005338800000,0x0000005338900000) (1024K)]
  0x000002407f3f9b30 WorkerThread "GC Thread#6"                     [id=10204, stack(0x0000005338c00000,0x0000005338d00000) (1024K)]
  0x000002407f3f9ee0 WorkerThread "GC Thread#7"                     [id=20472, stack(0x0000005338d00000,0x0000005338e00000) (1024K)]
  0x000002407f3f9780 WorkerThread "GC Thread#8"                     [id=20676, stack(0x0000005338e00000,0x0000005338f00000) (1024K)]
  0x000002407f3fa9f0 WorkerThread "GC Thread#9"                     [id=11508, stack(0x0000005338f00000,0x0000005339000000) (1024K)]
  0x000002407f3fada0 WorkerThread "GC Thread#10"                    [id=34424, stack(0x0000005339000000,0x0000005339100000) (1024K)]
  0x000002407fc13430 WorkerThread "GC Thread#11"                    [id=9508, stack(0x0000005339100000,0x0000005339200000) (1024K)]
  0x000002407fc151b0 WorkerThread "GC Thread#12"                    [id=15668, stack(0x0000005339200000,0x0000005339300000) (1024K)]
  0x000002405f095580 ConcurrentGCThread "G1 Main Marker"            [id=17228, stack(0x0000005336f00000,0x0000005337000000) (1024K)]
  0x000002405f097ec0 WorkerThread "G1 Conc#0"                       [id=29372, stack(0x0000005337000000,0x0000005337100000) (1024K)]
  0x000002407fc15910 WorkerThread "G1 Conc#1"                       [id=18768, stack(0x0000005338b00000,0x0000005338c00000) (1024K)]
  0x000002407fc12cd0 WorkerThread "G1 Conc#2"                       [id=12712, stack(0x0000005339400000,0x0000005339500000) (1024K)]
  0x0000024079eb9ac0 ConcurrentGCThread "G1 Refine#0"               [id=36056, stack(0x0000005337100000,0x0000005337200000) (1024K)]
  0x0000024079ebb4f0 ConcurrentGCThread "G1 Service"                [id=24856, stack(0x0000005337200000,0x0000005337300000) (1024K)]
Total: 21

Threads with active compile tasks:
C2 CompilerThread0  19449872 48441       4       org.springframework.core.ResolvableType::getInterfaces (80 bytes)
C1 CompilerThread0  19449873 50226   !   2       org.springframework.boot.autoconfigure.condition.OnClassCondition$StandardOutcomesResolver::getOutcome (74 bytes)
C2 CompilerThread1  19449873 49987       4       org.springframework.core.annotation.AnnotationTypeMapping$MirrorSets::resolve (126 bytes)
C2 CompilerThread2  19449873 49524 %     4       org.springframework.asm.ClassReader::readMethod @ 103 (1061 bytes)
C2 CompilerThread3  19449873 50049 %     4       java.io.WinNTFileSystem::normalize @ 58 (224 bytes)
C2 CompilerThread4  19449874 48983   !   4       org.springframework.boot.context.properties.source.SpringConfigurationPropertySource::getConfigurationProperty (119 bytes)
C2 CompilerThread5  19449874 50175       4       java.util.Properties::loadConvert (540 bytes)
C1 CompilerThread2  19449874 50225       2       org.springframework.boot.autoconfigure.condition.ConditionMessage::forCondition (13 bytes)
C1 CompilerThread3  19449874 50222       2       org.springframework.boot.autoconfigure.condition.OnClassCondition$StandardOutcomesResolver::getOutcome (45 bytes)
C2 CompilerThread6  19449874 49830       4       org.springframework.core.annotation.MergedAnnotationsCollection$AnnotationsSpliterator::tryAdvance (116 bytes)
Total: 10

VM state: not at safepoint (normal execution)

VM Mutex/Monitor currently owned by a thread: None

Heap address: 0x0000000705400000, size: 4012 MB, Compressed Oops mode: Zero based, Oop shift amount: 3

CDS archive(s) mapped at: [0x0000024000000000-0x0000024000c80000-0x0000024000c80000), size 13107200, SharedBaseAddress: 0x0000024000000000, ArchiveRelocationMode: 1.
Compressed class space mapped at: 0x0000024001000000-0x0000024041000000, reserved size: 1073741824
Narrow klass base: 0x0000024000000000, Narrow klass shift: 0, Narrow klass range: 0x100000000

GC Precious Log:
 CardTable entry size: 512
 Card Set container configuration: InlinePtr #cards 4 size 8 Array Of Cards #cards 16 size 48 Howl #buckets 8 coarsen threshold 3686 Howl Bitmap #cards 512 size 80 coarsen threshold 460 Card regions per heap region 1 cards per card region 4096
 CPUs: 16 total, 16 available
 Memory: 16044M
 Large Page Support: Disabled
 NUMA Support: Disabled
 Compressed Oops: Enabled (Zero based)
 Heap Region Size: 2M
 Heap Min Capacity: 8M
 Heap Initial Capacity: 252M
 Heap Max Capacity: 4012M
 Pre-touch: Disabled
 Parallel Workers: 13
 Concurrent Workers: 3
 Concurrent Refinement Workers: 13
 Periodic GC: Disabled

Heap:
 garbage-first heap   total 417792K, used 169537K [0x0000000705400000, 0x0000000800000000)
  region size 2048K, 30 young (61440K), 0 survivors (0K)
 Metaspace       used 147932K, committed 149568K, reserved 1245184K
  class space    used 16252K, committed 16960K, reserved 1048576K

Heap Regions: E=young(eden), S=young(survivor), O=old, HS=humongous(starts), HC=humongous(continues), CS=collection set, F=free, TAMS=top-at-mark-start, PB=parsable bottom
|   0|0x0000000705400000, 0x0000000705600000, 0x0000000705600000|100%| O|  |TAMS 0x0000000705400000| PB 0x0000000705400000| Untracked 
|   1|0x0000000705600000, 0x0000000705800000, 0x0000000705800000|100%| O|  |TAMS 0x0000000705600000| PB 0x0000000705600000| Untracked 
|   2|0x0000000705800000, 0x00000007059ffff8, 0x0000000705a00000| 99%| O|  |TAMS 0x0000000705800000| PB 0x0000000705800000| Untracked 
|   3|0x0000000705a00000, 0x0000000705c00000, 0x0000000705c00000|100%| O|  |TAMS 0x0000000705a00000| PB 0x0000000705a00000| Untracked 
|   4|0x0000000705c00000, 0x0000000705dffff8, 0x0000000705e00000| 99%| O|  |TAMS 0x0000000705c00000| PB 0x0000000705c00000| Untracked 
|   5|0x0000000705e00000, 0x0000000705fffff8, 0x0000000706000000| 99%| O|  |TAMS 0x0000000705e00000| PB 0x0000000705e00000| Untracked 
|   6|0x0000000706000000, 0x00000007061ffff8, 0x0000000706200000| 99%| O|  |TAMS 0x0000000706000000| PB 0x0000000706000000| Untracked 
|   7|0x0000000706200000, 0x00000007063fff30, 0x0000000706400000| 99%| O|  |TAMS 0x0000000706200000| PB 0x0000000706200000| Untracked 
|   8|0x0000000706400000, 0x00000007065ffff8, 0x0000000706600000| 99%| O|  |TAMS 0x0000000706400000| PB 0x0000000706400000| Untracked 
|   9|0x0000000706600000, 0x00000007067ffff8, 0x0000000706800000| 99%| O|  |TAMS 0x0000000706600000| PB 0x0000000706600000| Untracked 
|  10|0x0000000706800000, 0x00000007069ffff8, 0x0000000706a00000| 99%| O|  |TAMS 0x0000000706800000| PB 0x0000000706800000| Untracked 
|  11|0x0000000706a00000, 0x0000000706c00000, 0x0000000706c00000|100%| O|  |TAMS 0x0000000706a00000| PB 0x0000000706a00000| Untracked 
|  12|0x0000000706c00000, 0x0000000706dfff38, 0x0000000706e00000| 99%| O|  |TAMS 0x0000000706c00000| PB 0x0000000706c00000| Untracked 
|  13|0x0000000706e00000, 0x0000000706fffdc8, 0x0000000707000000| 99%| O|  |TAMS 0x0000000706e00000| PB 0x0000000706e00000| Untracked 
|  14|0x0000000707000000, 0x00000007071ffff8, 0x0000000707200000| 99%| O|  |TAMS 0x0000000707000000| PB 0x0000000707000000| Untracked 
|  15|0x0000000707200000, 0x00000007073ffea8, 0x0000000707400000| 99%| O|  |TAMS 0x0000000707200000| PB 0x0000000707200000| Untracked 
|  16|0x0000000707400000, 0x00000007075ffff8, 0x0000000707600000| 99%| O|  |TAMS 0x0000000707400000| PB 0x0000000707400000| Untracked 
|  17|0x0000000707600000, 0x00000007077fffe8, 0x0000000707800000| 99%| O|  |TAMS 0x0000000707600000| PB 0x0000000707600000| Untracked 
|  18|0x0000000707800000, 0x00000007079fffb8, 0x0000000707a00000| 99%| O|  |TAMS 0x0000000707800000| PB 0x0000000707800000| Untracked 
|  19|0x0000000707a00000, 0x0000000707bffff8, 0x0000000707c00000| 99%| O|  |TAMS 0x0000000707a00000| PB 0x0000000707a00000| Untracked 
|  20|0x0000000707c00000, 0x0000000707dfffd0, 0x0000000707e00000| 99%| O|  |TAMS 0x0000000707c00000| PB 0x0000000707c00000| Untracked 
|  21|0x0000000707e00000, 0x0000000708000000, 0x0000000708000000|100%| O|  |TAMS 0x0000000707e00000| PB 0x0000000707e00000| Untracked 
|  22|0x0000000708000000, 0x00000007081ffb68, 0x0000000708200000| 99%| O|  |TAMS 0x0000000708000000| PB 0x0000000708000000| Untracked 
|  23|0x0000000708200000, 0x0000000708400000, 0x0000000708400000|100%| O|  |TAMS 0x0000000708200000| PB 0x0000000708200000| Untracked 
|  24|0x0000000708400000, 0x00000007085fffe8, 0x0000000708600000| 99%| O|  |TAMS 0x0000000708400000| PB 0x0000000708400000| Untracked 
|  25|0x0000000708600000, 0x00000007087ffff0, 0x0000000708800000| 99%| O|  |TAMS 0x0000000708600000| PB 0x0000000708600000| Untracked 
|  26|0x0000000708800000, 0x00000007089ffff8, 0x0000000708a00000| 99%| O|  |TAMS 0x0000000708800000| PB 0x0000000708800000| Untracked 
|  27|0x0000000708a00000, 0x0000000708bffff8, 0x0000000708c00000| 99%| O|  |TAMS 0x0000000708a00000| PB 0x0000000708a00000| Untracked 
|  28|0x0000000708c00000, 0x0000000708dfffe8, 0x0000000708e00000| 99%| O|  |TAMS 0x0000000708c00000| PB 0x0000000708c00000| Untracked 
|  29|0x0000000708e00000, 0x0000000708fffff0, 0x0000000709000000| 99%| O|  |TAMS 0x0000000708e00000| PB 0x0000000708e00000| Untracked 
|  30|0x0000000709000000, 0x00000007091ffff0, 0x0000000709200000| 99%| O|  |TAMS 0x0000000709000000| PB 0x0000000709000000| Untracked 
|  31|0x0000000709200000, 0x00000007093ffff8, 0x0000000709400000| 99%| O|  |TAMS 0x0000000709200000| PB 0x0000000709200000| Untracked 
|  32|0x0000000709400000, 0x00000007095fffe8, 0x0000000709600000| 99%| O|  |TAMS 0x0000000709400000| PB 0x0000000709400000| Untracked 
|  33|0x0000000709600000, 0x00000007097fffd8, 0x0000000709800000| 99%| O|  |TAMS 0x0000000709600000| PB 0x0000000709600000| Untracked 
|  34|0x0000000709800000, 0x0000000709a00000, 0x0000000709a00000|100%| O|  |TAMS 0x0000000709800000| PB 0x0000000709800000| Untracked 
|  35|0x0000000709a00000, 0x0000000709bfffe8, 0x0000000709c00000| 99%| O|  |TAMS 0x0000000709a00000| PB 0x0000000709a00000| Untracked 
|  36|0x0000000709c00000, 0x0000000709dffff0, 0x0000000709e00000| 99%| O|  |TAMS 0x0000000709c00000| PB 0x0000000709c00000| Untracked 
|  37|0x0000000709e00000, 0x0000000709ffffc8, 0x000000070a000000| 99%| O|  |TAMS 0x0000000709e00000| PB 0x0000000709e00000| Untracked 
|  38|0x000000070a000000, 0x000000070a1fd820, 0x000000070a200000| 99%| O|  |TAMS 0x000000070a000000| PB 0x000000070a000000| Untracked 
|  39|0x000000070a200000, 0x000000070a3fffe8, 0x000000070a400000| 99%| O|  |TAMS 0x000000070a200000| PB 0x000000070a200000| Untracked 
|  40|0x000000070a400000, 0x000000070a5ffff8, 0x000000070a600000| 99%| O|  |TAMS 0x000000070a400000| PB 0x000000070a400000| Untracked 
|  41|0x000000070a600000, 0x000000070a7ff4c0, 0x000000070a800000| 99%| O|  |TAMS 0x000000070a600000| PB 0x000000070a600000| Untracked 
|  42|0x000000070a800000, 0x000000070aa00000, 0x000000070aa00000|100%| O|  |TAMS 0x000000070a800000| PB 0x000000070a800000| Untracked 
|  43|0x000000070aa00000, 0x000000070abffff0, 0x000000070ac00000| 99%| O|  |TAMS 0x000000070aa00000| PB 0x000000070aa00000| Untracked 
|  44|0x000000070ac00000, 0x000000070adffff0, 0x000000070ae00000| 99%| O|  |TAMS 0x000000070ac00000| PB 0x000000070ac00000| Untracked 
|  45|0x000000070ae00000, 0x000000070af63ee0, 0x000000070b000000| 69%| O|  |TAMS 0x000000070ae00000| PB 0x000000070ae00000| Untracked 
|  46|0x000000070b000000, 0x000000070b1ffff0, 0x000000070b200000| 99%| O|  |TAMS 0x000000070b000000| PB 0x000000070b000000| Untracked 
|  47|0x000000070b200000, 0x000000070b3fffe0, 0x000000070b400000| 99%| O|  |TAMS 0x000000070b200000| PB 0x000000070b200000| Untracked 
|  48|0x000000070b400000, 0x000000070b59be90, 0x000000070b600000| 80%| O|  |TAMS 0x000000070b400000| PB 0x000000070b400000| Untracked 
|  49|0x000000070b600000, 0x000000070b6c20d0, 0x000000070b800000| 37%| O|  |TAMS 0x000000070b600000| PB 0x000000070b600000| Untracked 
|  50|0x000000070b800000, 0x000000070b922d50, 0x000000070ba00000| 56%| O|  |TAMS 0x000000070b800000| PB 0x000000070b800000| Untracked 
|  51|0x000000070ba00000, 0x000000070ba72788, 0x000000070bc00000| 22%| O|  |TAMS 0x000000070ba00000| PB 0x000000070ba00000| Untracked 
|  52|0x000000070bc00000, 0x000000070bc21ce0, 0x000000070be00000|  6%| O|  |TAMS 0x000000070bc00000| PB 0x000000070bc00000| Untracked 
|  53|0x000000070be00000, 0x000000070bffffe8, 0x000000070c000000| 99%| O|  |TAMS 0x000000070be00000| PB 0x000000070be00000| Untracked 
|  54|0x000000070c000000, 0x000000070c1b66b8, 0x000000070c200000| 85%| O|  |TAMS 0x000000070c000000| PB 0x000000070c000000| Untracked 
|  55|0x000000070c200000, 0x000000070c3ffff8, 0x000000070c400000| 99%| O|  |TAMS 0x000000070c200000| PB 0x000000070c200000| Untracked 
|  56|0x000000070c400000, 0x000000070c5b1f18, 0x000000070c600000| 84%| O|  |TAMS 0x000000070c400000| PB 0x000000070c400000| Untracked 
|  57|0x000000070c600000, 0x000000070c600000, 0x000000070c800000|  0%| F|  |TAMS 0x000000070c600000| PB 0x000000070c600000| Untracked 
|  58|0x000000070c800000, 0x000000070c8b3ff8, 0x000000070ca00000| 35%| O|  |TAMS 0x000000070c800000| PB 0x000000070c800000| Untracked 
|  59|0x000000070ca00000, 0x000000070cad50f0, 0x000000070cc00000| 41%| O|  |TAMS 0x000000070ca00000| PB 0x000000070ca00000| Untracked 
|  60|0x000000070cc00000, 0x000000070cc00000, 0x000000070ce00000|  0%| F|  |TAMS 0x000000070cc00000| PB 0x000000070cc00000| Untracked 
|  61|0x000000070ce00000, 0x000000070ce00000, 0x000000070d000000|  0%| F|  |TAMS 0x000000070ce00000| PB 0x000000070ce00000| Untracked 
|  62|0x000000070d000000, 0x000000070d000000, 0x000000070d200000|  0%| F|  |TAMS 0x000000070d000000| PB 0x000000070d000000| Untracked 
|  63|0x000000070d200000, 0x000000070d200000, 0x000000070d400000|  0%| F|  |TAMS 0x000000070d200000| PB 0x000000070d200000| Untracked 
|  64|0x000000070d400000, 0x000000070d400000, 0x000000070d600000|  0%| F|  |TAMS 0x000000070d400000| PB 0x000000070d400000| Untracked 
|  65|0x000000070d600000, 0x000000070d718038, 0x000000070d800000| 54%| O|  |TAMS 0x000000070d600000| PB 0x000000070d600000| Untracked 
|  66|0x000000070d800000, 0x000000070d800000, 0x000000070da00000|  0%| F|  |TAMS 0x000000070d800000| PB 0x000000070d800000| Untracked 
|  67|0x000000070da00000, 0x000000070da11ff8, 0x000000070dc00000|  3%| O|  |TAMS 0x000000070da00000| PB 0x000000070da00000| Untracked 
|  68|0x000000070dc00000, 0x000000070dc00000, 0x000000070de00000|  0%| F|  |TAMS 0x000000070dc00000| PB 0x000000070dc00000| Untracked 
|  69|0x000000070de00000, 0x000000070de00000, 0x000000070e000000|  0%| F|  |TAMS 0x000000070de00000| PB 0x000000070de00000| Untracked 
|  70|0x000000070e000000, 0x000000070e000000, 0x000000070e200000|  0%| F|  |TAMS 0x000000070e000000| PB 0x000000070e000000| Untracked 
|  71|0x000000070e200000, 0x000000070e200000, 0x000000070e400000|  0%| F|  |TAMS 0x000000070e200000| PB 0x000000070e200000| Untracked 
|  72|0x000000070e400000, 0x000000070e400000, 0x000000070e600000|  0%| F|  |TAMS 0x000000070e400000| PB 0x000000070e400000| Untracked 
|  73|0x000000070e600000, 0x000000070e600000, 0x000000070e800000|  0%| F|  |TAMS 0x000000070e600000| PB 0x000000070e600000| Untracked 
|  74|0x000000070e800000, 0x000000070e800000, 0x000000070ea00000|  0%| F|  |TAMS 0x000000070e800000| PB 0x000000070e800000| Untracked 
|  75|0x000000070ea00000, 0x000000070ea00000, 0x000000070ec00000|  0%| F|  |TAMS 0x000000070ea00000| PB 0x000000070ea00000| Untracked 
|  76|0x000000070ec00000, 0x000000070ec00000, 0x000000070ee00000|  0%| F|  |TAMS 0x000000070ec00000| PB 0x000000070ec00000| Untracked 
|  77|0x000000070ee00000, 0x000000070ee00000, 0x000000070f000000|  0%| F|  |TAMS 0x000000070ee00000| PB 0x000000070ee00000| Untracked 
|  78|0x000000070f000000, 0x000000070f000000, 0x000000070f200000|  0%| F|  |TAMS 0x000000070f000000| PB 0x000000070f000000| Untracked 
|  79|0x000000070f200000, 0x000000070f200000, 0x000000070f400000|  0%| F|  |TAMS 0x000000070f200000| PB 0x000000070f200000| Untracked 
|  80|0x000000070f400000, 0x000000070f400000, 0x000000070f600000|  0%| F|  |TAMS 0x000000070f400000| PB 0x000000070f400000| Untracked 
|  81|0x000000070f600000, 0x000000070f600000, 0x000000070f800000|  0%| F|  |TAMS 0x000000070f600000| PB 0x000000070f600000| Untracked 
|  82|0x000000070f800000, 0x000000070f800000, 0x000000070fa00000|  0%| F|  |TAMS 0x000000070f800000| PB 0x000000070f800000| Untracked 
|  83|0x000000070fa00000, 0x000000070fa00000, 0x000000070fc00000|  0%| F|  |TAMS 0x000000070fa00000| PB 0x000000070fa00000| Untracked 
|  84|0x000000070fc00000, 0x000000070fc00000, 0x000000070fe00000|  0%| F|  |TAMS 0x000000070fc00000| PB 0x000000070fc00000| Untracked 
|  85|0x000000070fe00000, 0x000000070fe00000, 0x0000000710000000|  0%| F|  |TAMS 0x000000070fe00000| PB 0x000000070fe00000| Untracked 
|  86|0x0000000710000000, 0x0000000710000000, 0x0000000710200000|  0%| F|  |TAMS 0x0000000710000000| PB 0x0000000710000000| Untracked 
|  87|0x0000000710200000, 0x0000000710200000, 0x0000000710400000|  0%| F|  |TAMS 0x0000000710200000| PB 0x0000000710200000| Untracked 
|  88|0x0000000710400000, 0x0000000710400000, 0x0000000710600000|  0%| F|  |TAMS 0x0000000710400000| PB 0x0000000710400000| Untracked 
|  89|0x0000000710600000, 0x0000000710600000, 0x0000000710800000|  0%| F|  |TAMS 0x0000000710600000| PB 0x0000000710600000| Untracked 
|  90|0x0000000710800000, 0x0000000710800000, 0x0000000710a00000|  0%| F|  |TAMS 0x0000000710800000| PB 0x0000000710800000| Untracked 
|  91|0x0000000710a00000, 0x0000000710a00000, 0x0000000710c00000|  0%| F|  |TAMS 0x0000000710a00000| PB 0x0000000710a00000| Untracked 
|  92|0x0000000710c00000, 0x0000000710c00000, 0x0000000710e00000|  0%| F|  |TAMS 0x0000000710c00000| PB 0x0000000710c00000| Untracked 
|  93|0x0000000710e00000, 0x0000000710e00000, 0x0000000711000000|  0%| F|  |TAMS 0x0000000710e00000| PB 0x0000000710e00000| Untracked 
|  94|0x0000000711000000, 0x0000000711000000, 0x0000000711200000|  0%| F|  |TAMS 0x0000000711000000| PB 0x0000000711000000| Untracked 
|  95|0x0000000711200000, 0x0000000711200000, 0x0000000711400000|  0%| F|  |TAMS 0x0000000711200000| PB 0x0000000711200000| Untracked 
|  96|0x0000000711400000, 0x0000000711400000, 0x0000000711600000|  0%| F|  |TAMS 0x0000000711400000| PB 0x0000000711400000| Untracked 
|  97|0x0000000711600000, 0x0000000711600000, 0x0000000711800000|  0%| F|  |TAMS 0x0000000711600000| PB 0x0000000711600000| Untracked 
|  98|0x0000000711800000, 0x0000000711800000, 0x0000000711a00000|  0%| F|  |TAMS 0x0000000711800000| PB 0x0000000711800000| Untracked 
|  99|0x0000000711a00000, 0x0000000711a00000, 0x0000000711c00000|  0%| F|  |TAMS 0x0000000711a00000| PB 0x0000000711a00000| Untracked 
| 100|0x0000000711c00000, 0x0000000711c00000, 0x0000000711e00000|  0%| F|  |TAMS 0x0000000711c00000| PB 0x0000000711c00000| Untracked 
| 101|0x0000000711e00000, 0x0000000711e00000, 0x0000000712000000|  0%| F|  |TAMS 0x0000000711e00000| PB 0x0000000711e00000| Untracked 
| 102|0x0000000712000000, 0x0000000712000000, 0x0000000712200000|  0%| F|  |TAMS 0x0000000712000000| PB 0x0000000712000000| Untracked 
| 103|0x0000000712200000, 0x0000000712200000, 0x0000000712400000|  0%| F|  |TAMS 0x0000000712200000| PB 0x0000000712200000| Untracked 
| 104|0x0000000712400000, 0x0000000712400000, 0x0000000712600000|  0%| F|  |TAMS 0x0000000712400000| PB 0x0000000712400000| Untracked 
| 105|0x0000000712600000, 0x0000000712600000, 0x0000000712800000|  0%| F|  |TAMS 0x0000000712600000| PB 0x0000000712600000| Untracked 
| 106|0x0000000712800000, 0x0000000712800000, 0x0000000712a00000|  0%| F|  |TAMS 0x0000000712800000| PB 0x0000000712800000| Untracked 
| 107|0x0000000712a00000, 0x0000000712a00000, 0x0000000712c00000|  0%| F|  |TAMS 0x0000000712a00000| PB 0x0000000712a00000| Untracked 
| 108|0x0000000712c00000, 0x0000000712c00000, 0x0000000712e00000|  0%| F|  |TAMS 0x0000000712c00000| PB 0x0000000712c00000| Untracked 
| 109|0x0000000712e00000, 0x0000000712e00000, 0x0000000713000000|  0%| F|  |TAMS 0x0000000712e00000| PB 0x0000000712e00000| Untracked 
| 110|0x0000000713000000, 0x0000000713000000, 0x0000000713200000|  0%| F|  |TAMS 0x0000000713000000| PB 0x0000000713000000| Untracked 
| 111|0x0000000713200000, 0x0000000713200000, 0x0000000713400000|  0%| F|  |TAMS 0x0000000713200000| PB 0x0000000713200000| Untracked 
| 112|0x0000000713400000, 0x0000000713400000, 0x0000000713600000|  0%| F|  |TAMS 0x0000000713400000| PB 0x0000000713400000| Untracked 
| 113|0x0000000713600000, 0x0000000713600000, 0x0000000713800000|  0%| F|  |TAMS 0x0000000713600000| PB 0x0000000713600000| Untracked 
| 114|0x0000000713800000, 0x0000000713800000, 0x0000000713a00000|  0%| F|  |TAMS 0x0000000713800000| PB 0x0000000713800000| Untracked 
| 115|0x0000000713a00000, 0x0000000713a00000, 0x0000000713c00000|  0%| F|  |TAMS 0x0000000713a00000| PB 0x0000000713a00000| Untracked 
| 116|0x0000000713c00000, 0x0000000713c00000, 0x0000000713e00000|  0%| F|  |TAMS 0x0000000713c00000| PB 0x0000000713c00000| Untracked 
| 117|0x0000000713e00000, 0x0000000713e00000, 0x0000000714000000|  0%| F|  |TAMS 0x0000000713e00000| PB 0x0000000713e00000| Untracked 
| 118|0x0000000714000000, 0x0000000714000000, 0x0000000714200000|  0%| F|  |TAMS 0x0000000714000000| PB 0x0000000714000000| Untracked 
| 119|0x0000000714200000, 0x0000000714200000, 0x0000000714400000|  0%| F|  |TAMS 0x0000000714200000| PB 0x0000000714200000| Untracked 
| 120|0x0000000714400000, 0x0000000714400000, 0x0000000714600000|  0%| F|  |TAMS 0x0000000714400000| PB 0x0000000714400000| Untracked 
| 121|0x0000000714600000, 0x0000000714600000, 0x0000000714800000|  0%| F|  |TAMS 0x0000000714600000| PB 0x0000000714600000| Untracked 
| 122|0x0000000714800000, 0x0000000714800000, 0x0000000714a00000|  0%| F|  |TAMS 0x0000000714800000| PB 0x0000000714800000| Untracked 
| 123|0x0000000714a00000, 0x0000000714a00000, 0x0000000714c00000|  0%| F|  |TAMS 0x0000000714a00000| PB 0x0000000714a00000| Untracked 
| 124|0x0000000714c00000, 0x0000000714c00000, 0x0000000714e00000|  0%| F|  |TAMS 0x0000000714c00000| PB 0x0000000714c00000| Untracked 
| 125|0x0000000714e00000, 0x0000000714e00000, 0x0000000715000000|  0%| F|  |TAMS 0x0000000714e00000| PB 0x0000000714e00000| Untracked 
| 126|0x0000000715000000, 0x0000000715000000, 0x0000000715200000|  0%| F|  |TAMS 0x0000000715000000| PB 0x0000000715000000| Untracked 
| 127|0x0000000715200000, 0x0000000715200000, 0x0000000715400000|  0%| F|  |TAMS 0x0000000715200000| PB 0x0000000715200000| Untracked 
| 128|0x0000000715400000, 0x0000000715400000, 0x0000000715600000|  0%| F|  |TAMS 0x0000000715400000| PB 0x0000000715400000| Untracked 
| 129|0x0000000715600000, 0x0000000715600000, 0x0000000715800000|  0%| F|  |TAMS 0x0000000715600000| PB 0x0000000715600000| Untracked 
| 130|0x0000000715800000, 0x0000000715800000, 0x0000000715a00000|  0%| F|  |TAMS 0x0000000715800000| PB 0x0000000715800000| Untracked 
| 131|0x0000000715a00000, 0x0000000715a00000, 0x0000000715c00000|  0%| F|  |TAMS 0x0000000715a00000| PB 0x0000000715a00000| Untracked 
| 132|0x0000000715c00000, 0x0000000715c00000, 0x0000000715e00000|  0%| F|  |TAMS 0x0000000715c00000| PB 0x0000000715c00000| Untracked 
| 133|0x0000000715e00000, 0x0000000715e00000, 0x0000000716000000|  0%| F|  |TAMS 0x0000000715e00000| PB 0x0000000715e00000| Untracked 
| 134|0x0000000716000000, 0x0000000716000000, 0x0000000716200000|  0%| F|  |TAMS 0x0000000716000000| PB 0x0000000716000000| Untracked 
| 135|0x0000000716200000, 0x0000000716200000, 0x0000000716400000|  0%| F|  |TAMS 0x0000000716200000| PB 0x0000000716200000| Untracked 
| 136|0x0000000716400000, 0x0000000716400000, 0x0000000716600000|  0%| F|  |TAMS 0x0000000716400000| PB 0x0000000716400000| Untracked 
| 137|0x0000000716600000, 0x0000000716600000, 0x0000000716800000|  0%| F|  |TAMS 0x0000000716600000| PB 0x0000000716600000| Untracked 
| 138|0x0000000716800000, 0x0000000716800000, 0x0000000716a00000|  0%| F|  |TAMS 0x0000000716800000| PB 0x0000000716800000| Untracked 
| 139|0x0000000716a00000, 0x0000000716a00000, 0x0000000716c00000|  0%| F|  |TAMS 0x0000000716a00000| PB 0x0000000716a00000| Untracked 
| 140|0x0000000716c00000, 0x0000000716c00000, 0x0000000716e00000|  0%| F|  |TAMS 0x0000000716c00000| PB 0x0000000716c00000| Untracked 
| 141|0x0000000716e00000, 0x0000000716e00000, 0x0000000717000000|  0%| F|  |TAMS 0x0000000716e00000| PB 0x0000000716e00000| Untracked 
| 142|0x0000000717000000, 0x0000000717000000, 0x0000000717200000|  0%| F|  |TAMS 0x0000000717000000| PB 0x0000000717000000| Untracked 
| 143|0x0000000717200000, 0x0000000717200000, 0x0000000717400000|  0%| F|  |TAMS 0x0000000717200000| PB 0x0000000717200000| Untracked 
| 144|0x0000000717400000, 0x0000000717400000, 0x0000000717600000|  0%| F|  |TAMS 0x0000000717400000| PB 0x0000000717400000| Untracked 
| 145|0x0000000717600000, 0x0000000717600000, 0x0000000717800000|  0%| F|  |TAMS 0x0000000717600000| PB 0x0000000717600000| Untracked 
| 146|0x0000000717800000, 0x0000000717800000, 0x0000000717a00000|  0%| F|  |TAMS 0x0000000717800000| PB 0x0000000717800000| Untracked 
| 147|0x0000000717a00000, 0x0000000717a00000, 0x0000000717c00000|  0%| F|  |TAMS 0x0000000717a00000| PB 0x0000000717a00000| Untracked 
| 148|0x0000000717c00000, 0x0000000717c00000, 0x0000000717e00000|  0%| F|  |TAMS 0x0000000717c00000| PB 0x0000000717c00000| Untracked 
| 149|0x0000000717e00000, 0x0000000717e00000, 0x0000000718000000|  0%| F|  |TAMS 0x0000000717e00000| PB 0x0000000717e00000| Untracked 
| 150|0x0000000718000000, 0x0000000718000000, 0x0000000718200000|  0%| F|  |TAMS 0x0000000718000000| PB 0x0000000718000000| Untracked 
| 151|0x0000000718200000, 0x0000000718200000, 0x0000000718400000|  0%| F|  |TAMS 0x0000000718200000| PB 0x0000000718200000| Untracked 
| 152|0x0000000718400000, 0x0000000718400000, 0x0000000718600000|  0%| F|  |TAMS 0x0000000718400000| PB 0x0000000718400000| Untracked 
| 153|0x0000000718600000, 0x0000000718600000, 0x0000000718800000|  0%| F|  |TAMS 0x0000000718600000| PB 0x0000000718600000| Untracked 
| 154|0x0000000718800000, 0x0000000718800000, 0x0000000718a00000|  0%| F|  |TAMS 0x0000000718800000| PB 0x0000000718800000| Untracked 
| 155|0x0000000718a00000, 0x0000000718a00000, 0x0000000718c00000|  0%| F|  |TAMS 0x0000000718a00000| PB 0x0000000718a00000| Untracked 
| 156|0x0000000718c00000, 0x0000000718c00000, 0x0000000718e00000|  0%| F|  |TAMS 0x0000000718c00000| PB 0x0000000718c00000| Untracked 
| 157|0x0000000718e00000, 0x0000000718e00000, 0x0000000719000000|  0%| F|  |TAMS 0x0000000718e00000| PB 0x0000000718e00000| Untracked 
| 158|0x0000000719000000, 0x0000000719000000, 0x0000000719200000|  0%| F|  |TAMS 0x0000000719000000| PB 0x0000000719000000| Untracked 
| 159|0x0000000719200000, 0x0000000719200000, 0x0000000719400000|  0%| F|  |TAMS 0x0000000719200000| PB 0x0000000719200000| Untracked 
| 160|0x0000000719400000, 0x0000000719400000, 0x0000000719600000|  0%| F|  |TAMS 0x0000000719400000| PB 0x0000000719400000| Untracked 
| 161|0x0000000719600000, 0x0000000719600000, 0x0000000719800000|  0%| F|  |TAMS 0x0000000719600000| PB 0x0000000719600000| Untracked 
| 162|0x0000000719800000, 0x0000000719800000, 0x0000000719a00000|  0%| F|  |TAMS 0x0000000719800000| PB 0x0000000719800000| Untracked 
| 163|0x0000000719a00000, 0x0000000719a00000, 0x0000000719c00000|  0%| F|  |TAMS 0x0000000719a00000| PB 0x0000000719a00000| Untracked 
| 164|0x0000000719c00000, 0x0000000719c00000, 0x0000000719e00000|  0%| F|  |TAMS 0x0000000719c00000| PB 0x0000000719c00000| Untracked 
| 165|0x0000000719e00000, 0x0000000719e00000, 0x000000071a000000|  0%| F|  |TAMS 0x0000000719e00000| PB 0x0000000719e00000| Untracked 
| 166|0x000000071a000000, 0x000000071a000000, 0x000000071a200000|  0%| F|  |TAMS 0x000000071a000000| PB 0x000000071a000000| Untracked 
| 167|0x000000071a200000, 0x000000071a200000, 0x000000071a400000|  0%| F|  |TAMS 0x000000071a200000| PB 0x000000071a200000| Untracked 
| 168|0x000000071a400000, 0x000000071a400000, 0x000000071a600000|  0%| F|  |TAMS 0x000000071a400000| PB 0x000000071a400000| Untracked 
| 169|0x000000071a600000, 0x000000071a600000, 0x000000071a800000|  0%| F|  |TAMS 0x000000071a600000| PB 0x000000071a600000| Untracked 
| 170|0x000000071a800000, 0x000000071a800000, 0x000000071aa00000|  0%| F|  |TAMS 0x000000071a800000| PB 0x000000071a800000| Untracked 
| 171|0x000000071aa00000, 0x000000071aa00000, 0x000000071ac00000|  0%| F|  |TAMS 0x000000071aa00000| PB 0x000000071aa00000| Untracked 
| 172|0x000000071ac00000, 0x000000071ac00000, 0x000000071ae00000|  0%| F|  |TAMS 0x000000071ac00000| PB 0x000000071ac00000| Untracked 
| 173|0x000000071ae00000, 0x000000071ae00000, 0x000000071b000000|  0%| F|  |TAMS 0x000000071ae00000| PB 0x000000071ae00000| Untracked 
| 174|0x000000071b000000, 0x000000071b115a70, 0x000000071b200000| 54%| E|  |TAMS 0x000000071b000000| PB 0x000000071b000000| Complete 
| 175|0x000000071b200000, 0x000000071b400000, 0x000000071b400000|100%| E|CS|TAMS 0x000000071b200000| PB 0x000000071b200000| Complete 
| 176|0x000000071b400000, 0x000000071b600000, 0x000000071b600000|100%| E|CS|TAMS 0x000000071b400000| PB 0x000000071b400000| Complete 
| 177|0x000000071b600000, 0x000000071b800000, 0x000000071b800000|100%| E|CS|TAMS 0x000000071b600000| PB 0x000000071b600000| Complete 
| 178|0x000000071b800000, 0x000000071ba00000, 0x000000071ba00000|100%| E|CS|TAMS 0x000000071b800000| PB 0x000000071b800000| Complete 
| 179|0x000000071ba00000, 0x000000071bc00000, 0x000000071bc00000|100%| E|CS|TAMS 0x000000071ba00000| PB 0x000000071ba00000| Complete 
| 180|0x000000071bc00000, 0x000000071be00000, 0x000000071be00000|100%| E|CS|TAMS 0x000000071bc00000| PB 0x000000071bc00000| Complete 
| 181|0x000000071be00000, 0x000000071c000000, 0x000000071c000000|100%| E|  |TAMS 0x000000071be00000| PB 0x000000071be00000| Complete 
| 182|0x000000071c000000, 0x000000071c200000, 0x000000071c200000|100%| E|CS|TAMS 0x000000071c000000| PB 0x000000071c000000| Complete 
| 183|0x000000071c200000, 0x000000071c400000, 0x000000071c400000|100%| E|CS|TAMS 0x000000071c200000| PB 0x000000071c200000| Complete 
| 184|0x000000071c400000, 0x000000071c600000, 0x000000071c600000|100%| E|CS|TAMS 0x000000071c400000| PB 0x000000071c400000| Complete 
| 185|0x000000071c600000, 0x000000071c800000, 0x000000071c800000|100%| E|CS|TAMS 0x000000071c600000| PB 0x000000071c600000| Complete 
| 186|0x000000071c800000, 0x000000071ca00000, 0x000000071ca00000|100%| E|CS|TAMS 0x000000071c800000| PB 0x000000071c800000| Complete 
| 187|0x000000071ca00000, 0x000000071cc00000, 0x000000071cc00000|100%| E|CS|TAMS 0x000000071ca00000| PB 0x000000071ca00000| Complete 
| 188|0x000000071cc00000, 0x000000071ce00000, 0x000000071ce00000|100%| E|CS|TAMS 0x000000071cc00000| PB 0x000000071cc00000| Complete 
| 189|0x000000071ce00000, 0x000000071d000000, 0x000000071d000000|100%| E|CS|TAMS 0x000000071ce00000| PB 0x000000071ce00000| Complete 
| 190|0x000000071d000000, 0x000000071d200000, 0x000000071d200000|100%| E|CS|TAMS 0x000000071d000000| PB 0x000000071d000000| Complete 
| 191|0x000000071d200000, 0x000000071d400000, 0x000000071d400000|100%| E|CS|TAMS 0x000000071d200000| PB 0x000000071d200000| Complete 
| 192|0x000000071d400000, 0x000000071d600000, 0x000000071d600000|100%| E|CS|TAMS 0x000000071d400000| PB 0x000000071d400000| Complete 
| 193|0x000000071d600000, 0x000000071d800000, 0x000000071d800000|100%| E|CS|TAMS 0x000000071d600000| PB 0x000000071d600000| Complete 
| 194|0x000000071d800000, 0x000000071da00000, 0x000000071da00000|100%| E|CS|TAMS 0x000000071d800000| PB 0x000000071d800000| Complete 
| 195|0x000000071da00000, 0x000000071dc00000, 0x000000071dc00000|100%| E|CS|TAMS 0x000000071da00000| PB 0x000000071da00000| Complete 
| 196|0x000000071dc00000, 0x000000071de00000, 0x000000071de00000|100%| E|CS|TAMS 0x000000071dc00000| PB 0x000000071dc00000| Complete 
| 197|0x000000071de00000, 0x000000071e000000, 0x000000071e000000|100%| E|CS|TAMS 0x000000071de00000| PB 0x000000071de00000| Complete 
| 198|0x000000071e000000, 0x000000071e200000, 0x000000071e200000|100%| E|CS|TAMS 0x000000071e000000| PB 0x000000071e000000| Complete 
| 199|0x000000071e200000, 0x000000071e400000, 0x000000071e400000|100%| E|CS|TAMS 0x000000071e200000| PB 0x000000071e200000| Complete 
| 200|0x000000071e400000, 0x000000071e600000, 0x000000071e600000|100%| E|CS|TAMS 0x000000071e400000| PB 0x000000071e400000| Complete 
| 201|0x000000071e600000, 0x000000071e800000, 0x000000071e800000|100%| E|CS|TAMS 0x000000071e600000| PB 0x000000071e600000| Complete 
| 202|0x000000071e800000, 0x000000071ea00000, 0x000000071ea00000|100%| E|CS|TAMS 0x000000071e800000| PB 0x000000071e800000| Complete 
| 203|0x000000071ea00000, 0x000000071ec00000, 0x000000071ec00000|100%| E|CS|TAMS 0x000000071ea00000| PB 0x000000071ea00000| Complete 

Card table byte_map: [0x0000024072a20000,0x0000024073200000] _byte_map_base: 0x000002406f1f6000

Marking Bits: (CMBitMap*) 0x000002405f0851e0
 Bits: [0x0000024073200000, 0x00000240770b0000)

Polling page: 0x000002405d270000

Metaspace:

Usage:
  Non-class:    128.59 MB used.
      Class:     15.87 MB used.
       Both:    144.47 MB used.

Virtual space:
  Non-class space:      192.00 MB reserved,     129.50 MB ( 67%) committed,  3 nodes.
      Class space:        1.00 GB reserved,      16.56 MB (  2%) committed,  1 nodes.
             Both:        1.19 GB reserved,     146.06 MB ( 12%) committed. 

Chunk freelists:
   Non-Class:  14.87 MB
       Class:  15.53 MB
        Both:  30.40 MB

MaxMetaspaceSize: unlimited
CompressedClassSpaceSize: 1.00 GB
Initial GC threshold: 21.00 MB
Current GC threshold: 243.44 MB
CDS: on
 - commit_granule_bytes: 65536.
 - commit_granule_words: 8192.
 - virtual_space_node_default_size: 8388608.
 - enlarge_chunks_in_place: 1.
 - use_allocation_guard: 0.


Internal statistics:

num_allocs_failed_limit: 9.
num_arena_births: 4280.
num_arena_deaths: 2918.
num_vsnodes_births: 4.
num_vsnodes_deaths: 0.
num_space_committed: 2394.
num_space_uncommitted: 20.
num_chunks_returned_to_freelist: 3994.
num_chunks_taken_from_freelist: 11989.
num_chunk_merges: 1109.
num_chunk_splits: 6957.
num_chunks_enlarged: 4721.
num_inconsistent_stats: 0.

CodeHeap 'non-profiled nmethods': size=119168Kb used=6792Kb max_used=21185Kb free=112375Kb
 bounds [0x000002406a560000, 0x000002406ba20000, 0x00000240719c0000]
CodeHeap 'profiled nmethods': size=119104Kb used=5232Kb max_used=39320Kb free=113871Kb
 bounds [0x00000240629c0000, 0x0000024065030000, 0x0000024069e10000]
CodeHeap 'non-nmethods': size=7488Kb used=3512Kb max_used=3628Kb free=3975Kb
 bounds [0x0000024069e10000, 0x000002406a1b0000, 0x000002406a560000]
CodeCache: size=245760Kb, used=15536Kb, max_used=64133Kb, free=230221Kb
 total_blobs=5105, nmethods=4173, adapters=826, full_count=0
Compilation: enabled, stopped_count=0, restarted_count=0

Compilation events (20 events):
Event: 19448.786 Thread 0x000002407a154090 50185       3       jdk.internal.loader.URLClassPath$1::hasMoreElements (5 bytes)
Event: 19448.787 Thread 0x00000240456622e0 50186       2       java.util.zip.ZipCoder$UTF8ZipCoder::hasTrailingSlash (20 bytes)
Event: 19448.787 Thread 0x000002407a154090 nmethod 50185 0x00000240642ea510 code [0x00000240642ea6c0, 0x00000240642ea7f8]
Event: 19448.787 Thread 0x0000024045667b70 nmethod 50184 0x00000240642e9d90 code [0x00000240642e9fc0, 0x00000240642ea338]
Event: 19448.787 Thread 0x00000240456622e0 nmethod 50186 0x00000240642e9990 code [0x00000240642e9b20, 0x00000240642e9c78]
Event: 19448.788 Thread 0x0000024045667b70 50187   !   3       org.springframework.core.type.filter.AssignableTypeFilter::matchTargetType (72 bytes)
Event: 19448.788 Thread 0x000002407a154090 50188       3       org.springframework.core.type.filter.AssignableTypeFilter::matchClassName (12 bytes)
Event: 19448.788 Thread 0x00000240456622e0 50189       1       java.util.Collections$SingletonList::size (2 bytes)
Event: 19448.789 Thread 0x00000240456622e0 nmethod 50189 0x000002406b018010 code [0x000002406b0181a0, 0x000002406b018268]
Event: 19448.789 Thread 0x000002407a154090 nmethod 50188 0x00000240642e9410 code [0x00000240642e95e0, 0x00000240642e9828]
Event: 19448.789 Thread 0x00000240456622e0 50190       1       org.springframework.core.annotation.TypeMappedAnnotations$AggregatesSpliterator::characteristics (4 bytes)
Event: 19448.789 Thread 0x000002407a154090 50191       2       org.springframework.core.annotation.AnnotationsScanner::processClass (92 bytes)
Event: 19448.789 Thread 0x0000024045661c10 nmethod 49226% 0x000002406aaab910 code [0x000002406aaabc20, 0x000002406aaae6f8]
Event: 19448.789 Thread 0x00000240456622e0 nmethod 50190 0x000002406b032190 code [0x000002406b032320, 0x000002406b0323e8]
Event: 19448.789 Thread 0x0000024045667b70 nmethod 50187 0x00000240642e8390 code [0x00000240642e8640, 0x00000240642e8fa8]
Event: 19448.789 Thread 0x00000240456622e0 50192       2       java.lang.Class::getConstructor0 (83 bytes)
Event: 19448.789 Thread 0x000002407a154090 nmethod 50191 0x00000240642e7c90 code [0x00000240642e7ea0, 0x00000240642e81b0]
Event: 19448.790 Thread 0x00000240456674a0 nmethod 50183 0x0000024062da0010 code [0x0000024062da0380, 0x0000024062da1ca0]
Event: 19448.790 Thread 0x0000024045667b70 50193       3       jdk.internal.loader.BuiltinClassLoader::findResourcesOnClassPath (43 bytes)
Event: 19448.790 Thread 0x000002407a154090 50194       2       jdk.internal.loader.BuiltinClassLoader::hasClassPath (13 bytes)

GC Heap History (20 events):
Event: 16699.978 GC heap before
{Heap before GC invocations=138 (full 3):
 garbage-first heap   total 704512K, used 632829K [0x0000000705400000, 0x0000000800000000)
  region size 2048K, 169 young (346112K), 2 survivors (4096K)
 Metaspace       used 148297K, committed 149568K, reserved 1245184K
  class space    used 16362K, committed 16960K, reserved 1048576K
}
Event: 16699.984 GC heap after
{Heap after GC invocations=139 (full 3):
 garbage-first heap   total 704512K, used 290819K [0x0000000705400000, 0x0000000800000000)
  region size 2048K, 2 young (4096K), 2 survivors (4096K)
 Metaspace       used 148297K, committed 149568K, reserved 1245184K
  class space    used 16362K, committed 16960K, reserved 1048576K
}
Event: 16989.831 GC heap before
{Heap before GC invocations=139 (full 3):
 garbage-first heap   total 704512K, used 645123K [0x0000000705400000, 0x0000000800000000)
  region size 2048K, 175 young (358400K), 2 survivors (4096K)
 Metaspace       used 148311K, committed 149568K, reserved 1245184K
  class space    used 16363K, committed 16960K, reserved 1048576K
}
Event: 16989.854 GC heap after
{Heap after GC invocations=140 (full 3):
 garbage-first heap   total 704512K, used 289959K [0x0000000705400000, 0x0000000800000000)
  region size 2048K, 3 young (6144K), 3 survivors (6144K)
 Metaspace       used 148311K, committed 149568K, reserved 1245184K
  class space    used 16363K, committed 16960K, reserved 1048576K
}
Event: 17288.790 GC heap before
{Heap before GC invocations=140 (full 3):
 garbage-first heap   total 704512K, used 654503K [0x0000000705400000, 0x0000000800000000)
  region size 2048K, 181 young (370688K), 3 survivors (6144K)
 Metaspace       used 148311K, committed 149568K, reserved 1245184K
  class space    used 16363K, committed 16960K, reserved 1048576K
}
Event: 17288.801 GC heap after
{Heap after GC invocations=141 (full 3):
 garbage-first heap   total 704512K, used 290187K [0x0000000705400000, 0x0000000800000000)
  region size 2048K, 3 young (6144K), 3 survivors (6144K)
 Metaspace       used 148311K, committed 149568K, reserved 1245184K
  class space    used 16363K, committed 16960K, reserved 1048576K
}
Event: 17589.879 GC heap before
{Heap before GC invocations=142 (full 3):
 garbage-first heap   total 704512K, used 660875K [0x0000000705400000, 0x0000000800000000)
  region size 2048K, 184 young (376832K), 3 survivors (6144K)
 Metaspace       used 148311K, committed 149568K, reserved 1245184K
  class space    used 16363K, committed 16960K, reserved 1048576K
}
Event: 17589.889 GC heap after
{Heap after GC invocations=143 (full 3):
 garbage-first heap   total 704512K, used 290292K [0x0000000705400000, 0x0000000800000000)
  region size 2048K, 3 young (6144K), 3 survivors (6144K)
 Metaspace       used 148311K, committed 149568K, reserved 1245184K
  class space    used 16363K, committed 16960K, reserved 1048576K
}
Event: 17893.050 GC heap before
{Heap before GC invocations=143 (full 3):
 garbage-first heap   total 704512K, used 665076K [0x0000000705400000, 0x0000000800000000)
  region size 2048K, 186 young (380928K), 3 survivors (6144K)
 Metaspace       used 148311K, committed 149568K, reserved 1245184K
  class space    used 16363K, committed 16960K, reserved 1048576K
}
Event: 17893.071 GC heap after
{Heap after GC invocations=144 (full 3):
 garbage-first heap   total 704512K, used 288386K [0x0000000705400000, 0x0000000800000000)
  region size 2048K, 3 young (6144K), 3 survivors (6144K)
 Metaspace       used 148311K, committed 149568K, reserved 1245184K
  class space    used 16363K, committed 16960K, reserved 1048576K
}
Event: 18220.827 GC heap before
{Heap before GC invocations=144 (full 3):
 garbage-first heap   total 704512K, used 665218K [0x0000000705400000, 0x0000000800000000)
  region size 2048K, 187 young (382976K), 3 survivors (6144K)
 Metaspace       used 148321K, committed 149568K, reserved 1245184K
  class space    used 16363K, committed 16960K, reserved 1048576K
}
Event: 18220.834 GC heap after
{Heap after GC invocations=145 (full 3):
 garbage-first heap   total 704512K, used 287625K [0x0000000705400000, 0x0000000800000000)
  region size 2048K, 3 young (6144K), 3 survivors (6144K)
 Metaspace       used 148321K, committed 149568K, reserved 1245184K
  class space    used 16363K, committed 16960K, reserved 1048576K
}
Event: 18582.809 GC heap before
{Heap before GC invocations=146 (full 3):
 garbage-first heap   total 704512K, used 664457K [0x0000000705400000, 0x0000000800000000)
  region size 2048K, 187 young (382976K), 3 survivors (6144K)
 Metaspace       used 148321K, committed 149568K, reserved 1245184K
  class space    used 16363K, committed 16960K, reserved 1048576K
}
Event: 18582.821 GC heap after
{Heap after GC invocations=147 (full 3):
 garbage-first heap   total 704512K, used 287173K [0x0000000705400000, 0x0000000800000000)
  region size 2048K, 3 young (6144K), 3 survivors (6144K)
 Metaspace       used 148321K, committed 149568K, reserved 1245184K
  class space    used 16363K, committed 16960K, reserved 1048576K
}
Event: 18929.415 GC heap before
{Heap before GC invocations=147 (full 3):
 garbage-first heap   total 704512K, used 664005K [0x0000000705400000, 0x0000000800000000)
  region size 2048K, 187 young (382976K), 3 survivors (6144K)
 Metaspace       used 148366K, committed 149568K, reserved 1245184K
  class space    used 16363K, committed 16960K, reserved 1048576K
}
Event: 18929.435 GC heap after
{Heap after GC invocations=148 (full 3):
 garbage-first heap   total 704512K, used 287316K [0x0000000705400000, 0x0000000800000000)
  region size 2048K, 1 young (2048K), 1 survivors (2048K)
 Metaspace       used 148366K, committed 149568K, reserved 1245184K
  class space    used 16363K, committed 16960K, reserved 1048576K
}
Event: 19259.387 GC heap before
{Heap before GC invocations=148 (full 3):
 garbage-first heap   total 704512K, used 664148K [0x0000000705400000, 0x0000000800000000)
  region size 2048K, 185 young (378880K), 1 survivors (2048K)
 Metaspace       used 148366K, committed 149568K, reserved 1245184K
  class space    used 16363K, committed 16960K, reserved 1048576K
}
Event: 19259.392 GC heap after
{Heap after GC invocations=149 (full 3):
 garbage-first heap   total 704512K, used 287180K [0x0000000705400000, 0x0000000800000000)
  region size 2048K, 1 young (2048K), 1 survivors (2048K)
 Metaspace       used 148366K, committed 149568K, reserved 1245184K
  class space    used 16363K, committed 16960K, reserved 1048576K
}
Event: 19447.927 GC heap before
{Heap before GC invocations=150 (full 3):
 garbage-first heap   total 552960K, used 427524K [0x0000000705400000, 0x0000000800000000)
  region size 2048K, 131 young (268288K), 1 survivors (2048K)
 Metaspace       used 147920K, committed 149568K, reserved 1245184K
  class space    used 16249K, committed 16960K, reserved 1048576K
}
Event: 19447.986 GC heap after
{Heap after GC invocations=151 (full 4):
 garbage-first heap   total 417792K, used 112193K [0x0000000705400000, 0x0000000800000000)
  region size 2048K, 0 young (0K), 0 survivors (0K)
 Metaspace       used 147912K, committed 149568K, reserved 1245184K
  class space    used 16246K, committed 16960K, reserved 1048576K
}

Dll operation events (11 events):
Event: 0.008 Loaded shared library C:\Users\sesol\.p2\pool\plugins\org.eclipse.justj.openjdk.hotspot.jre.full.win32.x86_64_21.0.10.v20260205-0638\jre\bin\java.dll
Event: 0.031 Loaded shared library C:\Users\sesol\.p2\pool\plugins\org.eclipse.justj.openjdk.hotspot.jre.full.win32.x86_64_21.0.10.v20260205-0638\jre\bin\zip.dll
Event: 0.116 Loaded shared library C:\Users\sesol\.p2\pool\plugins\org.eclipse.justj.openjdk.hotspot.jre.full.win32.x86_64_21.0.10.v20260205-0638\jre\bin\net.dll
Event: 0.118 Loaded shared library C:\Users\sesol\.p2\pool\plugins\org.eclipse.justj.openjdk.hotspot.jre.full.win32.x86_64_21.0.10.v20260205-0638\jre\bin\nio.dll
Event: 0.122 Loaded shared library C:\Users\sesol\.p2\pool\plugins\org.eclipse.justj.openjdk.hotspot.jre.full.win32.x86_64_21.0.10.v20260205-0638\jre\bin\zip.dll
Event: 0.266 Loaded shared library C:\Users\sesol\.p2\pool\plugins\org.eclipse.justj.openjdk.hotspot.jre.full.win32.x86_64_21.0.10.v20260205-0638\jre\bin\jimage.dll
Event: 0.758 Loaded shared library C:\Users\sesol\.p2\pool\plugins\org.eclipse.justj.openjdk.hotspot.jre.full.win32.x86_64_21.0.10.v20260205-0638\jre\bin\management.dll
Event: 0.967 Loaded shared library C:\Users\sesol\.p2\pool\plugins\org.eclipse.justj.openjdk.hotspot.jre.full.win32.x86_64_21.0.10.v20260205-0638\jre\bin\management_ext.dll
Event: 2.171 Loaded shared library C:\Users\sesol\.p2\pool\plugins\org.eclipse.justj.openjdk.hotspot.jre.full.win32.x86_64_21.0.10.v20260205-0638\jre\bin\sunmscapi.dll
Event: 5.713 Loaded shared library C:\Users\sesol\.p2\pool\plugins\org.eclipse.justj.openjdk.hotspot.jre.full.win32.x86_64_21.0.10.v20260205-0638\jre\bin\verify.dll
Event: 6.010 Loaded shared library C:\Users\sesol\.p2\pool\plugins\org.eclipse.justj.openjdk.hotspot.jre.full.win32.x86_64_21.0.10.v20260205-0638\jre\bin\extnet.dll

Deoptimization events (20 events):
Event: 19448.490 Thread 0x000002404bca9e00 DEOPT PACKING pc=0x0000024062e1e634 sp=0x0000005336bfe1d0
Event: 19448.490 Thread 0x000002404bca9e00 DEOPT UNPACKING pc=0x0000024069e64bc2 sp=0x0000005336bfd670 mode 0
Event: 19448.512 Thread 0x000002404bca9e00 DEOPT PACKING pc=0x0000024062e1e634 sp=0x0000005336bfe1d0
Event: 19448.512 Thread 0x000002404bca9e00 DEOPT UNPACKING pc=0x0000024069e64bc2 sp=0x0000005336bfd670 mode 0
Event: 19448.568 Thread 0x000002404bca9e00 DEOPT PACKING pc=0x0000024062e1e634 sp=0x0000005336bfe1d0
Event: 19448.568 Thread 0x000002404bca9e00 DEOPT UNPACKING pc=0x0000024069e64bc2 sp=0x0000005336bfd670 mode 0
Event: 19448.712 Thread 0x000002404bca9e00 DEOPT PACKING pc=0x0000024063aeeb24 sp=0x0000005336bfd560
Event: 19448.712 Thread 0x000002404bca9e00 DEOPT UNPACKING pc=0x0000024069e64bc2 sp=0x0000005336bfca28 mode 0
Event: 19448.716 Thread 0x000002404bca9e00 DEOPT PACKING pc=0x00000240645c5177 sp=0x0000005336bfdb20
Event: 19448.716 Thread 0x000002404bca9e00 DEOPT UNPACKING pc=0x0000024069e64bc2 sp=0x0000005336bfcfd0 mode 0
Event: 19448.782 Thread 0x000002404bca9e00 DEOPT PACKING pc=0x00000240647389a5 sp=0x0000005336bfde10
Event: 19448.782 Thread 0x000002404bca9e00 DEOPT UNPACKING pc=0x0000024069e64bc2 sp=0x0000005336bfd300 mode 0
Event: 19448.783 Thread 0x000002404bca9e00 DEOPT PACKING pc=0x00000240647389a5 sp=0x0000005336bfde10
Event: 19448.783 Thread 0x000002404bca9e00 DEOPT UNPACKING pc=0x0000024069e64bc2 sp=0x0000005336bfd300 mode 0
Event: 19448.783 Thread 0x000002404bca9e00 DEOPT PACKING pc=0x00000240647389a5 sp=0x0000005336bfde10
Event: 19448.783 Thread 0x000002404bca9e00 DEOPT UNPACKING pc=0x0000024069e64bc2 sp=0x0000005336bfd300 mode 0
Event: 19448.784 Thread 0x000002404bca9e00 DEOPT PACKING pc=0x00000240647389a5 sp=0x0000005336bfde10
Event: 19448.784 Thread 0x000002404bca9e00 DEOPT UNPACKING pc=0x0000024069e64bc2 sp=0x0000005336bfd300 mode 0
Event: 19448.785 Thread 0x000002404bca9e00 DEOPT PACKING pc=0x00000240647389a5 sp=0x0000005336bfde10
Event: 19448.785 Thread 0x000002404bca9e00 DEOPT UNPACKING pc=0x0000024069e64bc2 sp=0x0000005336bfd300 mode 0

Classes loaded (20 events):
Event: 9710.909 Loading class java/io/ObjectInputStream$ValidationList
Event: 9710.909 Loading class java/io/ObjectInputStream$ValidationList done
Event: 9710.909 Loading class java/io/ObjectInputFilter$Config
Event: 9710.910 Loading class java/io/ObjectInputFilter$Config done
Event: 9710.910 Loading class java/io/ObjectInputFilter
Event: 9710.910 Loading class java/io/ObjectInputFilter done
Event: 9710.910 Loading class java/io/ObjectInputFilter$Config$BuiltinFilterFactory
Event: 9710.911 Loading class java/io/ObjectInputFilter$Config$BuiltinFilterFactory done
Event: 9710.911 Loading class jdk/internal/access/JavaObjectInputFilterAccess
Event: 9710.911 Loading class jdk/internal/access/JavaObjectInputFilterAccess done
Event: 9710.911 Loading class jdk/internal/event/DeserializationEvent
Event: 9710.912 Loading class jdk/internal/event/DeserializationEvent done
Event: 9710.913 Loading class java/io/ObjectInputStream$FieldValues
Event: 9710.913 Loading class java/io/ObjectInputStream$GetField
Event: 9710.913 Loading class java/io/ObjectInputStream$GetField done
Event: 9710.913 Loading class java/io/ObjectInputStream$FieldValues done
Event: 15138.028 Loading class java/time/DurationEditor
Event: 15138.028 Loading class java/time/DurationEditor done
Event: 15138.160 Loading class jdk/internal/access/JavaAWTAccess
Event: 15138.161 Loading class jdk/internal/access/JavaAWTAccess done

Classes unloaded (20 events):
Event: 19259.546 Thread 0x0000024079ffffe0 Unloading class 0x0000024002062800 'java/lang/invoke/LambdaForm$MH+0x0000024002062800'
Event: 19259.547 Thread 0x0000024079ffffe0 Unloading class 0x0000024002068c00 'java/lang/invoke/LambdaForm$MH+0x0000024002068c00'
Event: 19259.547 Thread 0x0000024079ffffe0 Unloading class 0x000002400207b800 'java/lang/invoke/LambdaForm$MH+0x000002400207b800'
Event: 19259.547 Thread 0x0000024079ffffe0 Unloading class 0x0000024002081800 'java/lang/invoke/LambdaForm$BMH+0x0000024002081800'
Event: 19259.547 Thread 0x0000024079ffffe0 Unloading class 0x0000024002089c00 'java/lang/invoke/LambdaForm$MH+0x0000024002089c00'
Event: 19259.547 Thread 0x0000024079ffffe0 Unloading class 0x000002400208a000 'java/lang/invoke/LambdaForm$MH+0x000002400208a000'
Event: 19259.547 Thread 0x0000024079ffffe0 Unloading class 0x0000024002090400 'java/lang/invoke/LambdaForm$MH+0x0000024002090400'
Event: 19259.547 Thread 0x0000024079ffffe0 Unloading class 0x0000024002092c00 'java/lang/invoke/LambdaForm$DMH+0x0000024002092c00'
Event: 19259.547 Thread 0x0000024079ffffe0 Unloading class 0x0000024002093c00 'java/lang/invoke/LambdaForm$DMH+0x0000024002093c00'
Event: 19259.547 Thread 0x0000024079ffffe0 Unloading class 0x0000024002096000 'java/lang/invoke/LambdaForm$MH+0x0000024002096000'
Event: 19259.547 Thread 0x0000024079ffffe0 Unloading class 0x0000024002097800 'java/lang/invoke/LambdaForm$MH+0x0000024002097800'
Event: 19259.547 Thread 0x0000024079ffffe0 Unloading class 0x0000024002098800 'java/lang/invoke/LambdaForm$MH+0x0000024002098800'
Event: 19259.547 Thread 0x0000024079ffffe0 Unloading class 0x0000024002099000 'java/lang/invoke/LambdaForm$MH+0x0000024002099000'
Event: 19259.547 Thread 0x0000024079ffffe0 Unloading class 0x000002400209a000 'java/lang/invoke/LambdaForm$MH+0x000002400209a000'
Event: 19259.547 Thread 0x0000024079ffffe0 Unloading class 0x0000024001f34400 'java/lang/invoke/LambdaForm$MH+0x0000024001f34400'
Event: 19259.547 Thread 0x0000024079ffffe0 Unloading class 0x000002400209a800 'java/lang/invoke/LambdaForm$MH+0x000002400209a800'
Event: 19447.952 Thread 0x0000024079ffffe0 Unloading class 0x0000024001f88400 'java/lang/invoke/LambdaForm$MH+0x0000024001f88400'
Event: 19447.952 Thread 0x0000024079ffffe0 Unloading class 0x0000024001fb6400 'java/lang/invoke/LambdaForm$DMH+0x0000024001fb6400'
Event: 19447.952 Thread 0x0000024079ffffe0 Unloading class 0x0000024002031800 'java/lang/invoke/LambdaForm$MH+0x0000024002031800'
Event: 19447.952 Thread 0x0000024079ffffe0 Unloading class 0x0000024002078000 'java/lang/invoke/LambdaForm$MH+0x0000024002078000'

Classes redefined (0 events):
No events

Internal exceptions (20 events):
Event: 15157.363 Thread 0x0000024041c49e80 Exception <a 'java/io/FileNotFoundException'{0x000000070f255c18}> (0x000000070f255c18) 
thrown [s\src\hotspot\share\prims\jni.cpp, line 520]
Event: 15157.423 Thread 0x0000024041c49e80 Exception <a 'java/io/FileNotFoundException'{0x000000070efd3e08}> (0x000000070efd3e08) 
thrown [s\src\hotspot\share\prims\jni.cpp, line 520]
Event: 15162.993 Thread 0x0000024041c49e80 Implicit null exception at 0x000002406a738b3b to 0x000002406a73a8b4
Event: 15167.932 Thread 0x0000024041c49e80 Exception <a 'java/io/FileNotFoundException'{0x000000070ea3f9d8}> (0x000000070ea3f9d8) 
thrown [s\src\hotspot\share\prims\jni.cpp, line 520]
Event: 15167.933 Thread 0x0000024041c49e80 Exception <a 'java/io/FileNotFoundException'{0x000000070ea49d68}> (0x000000070ea49d68) 
thrown [s\src\hotspot\share\prims\jni.cpp, line 520]
Event: 15173.979 Thread 0x0000024041c49e80 Exception <a 'java/lang/NoSuchMethodError'{0x00000007135f75d0}: 'java.lang.Object java.lang.invoke.DirectMethodHandle$Holder.newInvokeSpecial(java.lang.Object, java.lang.Object, java.lang.Object, java.lang.Object, java.lang.Object, java.lang.Object, java.lang.Object, java.lang.Object, java.lang.Object, java.lang.Object)'> (0x00000007135f75d0) 
thrown [s\src\hotspot\share\interpreter\linkResolver.cpp, line 773]
Event: 15174.347 Thread 0x0000024041c49e80 Implicit null exception at 0x000002406b79f80b to 0x000002406b7a1304
Event: 15174.769 Thread 0x0000024041c49e80 Exception <a 'java/lang/NoSuchMethodError'{0x0000000712d5dc48}: 'java.lang.Object java.lang.invoke.DirectMethodHandle$Holder.newInvokeSpecial(java.lang.Object, java.lang.Object, java.lang.Object, java.lang.Object, java.lang.Object, java.lang.Object, java.lang.Object, java.lang.Object, java.lang.Object, java.lang.Object, java.lang.Object, java.lang.Object, java.lang.Object, java.lang.Object, java.lang.Object, java.lang.Object)'> (0x0000000712d5dc48) 
thrown [s\src\hotspot\share\interpreter\linkResolver.cpp,
Event: 15174.804 Thread 0x0000024041c49e80 Exception <a 'java/lang/NoSuchMethodError'{0x0000000712d63128}: 'java.lang.Object java.lang.invoke.DelegatingMethodHandle$Holder.reinvoke_L(java.lang.Object, java.lang.Object, java.lang.Object, java.lang.Object, java.lang.Object, java.lang.Object, java.lang.Object, java.lang.Object, java.lang.Object, java.lang.Object, java.lang.Object, java.lang.Object, java.lang.Object, java.lang.Object, java.lang.Object, java.lang.Object)'> (0x0000000712d63128) 
thrown [s\src\hotspot\share\interpreter\linkResolver.cpp, l
Event: 15176.001 Thread 0x0000024041c49e80 Exception <a 'java/lang/NoSuchMethodError'{0x0000000711795c28}: 'java.lang.Object java.lang.invoke.DirectMethodHandle$Holder.newInvokeSpecial(java.lang.Object, java.lang.Object, java.lang.Object, java.lang.Object, java.lang.Object, java.lang.Object, java.lang.Object, java.lang.Object, java.lang.Object, java.lang.Object, java.lang.Object, java.lang.Object, java.lang.Object)'> (0x0000000711795c28) 
thrown [s\src\hotspot\share\interpreter\linkResolver.cpp, line 773]
Event: 15176.003 Thread 0x0000024041c49e80 Exception <a 'java/lang/NoSuchMethodError'{0x000000071179a9a8}: 'java.lang.Object java.lang.invoke.DelegatingMethodHandle$Holder.reinvoke_L(java.lang.Object, java.lang.Object, java.lang.Object, java.lang.Object, java.lang.Object, java.lang.Object, java.lang.Object, java.lang.Object, java.lang.Object, java.lang.Object, java.lang.Object, java.lang.Object, java.lang.Object)'> (0x000000071179a9a8) 
thrown [s\src\hotspot\share\interpreter\linkResolver.cpp, line 773]
Event: 15176.413 Thread 0x0000024041c49e80 Implicit null exception at 0x000002406b8457d7 to 0x000002406b847b24
Event: 15179.457 Thread 0x0000024041c49e80 Implicit null exception at 0x000002406aa76673 to 0x000002406aa788e8
Event: 15179.787 Thread 0x0000024041c49e80 Exception <a 'java/lang/NoSuchMethodError'{0x000000071641b060}: 'java.lang.Object java.lang.invoke.DirectMethodHandle$Holder.newInvokeSpecial(java.lang.Object, java.lang.Object, java.lang.Object, java.lang.Object, java.lang.Object, java.lang.Object, java.lang.Object, java.lang.Object, java.lang.Object)'> (0x000000071641b060) 
thrown [s\src\hotspot\share\interpreter\linkResolver.cpp, line 773]
Event: 15181.423 Thread 0x0000024041c49e80 Exception <a 'java/lang/NoSuchMethodError'{0x00000007146574d0}: 'java.lang.Object java.lang.invoke.DirectMethodHandle$Holder.newInvokeSpecial(java.lang.Object, java.lang.Object, java.lang.Object, java.lang.Object, java.lang.Object, java.lang.Object, java.lang.Object, java.lang.Object, java.lang.Object, java.lang.Object, java.lang.Object, java.lang.Object, java.lang.Object, java.lang.Object, java.lang.Object, java.lang.Object, java.lang.Object, java.lang.Object)'> (0x00000007146574d0) 
thrown [s\src\hotspot
Event: 15181.423 Thread 0x0000024041c49e80 Exception <a 'java/lang/NoSuchMethodError'{0x000000071465ca78}: 'java.lang.Object java.lang.invoke.DelegatingMethodHandle$Holder.reinvoke_L(java.lang.Object, java.lang.Object, java.lang.Object, java.lang.Object, java.lang.Object, java.lang.Object, java.lang.Object, java.lang.Object, java.lang.Object, java.lang.Object, java.lang.Object, java.lang.Object, java.lang.Object, java.lang.Object, java.lang.Object, java.lang.Object, java.lang.Object, java.lang.Object)'> (0x000000071465ca78) 
thrown [s\src\hotspot\s
Event: 15183.824 Thread 0x0000024041c49e80 Exception <a 'java/lang/NoSuchMethodError'{0x0000000710ec1110}: 'java.lang.Object java.lang.invoke.DirectMethodHandle$Holder.invokeVirtual(java.lang.Object, java.lang.Object, java.lang.Object, java.lang.Object, java.lang.Object, java.lang.Object, java.lang.Object)'> (0x0000000710ec1110) 
thrown [s\src\hotspot\share\interpreter\linkResolver.cpp, line 773]
Event: 15184.462 Thread 0x00000240455e72f0 Exception <a 'java/lang/IncompatibleClassChangeError'{0x00000007177019b8}: Found class java.lang.Object, but interface was expected> (0x00000007177019b8) 
thrown [s\src\hotspot\share\interpreter\linkResolver.cpp, line 840]
Event: 19447.926 Thread 0x0000024041c4f3d0 Exception <a 'java/lang/InterruptedException'{0x0000000715e00dc0}: sleep interrupted> (0x0000000715e00dc0) 
thrown [s\src\hotspot\share\prims\jvm.cpp, line 3087]
Event: 19448.032 Thread 0x000002404bca9e00 Exception <a 'sun/nio/fs/WindowsException'{0x000000071ebec258}> (0x000000071ebec258) 
thrown [s\src\hotspot\share\prims\jni.cpp, line 520]

ZGC Phase Switch (0 events):
No events

VM Operations (20 events):
Event: 19087.749 Executing safepoint VM operation: Cleanup done
Event: 19089.774 Executing safepoint VM operation: Cleanup
Event: 19089.774 Executing safepoint VM operation: Cleanup done
Event: 19259.387 Executing safepoint VM operation: G1CollectForAllocation (G1 Evacuation Pause)
Event: 19259.393 Executing safepoint VM operation: G1CollectForAllocation (G1 Evacuation Pause) done
Event: 19259.539 Executing safepoint VM operation: G1PauseRemark
Event: 19259.748 Executing safepoint VM operation: G1PauseRemark done
Event: 19259.913 Executing safepoint VM operation: G1PauseCleanup
Event: 19259.914 Executing safepoint VM operation: G1PauseCleanup done
Event: 19447.476 Executing safepoint VM operation: Cleanup
Event: 19447.870 Executing safepoint VM operation: Cleanup done
Event: 19447.927 Executing safepoint VM operation: G1CollectFull (System.gc())
Event: 19447.986 Executing safepoint VM operation: G1CollectFull (System.gc()) done
Event: 19448.134 Executing safepoint VM operation: ICBufferFull
Event: 19448.134 Executing safepoint VM operation: ICBufferFull done
Event: 19448.370 Executing safepoint VM operation: ICBufferFull
Event: 19448.370 Executing safepoint VM operation: ICBufferFull done
Event: 19448.787 Executing safepoint VM operation: ICBufferFull
Event: 19448.787 Executing safepoint VM operation: ICBufferFull done
Event: 19449.798 Executing safepoint VM operation: Cleanup

Memory protections (0 events):
No events

Nmethod flushes (20 events):
Event: 19259.741 Thread 0x0000024079ffffe0 flushing  nmethod 0x000002406474ea90
Event: 19259.741 Thread 0x0000024079ffffe0 flushing  nmethod 0x0000024064762190
Event: 19259.741 Thread 0x0000024079ffffe0 flushing  nmethod 0x0000024064845710
Event: 19259.741 Thread 0x0000024079ffffe0 flushing  nmethod 0x0000024064858990
Event: 19259.741 Thread 0x0000024079ffffe0 flushing  nmethod 0x0000024064883b10
Event: 19447.962 Thread 0x0000024079ffffe0 flushing  nmethod 0x0000024062a5f590
Event: 19447.962 Thread 0x0000024079ffffe0 flushing  nmethod 0x00000240629f1190
Event: 19447.962 Thread 0x0000024079ffffe0 flushing  nmethod 0x00000240629f6190
Event: 19447.962 Thread 0x0000024079ffffe0 flushing  nmethod 0x0000024062a47a90
Event: 19447.962 Thread 0x0000024079ffffe0 flushing  nmethod 0x0000024062a51010
Event: 19447.962 Thread 0x0000024079ffffe0 flushing  nmethod 0x0000024062c1a690
Event: 19447.962 Thread 0x0000024079ffffe0 flushing  nmethod 0x0000024062a2d790
Event: 19447.962 Thread 0x0000024079ffffe0 flushing  nmethod 0x000002406453fd10
Event: 19447.962 Thread 0x0000024079ffffe0 flushing  nmethod 0x0000024064540b90
Event: 19447.962 Thread 0x0000024079ffffe0 flushing  nmethod 0x0000024064541a90
Event: 19447.962 Thread 0x0000024079ffffe0 flushing  nmethod 0x0000024062ee9290
Event: 19447.962 Thread 0x0000024079ffffe0 flushing  nmethod 0x0000024062ee9a10
Event: 19447.962 Thread 0x0000024079ffffe0 flushing  nmethod 0x0000024062e25790
Event: 19447.962 Thread 0x0000024079ffffe0 flushing  nmethod 0x00000240629c2190
Event: 19447.962 Thread 0x0000024079ffffe0 flushing  nmethod 0x0000024062a7a290

Events (20 events):
Event: 19447.904 Thread 0x0000024041c497f0 Thread exited: 0x0000024041c497f0
Event: 19447.904 Thread 0x0000024041c48ad0 Thread exited: 0x0000024041c48ad0
Event: 19447.904 Thread 0x000002404bfa61f0 Thread exited: 0x000002404bfa61f0
Event: 19447.904 Thread 0x00000240455e72f0 Thread exited: 0x00000240455e72f0
Event: 19447.904 Thread 0x0000024042b2df50 Thread exited: 0x0000024042b2df50
Event: 19447.904 Thread 0x000002404367a380 Thread exited: 0x000002404367a380
Event: 19447.904 Thread 0x000002404367b0a0 Thread exited: 0x000002404367b0a0
Event: 19447.904 Thread 0x0000024041c53570 Thread exited: 0x0000024041c53570
Event: 19447.904 Thread 0x000002407a759720 Thread exited: 0x000002407a759720
Event: 19447.904 Thread 0x000002404bfa6880 Thread exited: 0x000002404bfa6880
Event: 19447.904 Thread 0x0000024042b2d8c0 Thread exited: 0x0000024042b2d8c0
Event: 19447.917 Thread 0x000002404bcab1b0 Thread added: 0x0000024041c497f0
Event: 19447.917 Thread 0x0000024041c4fa60 Thread exited: 0x0000024041c4fa60
Event: 19447.919 Thread 0x0000024041c497f0 Thread exited: 0x0000024041c497f0
Event: 19447.926 Thread 0x0000024041c4ed40 Thread exited: 0x0000024041c4ed40
Event: 19447.926 Thread 0x0000024041c4e6b0 Thread exited: 0x0000024041c4e6b0
Event: 19447.926 Thread 0x0000024041c4f3d0 Thread exited: 0x0000024041c4f3d0
Event: 19447.987 Thread 0x000002404bcab1b0 Thread added: 0x000002404bca9e00
Event: 19447.988 Thread 0x000002404bca9e00 Thread exited: 0x000002404bca9e00
Event: 19447.989 Thread 0x000002404bcab1b0 Thread added: 0x000002404bca9e00


Dynamic libraries:
0x00007ff639c00000 - 0x00007ff639c0e000 	C:\Users\sesol\.p2\pool\plugins\org.eclipse.justj.openjdk.hotspot.jre.full.win32.x86_64_21.0.10.v20260205-0638\jre\bin\javaw.exe
0x00007ffab9080000 - 0x00007ffab92e6000 	C:\Windows\SYSTEM32\ntdll.dll
0x00007ffab80b0000 - 0x00007ffab8179000 	C:\Windows\System32\KERNEL32.DLL
0x00007ffab6660000 - 0x00007ffab6a5a000 	C:\Windows\System32\KERNELBASE.dll
0x00007ffab6460000 - 0x00007ffab65ac000 	C:\Windows\System32\ucrtbase.dll
0x00007ffa97840000 - 0x00007ffa97858000 	C:\Users\sesol\.p2\pool\plugins\org.eclipse.justj.openjdk.hotspot.jre.full.win32.x86_64_21.0.10.v20260205-0638\jre\bin\jli.dll
0x00007ffab8ca0000 - 0x00007ffab8e67000 	C:\Windows\System32\USER32.dll
0x00007ffab6a60000 - 0x00007ffab6a87000 	C:\Windows\System32\win32u.dll
0x00007ffab6f90000 - 0x00007ffab6fbb000 	C:\Windows\System32\GDI32.dll
0x00007ffab6b40000 - 0x00007ffab6c6b000 	C:\Windows\System32\gdi32full.dll
0x00007ffaa11c0000 - 0x00007ffaa1452000 	C:\Windows\WinSxS\amd64_microsoft.windows.common-controls_6595b64144ccf1df_6.0.26100.8521_none_3e08b75ce33403b3\COMCTL32.dll
0x00007ffab6a90000 - 0x00007ffab6b33000 	C:\Windows\System32\msvcp_win.dll
0x00007ffab8e70000 - 0x00007ffab8f19000 	C:\Windows\System32\msvcrt.dll
0x00007ffab2660000 - 0x00007ffab267e000 	C:\Users\sesol\.p2\pool\plugins\org.eclipse.justj.openjdk.hotspot.jre.full.win32.x86_64_21.0.10.v20260205-0638\jre\bin\VCRUNTIME140.dll
0x00007ffab8c40000 - 0x00007ffab8c72000 	C:\Windows\System32\IMM32.DLL
0x00007ffaa0d20000 - 0x00007ffaa0d2c000 	C:\Users\sesol\.p2\pool\plugins\org.eclipse.justj.openjdk.hotspot.jre.full.win32.x86_64_21.0.10.v20260205-0638\jre\bin\vcruntime140_1.dll
0x00007ffa95c10000 - 0x00007ffa95c9d000 	C:\Users\sesol\.p2\pool\plugins\org.eclipse.justj.openjdk.hotspot.jre.full.win32.x86_64_21.0.10.v20260205-0638\jre\bin\msvcp140.dll
0x00007ffa170e0000 - 0x00007ffa17e81000 	C:\Users\sesol\.p2\pool\plugins\org.eclipse.justj.openjdk.hotspot.jre.full.win32.x86_64_21.0.10.v20260205-0638\jre\bin\server\jvm.dll
0x00007ffab71d0000 - 0x00007ffab7286000 	C:\Windows\System32\ADVAPI32.dll
0x00007ffab6fd0000 - 0x00007ffab707a000 	C:\Windows\System32\sechost.dll
0x00007ffab8f20000 - 0x00007ffab9038000 	C:\Windows\System32\RPCRT4.dll
0x00007ffab7f60000 - 0x00007ffab7fe0000 	C:\Windows\System32\WS2_32.dll
0x00007ffab6170000 - 0x00007ffab61ce000 	C:\Windows\SYSTEM32\POWRPROF.dll
0x00007ffaafd80000 - 0x00007ffaafd8b000 	C:\Windows\SYSTEM32\VERSION.dll
0x00007ffaacba0000 - 0x00007ffaacbd6000 	C:\Windows\SYSTEM32\WINMM.dll
0x00007ffab6150000 - 0x00007ffab6164000 	C:\Windows\SYSTEM32\UMPDC.dll
0x00007ffab5070000 - 0x00007ffab508b000 	C:\Windows\SYSTEM32\kernel.appcore.dll
0x00007ffaafd10000 - 0x00007ffaafd1a000 	C:\Users\sesol\.p2\pool\plugins\org.eclipse.justj.openjdk.hotspot.jre.full.win32.x86_64_21.0.10.v20260205-0638\jre\bin\jimage.dll
0x00007ffaaa230000 - 0x00007ffaaa472000 	C:\Windows\SYSTEM32\DBGHELP.DLL
0x00007ffab8260000 - 0x00007ffab85e3000 	C:\Windows\System32\combase.dll
0x00007ffab70f0000 - 0x00007ffab71c9000 	C:\Windows\System32\OLEAUT32.dll
0x00007ffa9a7e0000 - 0x00007ffa9a81b000 	C:\Windows\SYSTEM32\dbgcore.DLL
0x00007ffab65b0000 - 0x00007ffab6658000 	C:\Windows\System32\bcryptPrimitives.dll
0x00007ffa98720000 - 0x00007ffa98740000 	C:\Users\sesol\.p2\pool\plugins\org.eclipse.justj.openjdk.hotspot.jre.full.win32.x86_64_21.0.10.v20260205-0638\jre\bin\java.dll
0x00007ffab7290000 - 0x00007ffab7a14000 	C:\Windows\System32\SHELL32.dll
0x00007ffab3e90000 - 0x00007ffab4710000 	C:\Windows\SYSTEM32\windows.storage.dll
0x00007ffab7aa0000 - 0x00007ffab7b96000 	C:\Windows\System32\SHCORE.dll
0x00007ffab7080000 - 0x00007ffab70e7000 	C:\Windows\System32\shlwapi.dll
0x00007ffab6230000 - 0x00007ffab6259000 	C:\Windows\SYSTEM32\profapi.dll
0x00007ffa94c40000 - 0x00007ffa94c58000 	C:\Users\sesol\.p2\pool\plugins\org.eclipse.justj.openjdk.hotspot.jre.full.win32.x86_64_21.0.10.v20260205-0638\jre\bin\zip.dll
0x00007ffaaeda0000 - 0x00007ffaaedb0000 	C:\Users\sesol\.p2\pool\plugins\org.eclipse.justj.openjdk.hotspot.jre.full.win32.x86_64_21.0.10.v20260205-0638\jre\bin\net.dll
0x00007ffab0470000 - 0x00007ffab0599000 	C:\Windows\SYSTEM32\WINHTTP.dll
0x00007ffab55c0000 - 0x00007ffab562c000 	C:\Windows\system32\mswsock.dll
0x00007ffa94940000 - 0x00007ffa94956000 	C:\Users\sesol\.p2\pool\plugins\org.eclipse.justj.openjdk.hotspot.jre.full.win32.x86_64_21.0.10.v20260205-0638\jre\bin\nio.dll
0x00007ffaa0d10000 - 0x00007ffaa0d1a000 	C:\Users\sesol\.p2\pool\plugins\org.eclipse.justj.openjdk.hotspot.jre.full.win32.x86_64_21.0.10.v20260205-0638\jre\bin\management.dll
0x00007ffaa0d00000 - 0x00007ffaa0d0c000 	C:\Users\sesol\.p2\pool\plugins\org.eclipse.justj.openjdk.hotspot.jre.full.win32.x86_64_21.0.10.v20260205-0638\jre\bin\management_ext.dll
0x00007ffab85f0000 - 0x00007ffab85f8000 	C:\Windows\System32\PSAPI.DLL
0x00007ffaa30c0000 - 0x00007ffaa30ce000 	C:\Users\sesol\.p2\pool\plugins\org.eclipse.justj.openjdk.hotspot.jre.full.win32.x86_64_21.0.10.v20260205-0638\jre\bin\sunmscapi.dll
0x00007ffab6c70000 - 0x00007ffab6de8000 	C:\Windows\System32\CRYPT32.dll
0x00007ffab5b10000 - 0x00007ffab5b40000 	C:\Windows\SYSTEM32\ncrypt.dll
0x00007ffab5ac0000 - 0x00007ffab5aff000 	C:\Windows\SYSTEM32\NTASN1.dll
0x00007ffab5860000 - 0x00007ffab587b000 	C:\Windows\SYSTEM32\CRYPTSP.dll
0x00007ffab4fd0000 - 0x00007ffab5009000 	C:\Windows\system32\rsaenh.dll
0x00007ffab5670000 - 0x00007ffab56a3000 	C:\Windows\SYSTEM32\USERENV.dll
0x00007ffab6200000 - 0x00007ffab622a000 	C:\Windows\SYSTEM32\bcrypt.dll
0x00007ffab5880000 - 0x00007ffab588c000 	C:\Windows\SYSTEM32\CRYPTBASE.dll
0x00007ffab4a40000 - 0x00007ffab4a73000 	C:\Windows\SYSTEM32\IPHLPAPI.DLL
0x00007ffab8c90000 - 0x00007ffab8c9a000 	C:\Windows\System32\NSI.dll
0x00007ffaac3f0000 - 0x00007ffaac400000 	C:\Users\sesol\.p2\pool\plugins\org.eclipse.justj.openjdk.hotspot.jre.full.win32.x86_64_21.0.10.v20260205-0638\jre\bin\verify.dll
0x00007ffab4ad0000 - 0x00007ffab4c1a000 	C:\Windows\SYSTEM32\DNSAPI.dll
0x00007ffab5400000 - 0x00007ffab540d000 	C:\Windows\SYSTEM32\DSPARSE.dll
0x00007ffaafd00000 - 0x00007ffaafd0b000 	C:\Windows\System32\rasadhlp.dll
0x00007ffab0de0000 - 0x00007ffab0e66000 	C:\Windows\System32\fwpuclnt.dll
0x00007ffaafcf0000 - 0x00007ffaafcf9000 	C:\Users\sesol\.p2\pool\plugins\org.eclipse.justj.openjdk.hotspot.jre.full.win32.x86_64_21.0.10.v20260205-0638\jre\bin\extnet.dll
0x00007ffa81480000 - 0x00007ffa81488000 	C:\Windows\system32\wshunix.dll
0x00007ffa8a9a0000 - 0x00007ffa8a9b8000 	C:\Windows\system32\napinsp.dll
0x00007ffa8a980000 - 0x00007ffa8a993000 	C:\Windows\System32\winrnr.dll
0x00007ffa8a950000 - 0x00007ffa8a972000 	C:\Windows\system32\nlansp_c.dll
0x00007ffa8a930000 - 0x00007ffa8a946000 	C:\Windows\system32\wshbth.dll
0x00007ffab0aa0000 - 0x00007ffab0abd000 	C:\Windows\SYSTEM32\dhcpcsvc6.DLL
0x00007ffab0a60000 - 0x00007ffab0a85000 	C:\Windows\SYSTEM32\dhcpcsvc.DLL

JVMTI agents: none

dbghelp: loaded successfully - version: 4.0.5 - missing functions: none
symbol engine: initialized successfully - sym options: 0x614 - pdb path: .;C:\Users\sesol\.p2\pool\plugins\org.eclipse.justj.openjdk.hotspot.jre.full.win32.x86_64_21.0.10.v20260205-0638\jre\bin;C:\Windows\SYSTEM32;C:\Windows\WinSxS\amd64_microsoft.windows.common-controls_6595b64144ccf1df_6.0.26100.8521_none_3e08b75ce33403b3;C:\Users\sesol\.p2\pool\plugins\org.eclipse.justj.openjdk.hotspot.jre.full.win32.x86_64_21.0.10.v20260205-0638\jre\bin\server

VM Arguments:
jvm_args: -Dfile.encoding=UTF-8 -Dstdout.encoding=UTF-8 -Dstderr.encoding=UTF-8 -XX:+ShowCodeDetailsInExceptionMessages 
java_command: com.istlgroup.istl_group_crm_backend.IstlGroupCrmBackendApplication
java_class_path (initial): C:\IstlReact\istlReact\istl_group_crm\istl_group_crm_backend\target\classes;C:\Users\sesol\.m2\repository\org\springframework\boot\spring-boot-starter-web\3.4.1\spring-boot-starter-web-3.4.1.jar;C:\Users\sesol\.m2\repository\org\springframework\boot\spring-boot-starter\3.4.1\spring-boot-starter-3.4.1.jar;C:\Users\sesol\.m2\repository\org\springframework\boot\spring-boot-starter-logging\3.4.1\spring-boot-starter-logging-3.4.1.jar;C:\Users\sesol\.m2\repository\ch\qos\logback\logback-classic\1.5.12\logback-classic-1.5.12.jar;C:\Users\sesol\.m2\repository\ch\qos\logback\logback-core\1.5.12\logback-core-1.5.12.jar;C:\Users\sesol\.m2\repository\org\apache\logging\log4j\log4j-to-slf4j\2.24.3\log4j-to-slf4j-2.24.3.jar;C:\Users\sesol\.m2\repository\org\slf4j\jul-to-slf4j\2.0.16\jul-to-slf4j-2.0.16.jar;C:\Users\sesol\.m2\repository\jakarta\annotation\jakarta.annotation-api\2.1.1\jakarta.annotation-api-2.1.1.jar;C:\Users\sesol\.m2\repository\org\yaml\snakeyaml\2.3\snakeyaml-2.3.jar;C:\Users\sesol\.m2\repository\org\springframework\boot\spring-boot-starter-json\3.4.1\spring-boot-starter-json-3.4.1.jar;C:\Users\sesol\.m2\repository\com\fasterxml\jackson\core\jackson-databind\2.18.2\jackson-databind-2.18.2.jar;C:\Users\sesol\.m2\repository\com\fasterxml\jackson\core\jackson-annotations\2.18.2\jackson-annotations-2.18.2.jar;C:\Users\sesol\.m2\repository\com\fasterxml\jackson\core\jackson-core\2.18.2\jackson-core-2.18.2.jar;C:\Users\sesol\.m2\repository\com\fasterxml\jackson\datatype\jackson-datatype-jdk8\2.18.2\jackson-datatype-jdk8-2.18.2.jar;C:\Users\sesol\.m2\repository\com\fasterxml\jackson\datatype\jackson-datatype-jsr310\2.18.2\jackson-datatype-jsr310-2.18.2.jar;C:\Users\sesol\.m2\repository\com\fasterxml\jackson\module\jackson-module-parameter-names\2.18.2\jackson-module-parameter-names-2.18.2.jar;C:\Users\sesol\.m2\repository\org\springframework\boot\spring-boot-starter-tomcat\3.4.1\spring-boot-starter-tomcat-3.4.1.jar;C:\Users\sesol\.m2\repository\org\apache\tomcat\embed\tomcat-embed-core\10.1.34\tomcat-embed-core-10.1.34.jar;C:\Users\sesol\.m2\repository\org\apache\tomcat\embed\tomcat-embed-websocket\10.1.34\tomcat-embed-websocket-10.1.34.jar;C:\Users\sesol\.m2\repository\org\springframework\spring-web\6.2.1\spring-web-6.2.1.jar;C:\Users\sesol\.m2\repository\org\springframework\spring-beans\6.2.1\spring-beans-6.2.1.jar;C:\Users\sesol\.m2\repository\io\micrometer\micrometer-observation\1.14.2\micrometer-observation-1.14.2.jar;C:\Users\sesol\.m2\repository\io\micrometer\micrometer-commons\1.14.2\micrometer-commons-1.14.2.jar;C:\Users\sesol\.m2\repository\org\springframework\spring-webmvc\6.2.1\spring-webmvc-6.2.1.jar;C:\Users\sesol\.m2\repository\org\springframework\spring-context\6.2.1\spring-context-6.2.1.jar;C:\Users\sesol\.m2\repository\org\springframework\spring-expression\6.2.1\spring-expression-6.2.1.jar;C:\Users\sesol\.m2\repository\org\springframework\boot\spring-boot-starter-mail\3.4.1\spring-boot-starter-mail-3.4.1.jar;C:\Users\sesol\.m2\repository\org\springframework\spring-context-support\6.2.1\spring-context-support-6.2.1.jar;C:\Users\sesol\.m2\repository\org\eclipse\angus\jakarta.mail\2.0.3\jakarta.mail-2.0.3.jar;C:\Users\sesol\.m2\repository\jakarta\activation\jakarta.activation-api\2.1.3\jakarta.activation-api-2.1.3.jar;C:\Users\sesol\.m2\repository\org\eclipse\angus\angus-activation\2.0.2\angus-activation-2.0.2.jar;C:\Users\sesol\.m2\repository\org\springframework\boot\spring-boot-starter-security\3.4.1\spring-boot-starter-security-3.4.1.jar;C:\Users\sesol\.m2\repository\org\springframework\spring-aop\6.2.1\spring-aop-6.2.1.jar;C:\Users\sesol\.m2\repository\org\springframework\security\spring-security-config\6.4.2\spring-security-config-6.4.2.jar;C:\Users\sesol\.m2\repository\org\springframework\security\spring-security-core\6.4.2\spring-security-core-6.4.2.jar;C:\Users\sesol\.m2\repository\org\springframework\security\spring-security-crypto\6.4.2\spring-security-crypto-6.4.2.jar;C:\Users\sesol\.m2\repository\org\springframework\security\spring-security-web\6.4.2\spring-security-web-6.4.2.jar;C:\Users\sesol\.m2\repository\org\apache\poi\poi-ooxml\5.2.5\poi-ooxml-5.2.5.jar;C:\Users\sesol\.m2\repository\org\apache\poi\poi\5.2.5\poi-5.2.5.jar;C:\Users\sesol\.m2\repository\commons-codec\commons-codec\1.17.1\commons-codec-1.17.1.jar;C:\Users\sesol\.m2\repository\org\apache\commons\commons-math3\3.6.1\commons-math3-3.6.1.jar;C:\Users\sesol\.m2\repository\com\zaxxer\SparseBitSet\1.3\SparseBitSet-1.3.jar;C:\Users\sesol\.m2\repository\org\apache\poi\poi-ooxml-lite\5.2.5\poi-ooxml-lite-5.2.5.jar;C:\Users\sesol\.m2\repository\org\apache\xmlbeans\xmlbeans\5.2.0\xmlbeans-5.2.0.jar;C:\Users\sesol\.m2\repository\org\apache\commons\commons-compress\1.25.0\commons-compress-1.25.0.jar;C:\Users\sesol\.m2\repository\commons-io\commons-io\2.15.0\commons-io-2.15.0.jar;C:\Users\sesol\.m2\repository\com\github\virtuald\curvesapi\1.08\curvesapi-1.08.jar;C:\Users\sesol\.m2\repository\org\apache\logging\log4j\log4j-api\2.24.3\log4j-api-2.24.3.jar;C:\Users\sesol\.m2\repository\org\apache\commons\commons-collections4\4.4\commons-collections4-4.4.jar;C:\Users\sesol\.m2\repository\org\springframework\boot\spring-boot-starter-webflux\3.4.1\spring-boot-starter-webflux-3.4.1.jar;C:\Users\sesol\.m2\repository\org\springframework\boot\spring-boot-starter-reactor-netty\3.4.1\spring-boot-starter-reactor-netty-3.4.1.jar;C:\Users\sesol\.m2\repository\io\projectreactor\netty\reactor-netty-http\1.2.1\reactor-netty-http-1.2.1.jar;C:\Users\sesol\.m2\repository\io\netty\netty-codec-http\4.1.116.Final\netty-codec-http-4.1.116.Final.jar;C:\Users\sesol\.m2\repository\io\netty\netty-common\4.1.116.Final\netty-common-4.1.116.Final.jar;C:\Users\sesol\.m2\repository\io\netty\netty-buffer\4.1.116.Final\netty-buffer-4.1.116.Final.jar;C:\Users\sesol\.m2\repository\io\netty\netty-transport\4.1.116.Final\netty-transport-4.1.116.Final.jar;C:\Users\sesol\.m2\repository\io\netty\netty-codec\4.1.116.Final\netty-codec-4.1.116.Final.jar;C:\Users\sesol\.m2\repository\io\netty\netty-handler\4.1.116.Final\netty-handler-4.1.116.Final.jar;C:\Users\sesol\.m2\repository\io\netty\netty-codec-http2\4.1.116.Final\netty-codec-http2-4.1.116.Final.jar;C:\Users\sesol\.m2\repository\io\netty\netty-resolver-dns\4.1.116.Final\netty-resolver-dns-4.1.116.Final.jar;C:\Users\sesol\.m2\repository\io\netty\netty-resolver\4.1.116.Final\netty-resolver-4.1.116.Final.jar;C:\Users\sesol\.m2\repository\io\netty\netty-codec-dns\4.1.116.Final\netty-codec-dns-4.1.116.Final.jar;C:\Users\sesol\.m2\repository\io\netty\netty-resolver-dns-native-macos\4.1.116.Final\netty-resolver-dns-native-macos-4.1.116.Final-osx-x86_64.jar;C:\Users\sesol\.m2\repository\io\netty\netty-resolver-dns-classes-macos\4.1.116.Final\netty-resolver-dns-classes-macos-4.1.116.Final.jar;C:\Users\sesol\.m2\repository\io\netty\netty-transport-native-epoll\4.1.116.Final\netty-transport-native-epoll-4.1.116.Final-linux-x86_64.jar;C:\Users\sesol\.m2\repository\io\netty\netty-transport-native-unix-common\4.1.116.Final\netty-transport-native-unix-common-4.1.116.Final.jar;C:\Users\sesol\.m2\repository\io\netty\netty-transport-classes-epoll\4.1.116.Final\netty-transport-classes-epoll-4.1.116.Final.jar;C:\Users\sesol\.m2\repository\io\projectreactor\netty\reactor-netty-core\1.2.1\reactor-netty-core-1.2.1.jar;C:\Users\sesol\.m2\repository\io\netty\netty-handler-proxy\4.1.116.Final\netty-handler-proxy-4.1.116.Final.jar;C:\Users\sesol\.m2\repository\io\netty\netty-codec-socks\4.1.116.Final\netty-codec-socks-4.1.116.Final.jar;C:\Users\sesol\.m2\repository\org\springframework\spring-webflux\6.2.1\spring-webflux-6.2.1.jar;C:\Users\sesol\.m2\repository\io\projectreactor\reactor-core\3.7.1\reactor-core-3.7.1.jar;C:\Users\sesol\.m2\repository\org\reactivestreams\reactive-streams\1.0.4\reactive-streams-1.0.4.jar;C:\Users\sesol\.m2\repository\org\springframework\boot\spring-boot-starter-data-jpa\3.4.1\spring-boot-starter-data-jpa-3.4.1.jar;C:\Users\sesol\.m2\repository\org\springframework\boot\spring-boot-starter-jdbc\3.4.1\spring-boot-starter-jdbc-3.4.1.jar;C:\Users\sesol\.m2\repository\com\zaxxer\HikariCP\5.1.0\HikariCP-5.1.0.jar;C:\Users\sesol\.m2\repository\org\springframework\spring-jdbc\6.2.1\spring-jdbc-6.2.1.jar;C:\Users\sesol\.m2\repository\org\hibernate\orm\hibernate-core\6.6.4.Final\hibernate-core-6.6.4.Final.jar;C:\Users\sesol\.m2\repository\jakarta\persistence\jakarta.persistence-api\3.1.0\jakarta.persistence-api-3.1.0.jar;C:\Users\sesol\.m2\repository\jakarta\transaction\jakarta.transaction-api\2.0.1\jakarta.transaction-api-2.0.1.jar;C:\Users\sesol\.m2\repository\org\jboss\logging\jboss-logging\3.6.1.Final\jboss-logging-3.6.1.Final.jar;C:\Users\sesol\.m2\repository\org\hibernate\common\hibernate-commons-annotations\7.0.3.Final\hibernate-commons-annotations-7.0.3.Final.jar;C:\Users\sesol\.m2\repository\io\smallrye\jandex\3.2.0\jandex-3.2.0.jar;C:\Users\sesol\.m2\repository\com\fasterxml\classmate\1.7.0\classmate-1.7.0.jar;C:\Users\sesol\.m2\repository\net\bytebuddy\byte-buddy\1.15.11\byte-buddy-1.15.11.jar;C:\Users\sesol\.m2\repository\org\glassfish\jaxb\jaxb-runtime\4.0.5\jaxb-runtime-4.0.5.jar;C:\Users\sesol\.m2\repository\org\glassfish\jaxb\jaxb-core\4.0.5\jaxb-core-4.0.5.jar;C:\Users\sesol\.m2\repository\org\glassfish\jaxb\txw2\4.0.5\txw2-4.0.5.jar;C:\Users\sesol\.m2\repository\com\sun\istack\istack-commons-runtime\4.1.2\istack-commons-runtime-4.1.2.jar;C:\Users\sesol\.m2\repository\jakarta\inject\jakarta.inject-api\2.0.1\jakarta.inject-api-2.0.1.jar;C:\Users\sesol\.m2\repository\org\antlr\antlr4-runtime\4.13.0\antlr4-runtime-4.13.0.jar;C:\Users\sesol\.m2\repository\org\springframework\data\spring-data-jpa\3.4.1\spring-data-jpa-3.4.1.jar;C:\Users\sesol\.m2\repository\org\springframework\data\spring-data-commons\3.4.1\spring-data-commons-3.4.1.jar;C:\Users\sesol\.m2\repository\org\springframework\spring-orm\6.2.1\spring-orm-6.2.1.jar;C:\Users\sesol\.m2\repository\org\springframework\spring-tx\6.2.1\spring-tx-6.2.1.jar;C:\Users\sesol\.m2\repository\org\slf4j\slf4j-api\2.0.16\slf4j-api-2.0.16.jar;C:\Users\sesol\.m2\repository\org\springframework\spring-aspects\6.2.1\spring-aspects-6.2.1.jar;C:\Users\sesol\.m2\repository\org\aspectj\aspectjweaver\1.9.22.1\aspectjweaver-1.9.22.1.jar;C:\Users\sesol\.m2\repository\org\springframework\boot\spring-boot-starter-validation\3.4.1\spring-boot-starter-validation-3.4.1.jar;C:\Users\sesol\.m2\repository\org\apache\tomcat\embed\tomcat-embed-el\10.1.34\tomcat-embed-el-10.1.34.jar;C:\Users\sesol\.m2\repository\org\hibernate\validator\hibernate-validator\8.0.2.Final\hibernate-validator-8.0.2.Final.jar;C:\Users\sesol\.m2\repository\jakarta\validation\jakarta.validation-api\3.0.2\jakarta.validation-api-3.0.2.jar;C:\Users\sesol\.m2\repository\com\mysql\mysql-connector-j\9.1.0\mysql-connector-j-9.1.0.jar;C:\Users\sesol\.m2\repository\org\mindrot\jbcrypt\0.4\jbcrypt-0.4.jar;C:\Users\sesol\.m2\repository\org\projectlombok\lombok\1.18.36\lombok-1.18.36.jar;C:\Users\sesol\.m2\repository\org\springframework\boot\spring-boot-devtools\3.4.1\spring-boot-devtools-3.4.1.jar;C:\Users\sesol\.m2\repository\org\springframework\boot\spring-boot\3.4.1\spring-boot-3.4.1.jar;C:\Users\sesol\.m2\repository\org\springframework\boot\spring-boot-autoconfigure\3.4.1\spring-boot-autoconfigure-3.4.1.jar;C:\Users\sesol\.m2\repository\org\springframework\boot\spring-boot-starter-websocket\3.4.1\spring-boot-starter-websocket-3.4.1.jar;C:\Users\sesol\.m2\repository\org\springframework\spring-messaging\6.2.1\spring-messaging-6.2.1.jar;C:\Users\sesol\.m2\repository\org\springframework\spring-websocket\6.2.1\spring-websocket-6.2.1.jar;C:\Users\sesol\.m2\repository\jakarta\xml\bind\jakarta.xml.bind-api\4.0.2\jakarta.xml.bind-api-4.0.2.jar;C:\Users\sesol\.m2\repository\org\springframework\spring-core\6.2.1\spring-core-6.2.1.jar;C:\Users\sesol\.m2\repository\org\springframework\spring-jcl\6.2.1\spring-jcl-6.2.1.jar;C:\Users\sesol\.m2\repository\com\itextpdf\barcodes\7.2.5\barcodes-7.2.5.jar;C:\Users\sesol\.m2\repository\com\itextpdf\font-asian\7.2.5\font-asian-7.2.5.jar;C:\Users\sesol\.m2\repository\com\itextpdf\forms\7.2.5\forms-7.2.5.jar;C:\Users\sesol\.m2\repository\com\itextpdf\hyph\7.2.5\hyph-7.2.5.jar;C:\Users\sesol\.m2\repository\com\itextpdf\io\7.2.5\io-7.2.5.jar;C:\Users\sesol\.m2\repository\com\itextpdf\commons\7.2.5\commons-7.2.5.jar;C:\Users\sesol\.m2\repository\com\itextpdf\kernel\7.2.5\kernel-7.2.5.jar;C:\Users\sesol\.m2\repository\org\bouncycastle\bcpkix-jdk15on\1.70\bcpkix-jdk15on-1.70.jar;C:\Users\sesol\.m2\repository\org\bouncycastle\bcutil-jdk15on\1.70\bcutil-jdk15on-1.70.jar;C:\Users\sesol\.m2\repository\org\bouncycastle\bcprov-jdk15on\1.70\bcprov-jdk15on-1.70.jar;C:\Users\sesol\.m2\repository\com\itextpdf\layout\7.2.5\layout-7.2.5.jar;C:\Users\sesol\.m2\repository\com\itextpdf\pdfa\7.2.5\pdfa-7.2.5.jar;C:\Users\sesol\.m2\repository\com\itextpdf\sign\7.2.5\sign-7.2.5.jar;C:\Users\sesol\.m2\repository\com\itextpdf\styled-xml-parser\7.2.5\styled-xml-parser-7.2.5.jar;C:\Users\sesol\.m2\repository\com\itextpdf\svg\7.2.5\svg-7.2.5.jar
Launcher Type: SUN_STANDARD

[Global flags]
     intx CICompilerCount                          = 12                                        {product} {ergonomic}
     uint ConcGCThreads                            = 3                                         {product} {ergonomic}
     uint G1ConcRefinementThreads                  = 13                                        {product} {ergonomic}
   size_t G1HeapRegionSize                         = 2097152                                   {product} {ergonomic}
    uintx GCDrainStackTargetSize                   = 64                                        {product} {ergonomic}
   size_t InitialHeapSize                          = 264241152                                 {product} {ergonomic}
   size_t MarkStackSize                            = 4194304                                   {product} {ergonomic}
   size_t MaxHeapSize                              = 4206886912                                {product} {ergonomic}
   size_t MaxNewSize                               = 2522873856                                {product} {ergonomic}
   size_t MinHeapDeltaBytes                        = 2097152                                   {product} {ergonomic}
   size_t MinHeapSize                              = 8388608                                   {product} {ergonomic}
    uintx NonNMethodCodeHeapSize                   = 7602480                                {pd product} {ergonomic}
    uintx NonProfiledCodeHeapSize                  = 122027880                              {pd product} {ergonomic}
    uintx ProfiledCodeHeapSize                     = 122027880                              {pd product} {ergonomic}
    uintx ReservedCodeCacheSize                    = 251658240                              {pd product} {ergonomic}
     bool SegmentedCodeCache                       = true                                      {product} {ergonomic}
     bool ShowCodeDetailsInExceptionMessages       = true                                   {manageable} {command line}
   size_t SoftMaxHeapSize                          = 4206886912                             {manageable} {ergonomic}
     bool UseCompressedOops                        = true                           {product lp64_product} {ergonomic}
     bool UseG1GC                                  = true                                      {product} {ergonomic}
     bool UseLargePagesIndividualAllocation        = false                                  {pd product} {ergonomic}

Logging:
Log output configuration:
 #0: stdout all=warning uptime,level,tags foldmultilines=false
 #1: stderr all=off uptime,level,tags foldmultilines=false

Release file:
JAVA_VERSION="21.0.10" 
MODULES="java.base java.compiler java.datatransfer java.xml java.prefs java.desktop java.instrument java.logging java.management java.security.sasl java.naming java.rmi java.management.rmi java.net.http java.scripting java.security.jgss java.transaction.xa java.sql java.sql.rowset java.xml.crypto java.se java.smartcardio jdk.accessibility jdk.internal.jvmstat jdk.attach jdk.charsets jdk.internal.opt jdk.zipfs jdk.compiler jdk.crypto.ec jdk.crypto.cryptoki jdk.crypto.mscapi jdk.dynalink jdk.internal.ed jdk.editpad jdk.hotspot.agent jdk.httpserver jdk.internal.le jdk.internal.vm.ci jdk.internal.vm.compiler jdk.internal.vm.compiler.management jdk.jartool jdk.javadoc jdk.jcmd jdk.management jdk.management.agent jdk.jconsole jdk.jdeps jdk.jdwp.agent jdk.jdi jdk.jfr jdk.jshell jdk.jsobject jdk.jstatd jdk.localedata jdk.management.jfr jdk.naming.dns jdk.naming.rmi jdk.net jdk.nio.mapmode jdk.random jdk.sctp jdk.security.auth jdk.security.jgss jdk.unsupported jdk.unsupported.desktop jdk.xml.dom" 

Environment Variables:
JAVA_HOME=C:\Program Files\Java\jdk-21.0.10
PATH=C:/Users/sesol/.p2/pool/plugins/org.eclipse.justj.openjdk.hotspot.jre.full.win32.x86_64_21.0.10.v20260205-0638/jre/bin/server;C:/Users/sesol/.p2/pool/plugins/org.eclipse.justj.openjdk.hotspot.jre.full.win32.x86_64_21.0.10.v20260205-0638/jre/bin;C:\Program Files\Common Files\Oracle\Java\javapath;C:\Windows\system32;C:\Windows;C:\Windows\System32\Wbem;C:\Windows\System32\WindowsPowerShell\v1.0\;C:\Windows\System32\OpenSSH\;C:\Program Files\Git\cmd;C:\Program Files\nodejs\;C:\Program Files\Java\jdk-21.0.10\bin;C:\Program Files\MySQL\MySQL Shell 8.0\bin\;C:\Users\sesol\AppData\Local\Microsoft\WindowsApps;C:\Users\sesol\AppData\Local\Programs\Microsoft VS Code\bin;C:\Users\sesol\AppData\Roaming\npm;C:\Users\sesol\eclipse\java-2026-03\eclipse;
USERNAME=sesol
OS=Windows_NT
PROCESSOR_IDENTIFIER=Intel64 Family 6 Model 186 Stepping 2, GenuineIntel
TMP=C:\Users\sesol\AppData\Local\Temp
TEMP=C:\Users\sesol\AppData\Local\Temp




Periodic native trim disabled

---------------  S Y S T E M  ---------------

OS:
 Windows 11 , 64 bit Build 26100 (10.0.26100.8521)
OS uptime: 21 days 19:06 hours
Hyper-V role detected

CPU: total 16 (initial active 16) (8 cores per cpu, 2 threads per core) family 6 model 186 stepping 2 microcode 0x6134, cx8, cmov, fxsr, ht, mmx, 3dnowpref, sse, sse2, sse3, ssse3, sse4.1, sse4.2, popcnt, lzcnt, tsc, tscinvbit, avx, avx2, aes, erms, clmul, bmi1, bmi2, adx, sha, fma, vzeroupper, clflush, clflushopt, clwb, hv, serialize, rdtscp, rdpid, fsrm, f16c, cet_ibt, cet_ss
Processor Information for processor 0
  Max Mhz: 2400, Current Mhz: 2400, Mhz Limit: 2400
Processor Information for processor 1
  Max Mhz: 2400, Current Mhz: 2400, Mhz Limit: 2400
Processor Information for processor 2
  Max Mhz: 2400, Current Mhz: 2400, Mhz Limit: 2400
Processor Information for processor 3
  Max Mhz: 2400, Current Mhz: 2400, Mhz Limit: 2400
Processor Information for processor 4
  Max Mhz: 2400, Current Mhz: 2400, Mhz Limit: 2400
Processor Information for processor 5
  Max Mhz: 2400, Current Mhz: 2400, Mhz Limit: 2400
Processor Information for processor 6
  Max Mhz: 2400, Current Mhz: 2400, Mhz Limit: 2400
Processor Information for processor 7
  Max Mhz: 2400, Current Mhz: 2400, Mhz Limit: 2400
Processor Information for processor 8
  Max Mhz: 2400, Current Mhz: 2400, Mhz Limit: 2400
Processor Information for processor 9
  Max Mhz: 2400, Current Mhz: 2400, Mhz Limit: 2400
Processor Information for processor 10
  Max Mhz: 2400, Current Mhz: 2400, Mhz Limit: 2400
Processor Information for processor 11
  Max Mhz: 2400, Current Mhz: 2400, Mhz Limit: 2400
Processor Information for processor 12
  Max Mhz: 2400, Current Mhz: 2400, Mhz Limit: 2400
Processor Information for processor 13
  Max Mhz: 2400, Current Mhz: 1466, Mhz Limit: 2400
Processor Information for processor 14
  Max Mhz: 2400, Current Mhz: 2400, Mhz Limit: 2400
Processor Information for processor 15
  Max Mhz: 2400, Current Mhz: 2400, Mhz Limit: 2400

Memory: 4k page, system-wide physical 16044M (1247M free)
TotalPageFile size 57608M (AvailPageFile size 11M)
current process WorkingSet (physical memory assigned to process): 716M, peak: 1456M
current process commit charge ("private bytes"): 920M, peak: 1523M

vm_info: OpenJDK 64-Bit Server VM (21.0.10+7-LTS) for windows-amd64 JRE (21.0.10+7-LTS), built on 2026-01-20T00:00:00Z by "admin" with MS VC++ 17.12 (VS2022)

END.
