#
# There is insufficient memory for the Java Runtime Environment to continue.
# Native memory allocation (mmap) failed to map 123731968 bytes for G1 virtual space
# Possible reasons:
#   The system is out of physical RAM or swap space
#   The process is running with CompressedOops enabled, and the Java Heap may be blocking the growth of the native heap
# Possible solutions:
#   Reduce memory load on the system
#   Increase physical memory or swap space
#   Check if swap backing store is full
#   Decrease Java heap size (-Xmx/-Xms)
#   Decrease number of Java threads
#   Decrease Java thread stack sizes (-Xss)
#   Set larger code cache with -XX:ReservedCodeCacheSize=
#   JVM is running with Unscaled Compressed Oops mode in which the Java heap is
#     placed in the first 4GB address space. The Java Heap base address is the
#     maximum limit for the native heap growth. Please use -XX:HeapBaseMinAddress
#     to set the Java Heap base and to place the Java Heap above 4GB virtual address.
# This output file may be truncated or incomplete.
#
#  Out of Memory Error (os_windows.cpp:3604), pid=10004, tid=4520
#
# JRE version: Java(TM) SE Runtime Environment (21.0.10+8) (build 21.0.10+8-LTS-217)
# Java VM: Java HotSpot(TM) 64-Bit Server VM (21.0.10+8-LTS-217, mixed mode, sharing, tiered, compressed oops, compressed class ptrs, g1 gc, windows-amd64)
# No core dump will be written. Minidumps are not enabled by default on client versions of Windows
#

---------------  S U M M A R Y ------------

Command Line: -Xmx512m -Xms64m C:\Users\sesol\AppData\Local\Temp\surefire12231027578809853128\surefirebooter-20260723175536753_3.jar C:\Users\sesol\AppData\Local\Temp\surefire12231027578809853128 2026-07-23T17-55-36_624-jvmRun1 surefire-20260723175536753_1tmp surefire_0-20260723175536753_2tmp

Host: 13th Gen Intel(R) Core(TM) i7-13620H, 16 cores, 15G,  Windows 11 , 64 bit Build 26100 (10.0.26100.8875)
Time: Thu Jul 23 17:55:51 2026 India Standard Time elapsed time: 14.604673 seconds (0d 0h 0m 14s)

---------------  T H R E A D  ---------------

Current thread (0x0000022c7d8fb1f0):  VMThread "VM Thread"          [id=4520, stack(0x000000def7600000,0x000000def7700000) (1024K)]

Stack: [0x000000def7600000,0x000000def7700000]
Native frames: (J=compiled Java code, j=interpreted, Vv=VM code, C=native code)
V  [jvm.dll+0x6d0b59]
V  [jvm.dll+0x85fd56]
V  [jvm.dll+0x86224e]
V  [jvm.dll+0x862923]
V  [jvm.dll+0x282a16]
V  [jvm.dll+0x6cd405]
V  [jvm.dll+0x6c1f8a]
V  [jvm.dll+0x35bcc8]
V  [jvm.dll+0x363986]
V  [jvm.dll+0x3b4a3e]
V  [jvm.dll+0x3b4ce8]
V  [jvm.dll+0x32f98c]
V  [jvm.dll+0x3321b6]
V  [jvm.dll+0x33c5ca]
V  [jvm.dll+0x371d0f]
V  [jvm.dll+0x86861f]
V  [jvm.dll+0x8699ac]
V  [jvm.dll+0x869ee1]
V  [jvm.dll+0x86a183]
V  [jvm.dll+0x80a83d]
V  [jvm.dll+0x6cf3fd]
C  [ucrtbase.dll+0x2cd30]
C  [KERNEL32.DLL+0x2e957]
C  [ntdll.dll+0xaad6c]

VM_Operation (0x000000def71ff600): G1PauseRemark, mode: safepoint, requested by thread 0x0000022c60378b70


---------------  P R O C E S S  ---------------

Threads class SMR info:
_java_thread_list=0x0000022c7e65d540, length=16, elements={
0x0000022c603495f0, 0x0000022c7d914560, 0x0000022c7d916fd0, 0x0000022c7d91ba50,
0x0000022c7d91d5f0, 0x0000022c7d93f070, 0x0000022c7d93fe30, 0x0000022c7d944be0,
0x0000022c7d967530, 0x0000022c7d9ad630, 0x0000022c7dc9c250, 0x0000022c7dca1d00,
0x0000022c7dece7c0, 0x0000022c7e1392f0, 0x0000022c47fe05b0, 0x0000022c47fdeb70
}

Java Threads: ( => current thread )
  0x0000022c603495f0 JavaThread "main"                              [_thread_blocked, id=22556, stack(0x000000def6f00000,0x000000def7000000) (1024K)]
  0x0000022c7d914560 JavaThread "Reference Handler"          daemon [_thread_blocked, id=18856, stack(0x000000def7700000,0x000000def7800000) (1024K)]
  0x0000022c7d916fd0 JavaThread "Finalizer"                  daemon [_thread_blocked, id=9156, stack(0x000000def7800000,0x000000def7900000) (1024K)]
  0x0000022c7d91ba50 JavaThread "Signal Dispatcher"          daemon [_thread_blocked, id=22388, stack(0x000000def7900000,0x000000def7a00000) (1024K)]
  0x0000022c7d91d5f0 JavaThread "Attach Listener"            daemon [_thread_blocked, id=1392, stack(0x000000def7a00000,0x000000def7b00000) (1024K)]
  0x0000022c7d93f070 JavaThread "Service Thread"             daemon [_thread_blocked, id=18124, stack(0x000000def7b00000,0x000000def7c00000) (1024K)]
  0x0000022c7d93fe30 JavaThread "Monitor Deflation Thread"   daemon [_thread_blocked, id=18612, stack(0x000000def7c00000,0x000000def7d00000) (1024K)]
  0x0000022c7d944be0 JavaThread "C2 CompilerThread0"         daemon [_thread_blocked, id=27752, stack(0x000000def7d00000,0x000000def7e00000) (1024K)]
  0x0000022c7d967530 JavaThread "C1 CompilerThread0"         daemon [_thread_blocked, id=12100, stack(0x000000def7e00000,0x000000def7f00000) (1024K)]
  0x0000022c7d9ad630 JavaThread "C1 CompilerThread1"         daemon [_thread_blocked, id=16096, stack(0x000000def7f00000,0x000000def8000000) (1024K)]
  0x0000022c7dc9c250 JavaThread "Notification Thread"        daemon [_thread_blocked, id=240, stack(0x000000def8000000,0x000000def8100000) (1024K)]
  0x0000022c7dca1d00 JavaThread "Common-Cleaner"             daemon [_thread_blocked, id=23312, stack(0x000000def8100000,0x000000def8200000) (1024K)]
  0x0000022c7dece7c0 JavaThread "surefire-forkedjvm-stream-flusher" daemon [_thread_blocked, id=19064, stack(0x000000def8400000,0x000000def8500000) (1024K)]
  0x0000022c7e1392f0 JavaThread "surefire-forkedjvm-command-thread" daemon [_thread_in_native, id=21092, stack(0x000000def8500000,0x000000def8600000) (1024K)]
  0x0000022c47fe05b0 JavaThread "mysql-cj-abandoned-connection-cleanup" daemon [_thread_blocked, id=13872, stack(0x000000def9600000,0x000000def9700000) (1024K)]
  0x0000022c47fdeb70 JavaThread "HikariPool-1 housekeeper"   daemon [_thread_blocked, id=15428, stack(0x000000def9a00000,0x000000def9b00000) (1024K)]
Total: 16

Other Threads:
=>0x0000022c7d8fb1f0 VMThread "VM Thread"                           [id=4520, stack(0x000000def7600000,0x000000def7700000) (1024K)]
  0x0000022c7d8e8d80 WatcherThread "VM Periodic Task Thread"        [id=8624, stack(0x000000def7500000,0x000000def7600000) (1024K)]
  0x0000022c60373c70 WorkerThread "GC Thread#0"                     [id=9708, stack(0x000000def7000000,0x000000def7100000) (1024K)]
  0x0000022c7e6c9a00 WorkerThread "GC Thread#1"                     [id=3008, stack(0x000000def8700000,0x000000def8800000) (1024K)]
  0x0000022c7e61e9a0 WorkerThread "GC Thread#2"                     [id=22576, stack(0x000000def8800000,0x000000def8900000) (1024K)]
  0x0000022c7e667f70 WorkerThread "GC Thread#3"                     [id=15732, stack(0x000000def8900000,0x000000def8a00000) (1024K)]
  0x0000022c7e9b5900 WorkerThread "GC Thread#4"                     [id=24436, stack(0x000000def8a00000,0x000000def8b00000) (1024K)]
  0x0000022c7e8deab0 WorkerThread "GC Thread#5"                     [id=9964, stack(0x000000def8b00000,0x000000def8c00000) (1024K)]
  0x0000022c7eae9320 WorkerThread "GC Thread#6"                     [id=23264, stack(0x000000def8c00000,0x000000def8d00000) (1024K)]
  0x0000022c7e6336c0 WorkerThread "GC Thread#7"                     [id=2028, stack(0x000000def8d00000,0x000000def8e00000) (1024K)]
  0x0000022c7ec2e710 WorkerThread "GC Thread#8"                     [id=17088, stack(0x000000def8f00000,0x000000def9000000) (1024K)]
  0x0000022c7f1266d0 WorkerThread "GC Thread#9"                     [id=7180, stack(0x000000def9000000,0x000000def9100000) (1024K)]
  0x0000022c7ee92e50 WorkerThread "GC Thread#10"                    [id=16652, stack(0x000000def9200000,0x000000def9300000) (1024K)]
  0x0000022c7ee935b0 WorkerThread "GC Thread#11"                    [id=23972, stack(0x000000def9300000,0x000000def9400000) (1024K)]
  0x0000022c7ee93d10 WorkerThread "GC Thread#12"                    [id=17080, stack(0x000000def9500000,0x000000def9600000) (1024K)]
  0x0000022c60378b70 ConcurrentGCThread "G1 Main Marker"            [id=17344, stack(0x000000def7100000,0x000000def7200000) (1024K)]
  0x0000022c6037a5a0 WorkerThread "G1 Conc#0"                       [id=24060, stack(0x000000def7200000,0x000000def7300000) (1024K)]
  0x0000022c7ee926f0 WorkerThread "G1 Conc#1"                       [id=25908, stack(0x000000def9700000,0x000000def9800000) (1024K)]
  0x0000022c7ee93200 WorkerThread "G1 Conc#2"                       [id=9388, stack(0x000000def9800000,0x000000def9900000) (1024K)]
  0x0000022c7d7c10a0 ConcurrentGCThread "G1 Refine#0"               [id=11164, stack(0x000000def7300000,0x000000def7400000) (1024K)]
  0x0000022c7d7c19d0 ConcurrentGCThread "G1 Service"                [id=20012, stack(0x000000def7400000,0x000000def7500000) (1024K)]
Total: 21

Threads with active compile tasks:
Total: 0

VM state: at safepoint (normal execution)

VM Mutex/Monitor currently owned by a thread:  ([mutex/lock_event])
[0x00007ffce4bd9f10] Threads_lock - owner thread: 0x0000022c7d8fb1f0
[0x00007ffce4bda010] Heap_lock - owner thread: 0x0000022c60378b70

Heap address: 0x00000000e0000000, size: 512 MB, Compressed Oops mode: 32-bit

CDS archive(s) mapped at: [0x0000022c00000000-0x0000022c00c90000-0x0000022c00c90000), size 13172736, SharedBaseAddress: 0x0000022c00000000, ArchiveRelocationMode: 1.
Compressed class space mapped at: 0x0000022c01000000-0x0000022c41000000, reserved size: 1073741824
Narrow klass base: 0x0000022c00000000, Narrow klass shift: 0, Narrow klass range: 0x100000000

GC Precious Log:
 CardTable entry size: 512
 Card Set container configuration: InlinePtr #cards 5 size 8 Array Of Cards #cards 12 size 40 Howl #buckets 4 coarsen threshold 1843 Howl Bitmap #cards 512 size 80 coarsen threshold 460 Card regions per heap region 1 cards per card region 2048
 CPUs: 16 total, 16 available
 Memory: 16044M
 Large Page Support: Disabled
 NUMA Support: Disabled
 Compressed Oops: Enabled (32-bit)
 Heap Region Size: 1M
 Heap Min Capacity: 64M
 Heap Initial Capacity: 64M
 Heap Max Capacity: 512M
 Pre-touch: Disabled
 Parallel Workers: 13
 Concurrent Workers: 3
 Concurrent Refinement Workers: 13
 Periodic GC: Disabled

Heap:
 garbage-first heap   total 403456K, used 313344K [0x00000000e0000000, 0x0000000100000000)
  region size 1024K, 92 young (94208K), 14 survivors (14336K)
 Metaspace       used 96301K, committed 96960K, reserved 1179648K
  class space    used 12185K, committed 12480K, reserved 1048576K

Heap Regions: E=young(eden), S=young(survivor), O=old, HS=humongous(starts), HC=humongous(continues), CS=collection set, F=free, TAMS=top-at-mark-start, PB=parsable bottom
|   0|0x00000000e0000000, 0x00000000e0100000, 0x00000000e0100000|100%|HS|  |TAMS 0x00000000e0100000| PB 0x00000000e0000000| Complete 
|   1|0x00000000e0100000, 0x00000000e0200000, 0x00000000e0200000|100%|HS|  |TAMS 0x00000000e0200000| PB 0x00000000e0100000| Complete 
|   2|0x00000000e0200000, 0x00000000e0300000, 0x00000000e0300000|100%| O|  |TAMS 0x00000000e0300000| PB 0x00000000e0300000| Untracked 
|   3|0x00000000e0300000, 0x00000000e0400000, 0x00000000e0400000|100%| O|  |TAMS 0x00000000e0400000| PB 0x00000000e0400000| Untracked 
|   4|0x00000000e0400000, 0x00000000e0500000, 0x00000000e0500000|100%| O|  |TAMS 0x00000000e0500000| PB 0x00000000e0500000| Untracked 
|   5|0x00000000e0500000, 0x00000000e0600000, 0x00000000e0600000|100%| O|  |TAMS 0x00000000e0600000| PB 0x00000000e0600000| Untracked 
|   6|0x00000000e0600000, 0x00000000e0700000, 0x00000000e0700000|100%| O|  |TAMS 0x00000000e0700000| PB 0x00000000e0700000| Untracked 
|   7|0x00000000e0700000, 0x00000000e0800000, 0x00000000e0800000|100%| O|  |TAMS 0x00000000e0800000| PB 0x00000000e0800000| Untracked 
|   8|0x00000000e0800000, 0x00000000e0900000, 0x00000000e0900000|100%| O|  |TAMS 0x00000000e0900000| PB 0x00000000e0900000| Untracked 
|   9|0x00000000e0900000, 0x00000000e0a00000, 0x00000000e0a00000|100%| O|  |TAMS 0x00000000e0a00000| PB 0x00000000e0a00000| Untracked 
|  10|0x00000000e0a00000, 0x00000000e0b00000, 0x00000000e0b00000|100%| O|  |TAMS 0x00000000e0b00000| PB 0x00000000e0b00000| Updating 
|  11|0x00000000e0b00000, 0x00000000e0c00000, 0x00000000e0c00000|100%| O|  |TAMS 0x00000000e0c00000| PB 0x00000000e0c00000| Untracked 
|  12|0x00000000e0c00000, 0x00000000e0d00000, 0x00000000e0d00000|100%| O|  |TAMS 0x00000000e0d00000| PB 0x00000000e0d00000| Untracked 
|  13|0x00000000e0d00000, 0x00000000e0e00000, 0x00000000e0e00000|100%| O|  |TAMS 0x00000000e0e00000| PB 0x00000000e0e00000| Untracked 
|  14|0x00000000e0e00000, 0x00000000e0f00000, 0x00000000e0f00000|100%| O|  |TAMS 0x00000000e0f00000| PB 0x00000000e0f00000| Untracked 
|  15|0x00000000e0f00000, 0x00000000e1000000, 0x00000000e1000000|100%| O|  |TAMS 0x00000000e1000000| PB 0x00000000e1000000| Untracked 
|  16|0x00000000e1000000, 0x00000000e1100000, 0x00000000e1100000|100%| O|  |TAMS 0x00000000e1100000| PB 0x00000000e1100000| Untracked 
|  17|0x00000000e1100000, 0x00000000e1200000, 0x00000000e1200000|100%| O|  |TAMS 0x00000000e1200000| PB 0x00000000e1200000| Updating 
|  18|0x00000000e1200000, 0x00000000e1300000, 0x00000000e1300000|100%| O|  |TAMS 0x00000000e1300000| PB 0x00000000e1300000| Untracked 
|  19|0x00000000e1300000, 0x00000000e1400000, 0x00000000e1400000|100%| O|  |TAMS 0x00000000e1400000| PB 0x00000000e1400000| Untracked 
|  20|0x00000000e1400000, 0x00000000e1500000, 0x00000000e1500000|100%| O|  |TAMS 0x00000000e1500000| PB 0x00000000e1500000| Updating 
|  21|0x00000000e1500000, 0x00000000e1600000, 0x00000000e1600000|100%| O|  |TAMS 0x00000000e1600000| PB 0x00000000e1600000| Updating 
|  22|0x00000000e1600000, 0x00000000e1700000, 0x00000000e1700000|100%| O|  |TAMS 0x00000000e1700000| PB 0x00000000e1700000| Untracked 
|  23|0x00000000e1700000, 0x00000000e1800000, 0x00000000e1800000|100%| O|  |TAMS 0x00000000e1800000| PB 0x00000000e1800000| Untracked 
|  24|0x00000000e1800000, 0x00000000e1900000, 0x00000000e1900000|100%| O|  |TAMS 0x00000000e1900000| PB 0x00000000e1900000| Untracked 
|  25|0x00000000e1900000, 0x00000000e1a00000, 0x00000000e1a00000|100%| O|  |TAMS 0x00000000e1a00000| PB 0x00000000e1a00000| Untracked 
|  26|0x00000000e1a00000, 0x00000000e1b00000, 0x00000000e1b00000|100%| O|  |TAMS 0x00000000e1b00000| PB 0x00000000e1b00000| Untracked 
|  27|0x00000000e1b00000, 0x00000000e1c00000, 0x00000000e1c00000|100%| O|  |TAMS 0x00000000e1c00000| PB 0x00000000e1c00000| Updating 
|  28|0x00000000e1c00000, 0x00000000e1d00000, 0x00000000e1d00000|100%| O|  |TAMS 0x00000000e1d00000| PB 0x00000000e1d00000| Untracked 
|  29|0x00000000e1d00000, 0x00000000e1e00000, 0x00000000e1e00000|100%| O|  |TAMS 0x00000000e1e00000| PB 0x00000000e1e00000| Updating 
|  30|0x00000000e1e00000, 0x00000000e1f00000, 0x00000000e1f00000|100%| O|  |TAMS 0x00000000e1f00000| PB 0x00000000e1f00000| Untracked 
|  31|0x00000000e1f00000, 0x00000000e2000000, 0x00000000e2000000|100%| O|  |TAMS 0x00000000e2000000| PB 0x00000000e2000000| Untracked 
|  32|0x00000000e2000000, 0x00000000e2100000, 0x00000000e2100000|100%| O|  |TAMS 0x00000000e2100000| PB 0x00000000e2100000| Untracked 
|  33|0x00000000e2100000, 0x00000000e2200000, 0x00000000e2200000|100%| O|  |TAMS 0x00000000e2200000| PB 0x00000000e2200000| Updating 
|  34|0x00000000e2200000, 0x00000000e2300000, 0x00000000e2300000|100%| O|  |TAMS 0x00000000e2300000| PB 0x00000000e2300000| Untracked 
|  35|0x00000000e2300000, 0x00000000e2400000, 0x00000000e2400000|100%| O|  |TAMS 0x00000000e2400000| PB 0x00000000e2400000| Untracked 
|  36|0x00000000e2400000, 0x00000000e2500000, 0x00000000e2500000|100%| O|  |TAMS 0x00000000e2500000| PB 0x00000000e2500000| Untracked 
|  37|0x00000000e2500000, 0x00000000e2600000, 0x00000000e2600000|100%| O|  |TAMS 0x00000000e2600000| PB 0x00000000e2600000| Updating 
|  38|0x00000000e2600000, 0x00000000e2700000, 0x00000000e2700000|100%| O|  |TAMS 0x00000000e2700000| PB 0x00000000e2700000| Untracked 
|  39|0x00000000e2700000, 0x00000000e2800000, 0x00000000e2800000|100%| O|  |TAMS 0x00000000e2800000| PB 0x00000000e2800000| Updating 
|  40|0x00000000e2800000, 0x00000000e2900000, 0x00000000e2900000|100%| O|  |TAMS 0x00000000e2900000| PB 0x00000000e2900000| Untracked 
|  41|0x00000000e2900000, 0x00000000e2a00000, 0x00000000e2a00000|100%| O|  |TAMS 0x00000000e2a00000| PB 0x00000000e2a00000| Untracked 
|  42|0x00000000e2a00000, 0x00000000e2b00000, 0x00000000e2b00000|100%| O|  |TAMS 0x00000000e2b00000| PB 0x00000000e2b00000| Untracked 
|  43|0x00000000e2b00000, 0x00000000e2c00000, 0x00000000e2c00000|100%| O|  |TAMS 0x00000000e2c00000| PB 0x00000000e2c00000| Untracked 
|  44|0x00000000e2c00000, 0x00000000e2d00000, 0x00000000e2d00000|100%| O|  |TAMS 0x00000000e2d00000| PB 0x00000000e2d00000| Untracked 
|  45|0x00000000e2d00000, 0x00000000e2e00000, 0x00000000e2e00000|100%| O|  |TAMS 0x00000000e2e00000| PB 0x00000000e2e00000| Untracked 
|  46|0x00000000e2e00000, 0x00000000e2f00000, 0x00000000e2f00000|100%| O|  |TAMS 0x00000000e2f00000| PB 0x00000000e2f00000| Untracked 
|  47|0x00000000e2f00000, 0x00000000e3000000, 0x00000000e3000000|100%| O|  |TAMS 0x00000000e3000000| PB 0x00000000e3000000| Untracked 
|  48|0x00000000e3000000, 0x00000000e3100000, 0x00000000e3100000|100%| O|  |TAMS 0x00000000e3100000| PB 0x00000000e3100000| Untracked 
|  49|0x00000000e3100000, 0x00000000e3200000, 0x00000000e3200000|100%| O|  |TAMS 0x00000000e3200000| PB 0x00000000e3200000| Untracked 
|  50|0x00000000e3200000, 0x00000000e3300000, 0x00000000e3300000|100%| O|  |TAMS 0x00000000e3300000| PB 0x00000000e3300000| Updating 
|  51|0x00000000e3300000, 0x00000000e3400000, 0x00000000e3400000|100%| O|  |TAMS 0x00000000e3400000| PB 0x00000000e3400000| Updating 
|  52|0x00000000e3400000, 0x00000000e3500000, 0x00000000e3500000|100%| O|  |TAMS 0x00000000e3500000| PB 0x00000000e3500000| Updating 
|  53|0x00000000e3500000, 0x00000000e3600000, 0x00000000e3600000|100%| O|  |TAMS 0x00000000e3600000| PB 0x00000000e3600000| Updating 
|  54|0x00000000e3600000, 0x00000000e3700000, 0x00000000e3700000|100%| O|  |TAMS 0x00000000e3700000| PB 0x00000000e3700000| Updating 
|  55|0x00000000e3700000, 0x00000000e3800000, 0x00000000e3800000|100%| O|  |TAMS 0x00000000e3800000| PB 0x00000000e3800000| Untracked 
|  56|0x00000000e3800000, 0x00000000e3900000, 0x00000000e3900000|100%| O|  |TAMS 0x00000000e3900000| PB 0x00000000e3900000| Untracked 
|  57|0x00000000e3900000, 0x00000000e3a00000, 0x00000000e3a00000|100%| O|  |TAMS 0x00000000e3a00000| PB 0x00000000e3a00000| Untracked 
|  58|0x00000000e3a00000, 0x00000000e3b00000, 0x00000000e3b00000|100%| O|  |TAMS 0x00000000e3b00000| PB 0x00000000e3b00000| Untracked 
|  59|0x00000000e3b00000, 0x00000000e3c00000, 0x00000000e3c00000|100%| O|  |TAMS 0x00000000e3c00000| PB 0x00000000e3c00000| Untracked 
|  60|0x00000000e3c00000, 0x00000000e3d00000, 0x00000000e3d00000|100%| O|  |TAMS 0x00000000e3d00000| PB 0x00000000e3d00000| Untracked 
|  61|0x00000000e3d00000, 0x00000000e3e00000, 0x00000000e3e00000|100%| O|  |TAMS 0x00000000e3e00000| PB 0x00000000e3e00000| Untracked 
|  62|0x00000000e3e00000, 0x00000000e3f00000, 0x00000000e3f00000|100%| O|  |TAMS 0x00000000e3f00000| PB 0x00000000e3f00000| Untracked 
|  63|0x00000000e3f00000, 0x00000000e4000000, 0x00000000e4000000|100%| O|  |TAMS 0x00000000e4000000| PB 0x00000000e4000000| Untracked 
|  64|0x00000000e4000000, 0x00000000e4100000, 0x00000000e4100000|100%| O|  |TAMS 0x00000000e4100000| PB 0x00000000e4100000| Untracked 
|  65|0x00000000e4100000, 0x00000000e4200000, 0x00000000e4200000|100%| O|  |TAMS 0x00000000e4200000| PB 0x00000000e4200000| Untracked 
|  66|0x00000000e4200000, 0x00000000e4300000, 0x00000000e4300000|100%| O|  |TAMS 0x00000000e4300000| PB 0x00000000e4300000| Untracked 
|  67|0x00000000e4300000, 0x00000000e4400000, 0x00000000e4400000|100%| O|  |TAMS 0x00000000e4400000| PB 0x00000000e4400000| Untracked 
|  68|0x00000000e4400000, 0x00000000e4500000, 0x00000000e4500000|100%| O|  |TAMS 0x00000000e4400000| PB 0x00000000e4400000| Untracked 
|  69|0x00000000e4500000, 0x00000000e4600000, 0x00000000e4600000|100%| O|  |TAMS 0x00000000e4600000| PB 0x00000000e4600000| Updating 
|  70|0x00000000e4600000, 0x00000000e4700000, 0x00000000e4700000|100%| O|  |TAMS 0x00000000e4600000| PB 0x00000000e4600000| Untracked 
|  71|0x00000000e4700000, 0x00000000e4800000, 0x00000000e4800000|100%| O|  |TAMS 0x00000000e4700000| PB 0x00000000e4700000| Untracked 
|  72|0x00000000e4800000, 0x00000000e4900000, 0x00000000e4900000|100%| O|  |TAMS 0x00000000e4900000| PB 0x00000000e4900000| Updating 
|  73|0x00000000e4900000, 0x00000000e4a00000, 0x00000000e4a00000|100%| O|  |TAMS 0x00000000e4900000| PB 0x00000000e4900000| Untracked 
|  74|0x00000000e4a00000, 0x00000000e4b00000, 0x00000000e4b00000|100%| O|  |TAMS 0x00000000e4b00000| PB 0x00000000e4b00000| Untracked 
|  75|0x00000000e4b00000, 0x00000000e4c00000, 0x00000000e4c00000|100%| O|  |TAMS 0x00000000e4b00000| PB 0x00000000e4b00000| Untracked 
|  76|0x00000000e4c00000, 0x00000000e4d00000, 0x00000000e4d00000|100%| O|  |TAMS 0x00000000e4d00000| PB 0x00000000e4d00000| Untracked 
|  77|0x00000000e4d00000, 0x00000000e4e00000, 0x00000000e4e00000|100%| O|  |TAMS 0x00000000e4d00000| PB 0x00000000e4d00000| Untracked 
|  78|0x00000000e4e00000, 0x00000000e4f00000, 0x00000000e4f00000|100%| O|  |TAMS 0x00000000e4f00000| PB 0x00000000e4f00000| Updating 
|  79|0x00000000e4f00000, 0x00000000e4f00000, 0x00000000e5000000|  0%| F|  |TAMS 0x00000000e4f00000| PB 0x00000000e4f00000| Untracked 
|  80|0x00000000e5000000, 0x00000000e5000000, 0x00000000e5100000|  0%| F|  |TAMS 0x00000000e5000000| PB 0x00000000e5000000| Untracked 
|  81|0x00000000e5100000, 0x00000000e5200000, 0x00000000e5200000|100%| O|  |TAMS 0x00000000e5100000| PB 0x00000000e5100000| Untracked 
|  82|0x00000000e5200000, 0x00000000e5300000, 0x00000000e5300000|100%| O|  |TAMS 0x00000000e5200000| PB 0x00000000e5200000| Untracked 
|  83|0x00000000e5300000, 0x00000000e5400000, 0x00000000e5400000|100%| O|  |TAMS 0x00000000e5400000| PB 0x00000000e5400000| Updating 
|  84|0x00000000e5400000, 0x00000000e5500000, 0x00000000e5500000|100%| O|  |TAMS 0x00000000e5500000| PB 0x00000000e5500000| Untracked 
|  85|0x00000000e5500000, 0x00000000e5600000, 0x00000000e5600000|100%| O|  |TAMS 0x00000000e5600000| PB 0x00000000e5600000| Untracked 
|  86|0x00000000e5600000, 0x00000000e5700000, 0x00000000e5700000|100%| O|  |TAMS 0x00000000e5700000| PB 0x00000000e5700000| Updating 
|  87|0x00000000e5700000, 0x00000000e5800000, 0x00000000e5800000|100%| O|  |TAMS 0x00000000e5700000| PB 0x00000000e5700000| Untracked 
|  88|0x00000000e5800000, 0x00000000e5900000, 0x00000000e5900000|100%| O|  |TAMS 0x00000000e5800000| PB 0x00000000e5800000| Untracked 
|  89|0x00000000e5900000, 0x00000000e5a00000, 0x00000000e5a00000|100%| O|  |TAMS 0x00000000e5a00000| PB 0x00000000e5a00000| Untracked 
|  90|0x00000000e5a00000, 0x00000000e5b00000, 0x00000000e5b00000|100%| O|  |TAMS 0x00000000e5a00000| PB 0x00000000e5a00000| Untracked 
|  91|0x00000000e5b00000, 0x00000000e5c00000, 0x00000000e5c00000|100%| O|  |TAMS 0x00000000e5b00000| PB 0x00000000e5b00000| Untracked 
|  92|0x00000000e5c00000, 0x00000000e5d00000, 0x00000000e5d00000|100%| O|  |TAMS 0x00000000e5c00000| PB 0x00000000e5c00000| Untracked 
|  93|0x00000000e5d00000, 0x00000000e5e00000, 0x00000000e5e00000|100%| O|  |TAMS 0x00000000e5d00000| PB 0x00000000e5d00000| Untracked 
|  94|0x00000000e5e00000, 0x00000000e5f00000, 0x00000000e5f00000|100%| O|  |TAMS 0x00000000e5f00000| PB 0x00000000e5f00000| Untracked 
|  95|0x00000000e5f00000, 0x00000000e6000000, 0x00000000e6000000|100%| O|  |TAMS 0x00000000e6000000| PB 0x00000000e6000000| Untracked 
|  96|0x00000000e6000000, 0x00000000e6100000, 0x00000000e6100000|100%| O|  |TAMS 0x00000000e6100000| PB 0x00000000e6100000| Untracked 
|  97|0x00000000e6100000, 0x00000000e6200000, 0x00000000e6200000|100%| O|  |TAMS 0x00000000e6100000| PB 0x00000000e6100000| Untracked 
|  98|0x00000000e6200000, 0x00000000e6300000, 0x00000000e6300000|100%| O|  |TAMS 0x00000000e6200000| PB 0x00000000e6200000| Untracked 
|  99|0x00000000e6300000, 0x00000000e6400000, 0x00000000e6400000|100%| O|  |TAMS 0x00000000e6400000| PB 0x00000000e6400000| Updating 
| 100|0x00000000e6400000, 0x00000000e6500000, 0x00000000e6500000|100%| O|  |TAMS 0x00000000e6500000| PB 0x00000000e6500000| Untracked 
| 101|0x00000000e6500000, 0x00000000e6600000, 0x00000000e6600000|100%| O|  |TAMS 0x00000000e6600000| PB 0x00000000e6600000| Updating 
| 102|0x00000000e6600000, 0x00000000e6700000, 0x00000000e6700000|100%| O|  |TAMS 0x00000000e6700000| PB 0x00000000e6700000| Updating 
| 103|0x00000000e6700000, 0x00000000e6800000, 0x00000000e6800000|100%| O|  |TAMS 0x00000000e6800000| PB 0x00000000e6800000| Updating 
| 104|0x00000000e6800000, 0x00000000e6900000, 0x00000000e6900000|100%| O|  |TAMS 0x00000000e6800000| PB 0x00000000e6800000| Untracked 
| 105|0x00000000e6900000, 0x00000000e6a00000, 0x00000000e6a00000|100%| O|  |TAMS 0x00000000e6a00000| PB 0x00000000e6a00000| Updating 
| 106|0x00000000e6a00000, 0x00000000e6b00000, 0x00000000e6b00000|100%| O|  |TAMS 0x00000000e6b00000| PB 0x00000000e6b00000| Updating 
| 107|0x00000000e6b00000, 0x00000000e6c00000, 0x00000000e6c00000|100%| O|  |TAMS 0x00000000e6c00000| PB 0x00000000e6c00000| Untracked 
| 108|0x00000000e6c00000, 0x00000000e6d00000, 0x00000000e6d00000|100%| O|  |TAMS 0x00000000e6d00000| PB 0x00000000e6d00000| Untracked 
| 109|0x00000000e6d00000, 0x00000000e6e00000, 0x00000000e6e00000|100%| O|  |TAMS 0x00000000e6e00000| PB 0x00000000e6e00000| Updating 
| 110|0x00000000e6e00000, 0x00000000e6f00000, 0x00000000e6f00000|100%| O|  |TAMS 0x00000000e6f00000| PB 0x00000000e6f00000| Untracked 
| 111|0x00000000e6f00000, 0x00000000e7000000, 0x00000000e7000000|100%| O|  |TAMS 0x00000000e6f00000| PB 0x00000000e6f00000| Untracked 
| 112|0x00000000e7000000, 0x00000000e7100000, 0x00000000e7100000|100%| O|  |TAMS 0x00000000e7100000| PB 0x00000000e7100000| Untracked 
| 113|0x00000000e7100000, 0x00000000e7200000, 0x00000000e7200000|100%| O|  |TAMS 0x00000000e7200000| PB 0x00000000e7200000| Updating 
| 114|0x00000000e7200000, 0x00000000e7300000, 0x00000000e7300000|100%| O|  |TAMS 0x00000000e7300000| PB 0x00000000e7300000| Updating 
| 115|0x00000000e7300000, 0x00000000e7400000, 0x00000000e7400000|100%| O|  |TAMS 0x00000000e7400000| PB 0x00000000e7400000| Updating 
| 116|0x00000000e7400000, 0x00000000e7500000, 0x00000000e7500000|100%| O|  |TAMS 0x00000000e7500000| PB 0x00000000e7500000| Untracked 
| 117|0x00000000e7500000, 0x00000000e7600000, 0x00000000e7600000|100%| O|  |TAMS 0x00000000e7600000| PB 0x00000000e7600000| Untracked 
| 118|0x00000000e7600000, 0x00000000e7700000, 0x00000000e7700000|100%| O|  |TAMS 0x00000000e7700000| PB 0x00000000e7700000| Untracked 
| 119|0x00000000e7700000, 0x00000000e7800000, 0x00000000e7800000|100%| O|  |TAMS 0x00000000e7800000| PB 0x00000000e7800000| Untracked 
| 120|0x00000000e7800000, 0x00000000e7900000, 0x00000000e7900000|100%| O|  |TAMS 0x00000000e7900000| PB 0x00000000e7900000| Untracked 
| 121|0x00000000e7900000, 0x00000000e7a00000, 0x00000000e7a00000|100%| O|  |TAMS 0x00000000e7a00000| PB 0x00000000e7a00000| Untracked 
| 122|0x00000000e7a00000, 0x00000000e7b00000, 0x00000000e7b00000|100%| O|  |TAMS 0x00000000e7b00000| PB 0x00000000e7b00000| Untracked 
| 123|0x00000000e7b00000, 0x00000000e7c00000, 0x00000000e7c00000|100%| O|  |TAMS 0x00000000e7c00000| PB 0x00000000e7c00000| Untracked 
| 124|0x00000000e7c00000, 0x00000000e7d00000, 0x00000000e7d00000|100%| O|  |TAMS 0x00000000e7c00000| PB 0x00000000e7c00000| Untracked 
| 125|0x00000000e7d00000, 0x00000000e7e00000, 0x00000000e7e00000|100%| O|  |TAMS 0x00000000e7e00000| PB 0x00000000e7e00000| Untracked 
| 126|0x00000000e7e00000, 0x00000000e7f00000, 0x00000000e7f00000|100%| O|  |TAMS 0x00000000e7f00000| PB 0x00000000e7f00000| Untracked 
| 127|0x00000000e7f00000, 0x00000000e8000000, 0x00000000e8000000|100%| O|  |TAMS 0x00000000e8000000| PB 0x00000000e8000000| Untracked 
| 128|0x00000000e8000000, 0x00000000e8100000, 0x00000000e8100000|100%| O|  |TAMS 0x00000000e8100000| PB 0x00000000e8100000| Untracked 
| 129|0x00000000e8100000, 0x00000000e8200000, 0x00000000e8200000|100%| O|  |TAMS 0x00000000e8200000| PB 0x00000000e8200000| Untracked 
| 130|0x00000000e8200000, 0x00000000e8300000, 0x00000000e8300000|100%| O|  |TAMS 0x00000000e8300000| PB 0x00000000e8300000| Untracked 
| 131|0x00000000e8300000, 0x00000000e8400000, 0x00000000e8400000|100%| O|  |TAMS 0x00000000e8400000| PB 0x00000000e8400000| Untracked 
| 132|0x00000000e8400000, 0x00000000e8500000, 0x00000000e8500000|100%| O|  |TAMS 0x00000000e8500000| PB 0x00000000e8500000| Untracked 
| 133|0x00000000e8500000, 0x00000000e8600000, 0x00000000e8600000|100%| O|  |TAMS 0x00000000e8600000| PB 0x00000000e8600000| Untracked 
| 134|0x00000000e8600000, 0x00000000e8700000, 0x00000000e8700000|100%| O|  |TAMS 0x00000000e8700000| PB 0x00000000e8700000| Untracked 
| 135|0x00000000e8700000, 0x00000000e8800000, 0x00000000e8800000|100%| O|  |TAMS 0x00000000e8800000| PB 0x00000000e8800000| Untracked 
| 136|0x00000000e8800000, 0x00000000e8900000, 0x00000000e8900000|100%| O|  |TAMS 0x00000000e8900000| PB 0x00000000e8900000| Updating 
| 137|0x00000000e8900000, 0x00000000e8a00000, 0x00000000e8a00000|100%| O|  |TAMS 0x00000000e8900000| PB 0x00000000e8900000| Untracked 
| 138|0x00000000e8a00000, 0x00000000e8b00000, 0x00000000e8b00000|100%| O|  |TAMS 0x00000000e8a00000| PB 0x00000000e8a00000| Untracked 
| 139|0x00000000e8b00000, 0x00000000e8c00000, 0x00000000e8c00000|100%| O|  |TAMS 0x00000000e8c00000| PB 0x00000000e8c00000| Untracked 
| 140|0x00000000e8c00000, 0x00000000e8d00000, 0x00000000e8d00000|100%| O|  |TAMS 0x00000000e8d00000| PB 0x00000000e8d00000| Untracked 
| 141|0x00000000e8d00000, 0x00000000e8e00000, 0x00000000e8e00000|100%| O|  |TAMS 0x00000000e8d00000| PB 0x00000000e8d00000| Untracked 
| 142|0x00000000e8e00000, 0x00000000e8f00000, 0x00000000e8f00000|100%| O|  |TAMS 0x00000000e8f00000| PB 0x00000000e8f00000| Untracked 
| 143|0x00000000e8f00000, 0x00000000e9000000, 0x00000000e9000000|100%| O|  |TAMS 0x00000000e9000000| PB 0x00000000e9000000| Untracked 
| 144|0x00000000e9000000, 0x00000000e9100000, 0x00000000e9100000|100%| O|  |TAMS 0x00000000e9100000| PB 0x00000000e9100000| Updating 
| 145|0x00000000e9100000, 0x00000000e9200000, 0x00000000e9200000|100%| O|  |TAMS 0x00000000e9100000| PB 0x00000000e9100000| Untracked 
| 146|0x00000000e9200000, 0x00000000e9200000, 0x00000000e9300000|  0%| F|  |TAMS 0x00000000e9200000| PB 0x00000000e9200000| Untracked 
| 147|0x00000000e9300000, 0x00000000e9400000, 0x00000000e9400000|100%| O|  |TAMS 0x00000000e9400000| PB 0x00000000e9400000| Updating 
| 148|0x00000000e9400000, 0x00000000e9500000, 0x00000000e9500000|100%| O|  |TAMS 0x00000000e9500000| PB 0x00000000e9500000| Updating 
| 149|0x00000000e9500000, 0x00000000e9600000, 0x00000000e9600000|100%| O|  |TAMS 0x00000000e9600000| PB 0x00000000e9600000| Updating 
| 150|0x00000000e9600000, 0x00000000e9700000, 0x00000000e9700000|100%| O|  |TAMS 0x00000000e9700000| PB 0x00000000e9700000| Updating 
| 151|0x00000000e9700000, 0x00000000e9800000, 0x00000000e9800000|100%| O|  |TAMS 0x00000000e9800000| PB 0x00000000e9800000| Updating 
| 152|0x00000000e9800000, 0x00000000e9800000, 0x00000000e9900000|  0%| F|  |TAMS 0x00000000e9800000| PB 0x00000000e9800000| Untracked 
| 153|0x00000000e9900000, 0x00000000e9a00000, 0x00000000e9a00000|100%| O|  |TAMS 0x00000000e9a00000| PB 0x00000000e9a00000| Updating 
| 154|0x00000000e9a00000, 0x00000000e9b00000, 0x00000000e9b00000|100%| O|  |TAMS 0x00000000e9b00000| PB 0x00000000e9b00000| Updating 
| 155|0x00000000e9b00000, 0x00000000e9c00000, 0x00000000e9c00000|100%| O|  |TAMS 0x00000000e9c00000| PB 0x00000000e9c00000| Updating 
| 156|0x00000000e9c00000, 0x00000000e9d00000, 0x00000000e9d00000|100%| O|  |TAMS 0x00000000e9d00000| PB 0x00000000e9d00000| Updating 
| 157|0x00000000e9d00000, 0x00000000e9d00000, 0x00000000e9e00000|  0%| F|  |TAMS 0x00000000e9d00000| PB 0x00000000e9d00000| Untracked 
| 158|0x00000000e9e00000, 0x00000000e9e00000, 0x00000000e9f00000|  0%| F|  |TAMS 0x00000000e9e00000| PB 0x00000000e9e00000| Untracked 
| 159|0x00000000e9f00000, 0x00000000e9f00000, 0x00000000ea000000|  0%| F|  |TAMS 0x00000000e9f00000| PB 0x00000000e9f00000| Untracked 
| 160|0x00000000ea000000, 0x00000000ea100000, 0x00000000ea100000|100%| O|  |TAMS 0x00000000ea100000| PB 0x00000000ea100000| Untracked 
| 161|0x00000000ea100000, 0x00000000ea200000, 0x00000000ea200000|100%| O|  |TAMS 0x00000000ea200000| PB 0x00000000ea200000| Updating 
| 162|0x00000000ea200000, 0x00000000ea300000, 0x00000000ea300000|100%| O|  |TAMS 0x00000000ea300000| PB 0x00000000ea300000| Untracked 
| 163|0x00000000ea300000, 0x00000000ea400000, 0x00000000ea400000|100%| O|  |TAMS 0x00000000ea400000| PB 0x00000000ea400000| Untracked 
| 164|0x00000000ea400000, 0x00000000ea400000, 0x00000000ea500000|  0%| F|  |TAMS 0x00000000ea400000| PB 0x00000000ea400000| Untracked 
| 165|0x00000000ea500000, 0x00000000ea500000, 0x00000000ea600000|  0%| F|  |TAMS 0x00000000ea500000| PB 0x00000000ea500000| Untracked 
| 166|0x00000000ea600000, 0x00000000ea600000, 0x00000000ea700000|  0%| F|  |TAMS 0x00000000ea600000| PB 0x00000000ea600000| Untracked 
| 167|0x00000000ea700000, 0x00000000ea700000, 0x00000000ea800000|  0%| F|  |TAMS 0x00000000ea700000| PB 0x00000000ea700000| Untracked 
| 168|0x00000000ea800000, 0x00000000ea900000, 0x00000000ea900000|100%| O|  |TAMS 0x00000000ea900000| PB 0x00000000ea900000| Updating 
| 169|0x00000000ea900000, 0x00000000eaa00000, 0x00000000eaa00000|100%| O|  |TAMS 0x00000000eaa00000| PB 0x00000000eaa00000| Updating 
| 170|0x00000000eaa00000, 0x00000000eab00000, 0x00000000eab00000|100%| O|  |TAMS 0x00000000eab00000| PB 0x00000000eab00000| Updating 
| 171|0x00000000eab00000, 0x00000000eac00000, 0x00000000eac00000|100%| O|  |TAMS 0x00000000eac00000| PB 0x00000000eac00000| Untracked 
| 172|0x00000000eac00000, 0x00000000ead00000, 0x00000000ead00000|100%| O|  |TAMS 0x00000000ead00000| PB 0x00000000ead00000| Updating 
| 173|0x00000000ead00000, 0x00000000eae00000, 0x00000000eae00000|100%| O|  |TAMS 0x00000000eae00000| PB 0x00000000eae00000| Updating 
| 174|0x00000000eae00000, 0x00000000eae00000, 0x00000000eaf00000|  0%| F|  |TAMS 0x00000000eae00000| PB 0x00000000eae00000| Untracked 
| 175|0x00000000eaf00000, 0x00000000eb000000, 0x00000000eb000000|100%| O|  |TAMS 0x00000000eb000000| PB 0x00000000eb000000| Untracked 
| 176|0x00000000eb000000, 0x00000000eb100000, 0x00000000eb100000|100%| O|  |TAMS 0x00000000eb100000| PB 0x00000000eb100000| Untracked 
| 177|0x00000000eb100000, 0x00000000eb200000, 0x00000000eb200000|100%| O|  |TAMS 0x00000000eb200000| PB 0x00000000eb200000| Untracked 
| 178|0x00000000eb200000, 0x00000000eb300000, 0x00000000eb300000|100%| O|  |TAMS 0x00000000eb300000| PB 0x00000000eb300000| Untracked 
| 179|0x00000000eb300000, 0x00000000eb400000, 0x00000000eb400000|100%| O|  |TAMS 0x00000000eb400000| PB 0x00000000eb400000| Untracked 
| 180|0x00000000eb400000, 0x00000000eb500000, 0x00000000eb500000|100%| O|  |TAMS 0x00000000eb500000| PB 0x00000000eb500000| Untracked 
| 181|0x00000000eb500000, 0x00000000eb600000, 0x00000000eb600000|100%| O|  |TAMS 0x00000000eb600000| PB 0x00000000eb600000| Untracked 
| 182|0x00000000eb600000, 0x00000000eb700000, 0x00000000eb700000|100%| O|  |TAMS 0x00000000eb700000| PB 0x00000000eb700000| Untracked 
| 183|0x00000000eb700000, 0x00000000eb800000, 0x00000000eb800000|100%| O|  |TAMS 0x00000000eb800000| PB 0x00000000eb800000| Untracked 
| 184|0x00000000eb800000, 0x00000000eb900000, 0x00000000eb900000|100%| O|  |TAMS 0x00000000eb900000| PB 0x00000000eb900000| Untracked 
| 185|0x00000000eb900000, 0x00000000eba00000, 0x00000000eba00000|100%| O|  |TAMS 0x00000000eba00000| PB 0x00000000eba00000| Updating 
| 186|0x00000000eba00000, 0x00000000ebb00000, 0x00000000ebb00000|100%| O|  |TAMS 0x00000000ebb00000| PB 0x00000000ebb00000| Updating 
| 187|0x00000000ebb00000, 0x00000000ebc00000, 0x00000000ebc00000|100%| O|  |TAMS 0x00000000ebc00000| PB 0x00000000ebc00000| Untracked 
| 188|0x00000000ebc00000, 0x00000000ebd00000, 0x00000000ebd00000|100%| O|  |TAMS 0x00000000ebd00000| PB 0x00000000ebd00000| Updating 
| 189|0x00000000ebd00000, 0x00000000ebe00000, 0x00000000ebe00000|100%| O|  |TAMS 0x00000000ebe00000| PB 0x00000000ebe00000| Updating 
| 190|0x00000000ebe00000, 0x00000000ebf00000, 0x00000000ebf00000|100%| O|  |TAMS 0x00000000ebf00000| PB 0x00000000ebf00000| Updating 
| 191|0x00000000ebf00000, 0x00000000ec000000, 0x00000000ec000000|100%| O|  |TAMS 0x00000000ec000000| PB 0x00000000ec000000| Updating 
| 192|0x00000000ec000000, 0x00000000ec100000, 0x00000000ec100000|100%| O|  |TAMS 0x00000000ec100000| PB 0x00000000ec100000| Untracked 
| 193|0x00000000ec100000, 0x00000000ec200000, 0x00000000ec200000|100%| O|  |TAMS 0x00000000ec200000| PB 0x00000000ec200000| Updating 
| 194|0x00000000ec200000, 0x00000000ec300000, 0x00000000ec300000|100%| O|  |TAMS 0x00000000ec300000| PB 0x00000000ec300000| Untracked 
| 195|0x00000000ec300000, 0x00000000ec400000, 0x00000000ec400000|100%| O|  |TAMS 0x00000000ec400000| PB 0x00000000ec400000| Updating 
| 196|0x00000000ec400000, 0x00000000ec500000, 0x00000000ec500000|100%| O|  |TAMS 0x00000000ec500000| PB 0x00000000ec500000| Untracked 
| 197|0x00000000ec500000, 0x00000000ec600000, 0x00000000ec600000|100%| O|  |TAMS 0x00000000ec600000| PB 0x00000000ec600000| Untracked 
| 198|0x00000000ec600000, 0x00000000ec700000, 0x00000000ec700000|100%| O|  |TAMS 0x00000000ec700000| PB 0x00000000ec700000| Updating 
| 199|0x00000000ec700000, 0x00000000ec800000, 0x00000000ec800000|100%| O|  |TAMS 0x00000000ec800000| PB 0x00000000ec800000| Updating 
| 200|0x00000000ec800000, 0x00000000ec800000, 0x00000000ec900000|  0%| F|  |TAMS 0x00000000ec800000| PB 0x00000000ec800000| Untracked 
| 201|0x00000000ec900000, 0x00000000eca00000, 0x00000000eca00000|100%| O|  |TAMS 0x00000000eca00000| PB 0x00000000eca00000| Untracked 
| 202|0x00000000eca00000, 0x00000000ecb00000, 0x00000000ecb00000|100%| O|  |TAMS 0x00000000ecb00000| PB 0x00000000ecb00000| Untracked 
| 203|0x00000000ecb00000, 0x00000000ecc00000, 0x00000000ecc00000|100%| O|  |TAMS 0x00000000ecc00000| PB 0x00000000ecc00000| Untracked 
| 204|0x00000000ecc00000, 0x00000000ecd00000, 0x00000000ecd00000|100%| O|  |TAMS 0x00000000ecd00000| PB 0x00000000ecd00000| Untracked 
| 205|0x00000000ecd00000, 0x00000000ece00000, 0x00000000ece00000|100%| O|  |TAMS 0x00000000ece00000| PB 0x00000000ece00000| Untracked 
| 206|0x00000000ece00000, 0x00000000ecf00000, 0x00000000ecf00000|100%| O|  |TAMS 0x00000000ecf00000| PB 0x00000000ecf00000| Untracked 
| 207|0x00000000ecf00000, 0x00000000ed000000, 0x00000000ed000000|100%| O|  |TAMS 0x00000000ed000000| PB 0x00000000ed000000| Untracked 
| 208|0x00000000ed000000, 0x00000000ed100000, 0x00000000ed100000|100%| O|  |TAMS 0x00000000ed100000| PB 0x00000000ed100000| Untracked 
| 209|0x00000000ed100000, 0x00000000ed200000, 0x00000000ed200000|100%| O|  |TAMS 0x00000000ed200000| PB 0x00000000ed200000| Untracked 
| 210|0x00000000ed200000, 0x00000000ed300000, 0x00000000ed300000|100%| O|  |TAMS 0x00000000ed300000| PB 0x00000000ed300000| Untracked 
| 211|0x00000000ed300000, 0x00000000ed400000, 0x00000000ed400000|100%| O|  |TAMS 0x00000000ed400000| PB 0x00000000ed400000| Untracked 
| 212|0x00000000ed400000, 0x00000000ed500000, 0x00000000ed500000|100%| O|  |TAMS 0x00000000ed500000| PB 0x00000000ed500000| Untracked 
| 213|0x00000000ed500000, 0x00000000ed600000, 0x00000000ed600000|100%| O|  |TAMS 0x00000000ed600000| PB 0x00000000ed600000| Untracked 
| 214|0x00000000ed600000, 0x00000000ed700000, 0x00000000ed700000|100%| O|  |TAMS 0x00000000ed700000| PB 0x00000000ed700000| Untracked 
| 215|0x00000000ed700000, 0x00000000ed800000, 0x00000000ed800000|100%| O|  |TAMS 0x00000000ed800000| PB 0x00000000ed800000| Untracked 
| 216|0x00000000ed800000, 0x00000000ed900000, 0x00000000ed900000|100%| O|  |TAMS 0x00000000ed900000| PB 0x00000000ed900000| Untracked 
| 217|0x00000000ed900000, 0x00000000eda00000, 0x00000000eda00000|100%| O|  |TAMS 0x00000000eda00000| PB 0x00000000eda00000| Untracked 
| 218|0x00000000eda00000, 0x00000000edb00000, 0x00000000edb00000|100%| O|  |TAMS 0x00000000edb00000| PB 0x00000000edb00000| Untracked 
| 219|0x00000000edb00000, 0x00000000edc00000, 0x00000000edc00000|100%| O|  |TAMS 0x00000000edc00000| PB 0x00000000edc00000| Untracked 
| 220|0x00000000edc00000, 0x00000000edd00000, 0x00000000edd00000|100%| O|  |TAMS 0x00000000edd00000| PB 0x00000000edd00000| Untracked 
| 221|0x00000000edd00000, 0x00000000ede00000, 0x00000000ede00000|100%| O|  |TAMS 0x00000000ede00000| PB 0x00000000ede00000| Untracked 
| 222|0x00000000ede00000, 0x00000000edf00000, 0x00000000edf00000|100%| O|  |TAMS 0x00000000edf00000| PB 0x00000000edf00000| Untracked 
| 223|0x00000000edf00000, 0x00000000ee000000, 0x00000000ee000000|100%| O|  |TAMS 0x00000000ee000000| PB 0x00000000ee000000| Untracked 
| 224|0x00000000ee000000, 0x00000000ee100000, 0x00000000ee100000|100%| O|  |TAMS 0x00000000ee100000| PB 0x00000000ee100000| Updating 
| 225|0x00000000ee100000, 0x00000000ee200000, 0x00000000ee200000|100%| O|  |TAMS 0x00000000ee200000| PB 0x00000000ee200000| Updating 
| 226|0x00000000ee200000, 0x00000000ee300000, 0x00000000ee300000|100%| O|  |TAMS 0x00000000ee280000| PB 0x00000000ee280000| Updating 
| 227|0x00000000ee300000, 0x00000000ee300000, 0x00000000ee400000|  0%| F|  |TAMS 0x00000000ee300000| PB 0x00000000ee300000| Untracked 
| 228|0x00000000ee400000, 0x00000000ee400000, 0x00000000ee500000|  0%| F|  |TAMS 0x00000000ee400000| PB 0x00000000ee400000| Untracked 
| 229|0x00000000ee500000, 0x00000000ee500000, 0x00000000ee600000|  0%| F|  |TAMS 0x00000000ee500000| PB 0x00000000ee500000| Untracked 
| 230|0x00000000ee600000, 0x00000000ee600000, 0x00000000ee700000|  0%| F|  |TAMS 0x00000000ee600000| PB 0x00000000ee600000| Untracked 
| 231|0x00000000ee700000, 0x00000000ee700000, 0x00000000ee800000|  0%| F|  |TAMS 0x00000000ee700000| PB 0x00000000ee700000| Untracked 
| 232|0x00000000ee800000, 0x00000000ee800000, 0x00000000ee900000|  0%| F|  |TAMS 0x00000000ee800000| PB 0x00000000ee800000| Untracked 
| 233|0x00000000ee900000, 0x00000000ee900000, 0x00000000eea00000|  0%| F|  |TAMS 0x00000000ee900000| PB 0x00000000ee900000| Untracked 
| 234|0x00000000eea00000, 0x00000000eea00000, 0x00000000eeb00000|  0%| F|  |TAMS 0x00000000eea00000| PB 0x00000000eea00000| Untracked 
| 235|0x00000000eeb00000, 0x00000000eeb00000, 0x00000000eec00000|  0%| F|  |TAMS 0x00000000eeb00000| PB 0x00000000eeb00000| Untracked 
| 236|0x00000000eec00000, 0x00000000eec00000, 0x00000000eed00000|  0%| F|  |TAMS 0x00000000eec00000| PB 0x00000000eec00000| Untracked 
| 237|0x00000000eed00000, 0x00000000eed00000, 0x00000000eee00000|  0%| F|  |TAMS 0x00000000eed00000| PB 0x00000000eed00000| Untracked 
| 238|0x00000000eee00000, 0x00000000eee00000, 0x00000000eef00000|  0%| F|  |TAMS 0x00000000eee00000| PB 0x00000000eee00000| Untracked 
| 239|0x00000000eef00000, 0x00000000eef00000, 0x00000000ef000000|  0%| F|  |TAMS 0x00000000eef00000| PB 0x00000000eef00000| Untracked 
| 240|0x00000000ef000000, 0x00000000ef000000, 0x00000000ef100000|  0%| F|  |TAMS 0x00000000ef000000| PB 0x00000000ef000000| Untracked 
| 241|0x00000000ef100000, 0x00000000ef100000, 0x00000000ef200000|  0%| F|  |TAMS 0x00000000ef100000| PB 0x00000000ef100000| Untracked 
| 242|0x00000000ef200000, 0x00000000ef200000, 0x00000000ef300000|  0%| F|  |TAMS 0x00000000ef200000| PB 0x00000000ef200000| Untracked 
| 243|0x00000000ef300000, 0x00000000ef300000, 0x00000000ef400000|  0%| F|  |TAMS 0x00000000ef300000| PB 0x00000000ef300000| Untracked 
| 244|0x00000000ef400000, 0x00000000ef400000, 0x00000000ef500000|  0%| F|  |TAMS 0x00000000ef400000| PB 0x00000000ef400000| Untracked 
| 245|0x00000000ef500000, 0x00000000ef500000, 0x00000000ef600000|  0%| F|  |TAMS 0x00000000ef500000| PB 0x00000000ef500000| Untracked 
| 246|0x00000000ef600000, 0x00000000ef600000, 0x00000000ef700000|  0%| F|  |TAMS 0x00000000ef600000| PB 0x00000000ef600000| Untracked 
| 247|0x00000000ef700000, 0x00000000ef700000, 0x00000000ef800000|  0%| F|  |TAMS 0x00000000ef700000| PB 0x00000000ef700000| Untracked 
| 248|0x00000000ef800000, 0x00000000ef800000, 0x00000000ef900000|  0%| F|  |TAMS 0x00000000ef800000| PB 0x00000000ef800000| Untracked 
| 249|0x00000000ef900000, 0x00000000ef900000, 0x00000000efa00000|  0%| F|  |TAMS 0x00000000ef900000| PB 0x00000000ef900000| Untracked 
| 250|0x00000000efa00000, 0x00000000efa00000, 0x00000000efb00000|  0%| F|  |TAMS 0x00000000efa00000| PB 0x00000000efa00000| Untracked 
| 251|0x00000000efb00000, 0x00000000efb00000, 0x00000000efc00000|  0%| F|  |TAMS 0x00000000efb00000| PB 0x00000000efb00000| Untracked 
| 252|0x00000000efc00000, 0x00000000efc00000, 0x00000000efd00000|  0%| F|  |TAMS 0x00000000efc00000| PB 0x00000000efc00000| Untracked 
| 253|0x00000000efd00000, 0x00000000efd00000, 0x00000000efe00000|  0%| F|  |TAMS 0x00000000efd00000| PB 0x00000000efd00000| Untracked 
| 254|0x00000000efe00000, 0x00000000efe00000, 0x00000000eff00000|  0%| F|  |TAMS 0x00000000efe00000| PB 0x00000000efe00000| Untracked 
| 255|0x00000000eff00000, 0x00000000eff00000, 0x00000000f0000000|  0%| F|  |TAMS 0x00000000eff00000| PB 0x00000000eff00000| Untracked 
| 256|0x00000000f0000000, 0x00000000f0000000, 0x00000000f0100000|  0%| F|  |TAMS 0x00000000f0000000| PB 0x00000000f0000000| Untracked 
| 257|0x00000000f0100000, 0x00000000f0100000, 0x00000000f0200000|  0%| F|  |TAMS 0x00000000f0100000| PB 0x00000000f0100000| Untracked 
| 258|0x00000000f0200000, 0x00000000f0200000, 0x00000000f0300000|  0%| F|  |TAMS 0x00000000f0200000| PB 0x00000000f0200000| Untracked 
| 259|0x00000000f0300000, 0x00000000f0300000, 0x00000000f0400000|  0%| F|  |TAMS 0x00000000f0300000| PB 0x00000000f0300000| Untracked 
| 260|0x00000000f0400000, 0x00000000f0400000, 0x00000000f0500000|  0%| F|  |TAMS 0x00000000f0400000| PB 0x00000000f0400000| Untracked 
| 261|0x00000000f0500000, 0x00000000f0500000, 0x00000000f0600000|  0%| F|  |TAMS 0x00000000f0500000| PB 0x00000000f0500000| Untracked 
| 262|0x00000000f0600000, 0x00000000f0600000, 0x00000000f0700000|  0%| F|  |TAMS 0x00000000f0600000| PB 0x00000000f0600000| Untracked 
| 263|0x00000000f0700000, 0x00000000f0700000, 0x00000000f0800000|  0%| F|  |TAMS 0x00000000f0700000| PB 0x00000000f0700000| Untracked 
| 264|0x00000000f0800000, 0x00000000f0800000, 0x00000000f0900000|  0%| F|  |TAMS 0x00000000f0800000| PB 0x00000000f0800000| Untracked 
| 265|0x00000000f0900000, 0x00000000f0900000, 0x00000000f0a00000|  0%| F|  |TAMS 0x00000000f0900000| PB 0x00000000f0900000| Untracked 
| 266|0x00000000f0a00000, 0x00000000f0a00000, 0x00000000f0b00000|  0%| F|  |TAMS 0x00000000f0a00000| PB 0x00000000f0a00000| Untracked 
| 267|0x00000000f0b00000, 0x00000000f0b00000, 0x00000000f0c00000|  0%| F|  |TAMS 0x00000000f0b00000| PB 0x00000000f0b00000| Untracked 
| 268|0x00000000f0c00000, 0x00000000f0c00000, 0x00000000f0d00000|  0%| F|  |TAMS 0x00000000f0c00000| PB 0x00000000f0c00000| Untracked 
| 269|0x00000000f0d00000, 0x00000000f0d00000, 0x00000000f0e00000|  0%| F|  |TAMS 0x00000000f0d00000| PB 0x00000000f0d00000| Untracked 
| 270|0x00000000f0e00000, 0x00000000f0e00000, 0x00000000f0f00000|  0%| F|  |TAMS 0x00000000f0e00000| PB 0x00000000f0e00000| Untracked 
| 271|0x00000000f0f00000, 0x00000000f0f00000, 0x00000000f1000000|  0%| F|  |TAMS 0x00000000f0f00000| PB 0x00000000f0f00000| Untracked 
| 272|0x00000000f1000000, 0x00000000f1000000, 0x00000000f1100000|  0%| F|  |TAMS 0x00000000f1000000| PB 0x00000000f1000000| Untracked 
| 273|0x00000000f1100000, 0x00000000f1100000, 0x00000000f1200000|  0%| F|  |TAMS 0x00000000f1100000| PB 0x00000000f1100000| Untracked 
| 274|0x00000000f1200000, 0x00000000f1200000, 0x00000000f1300000|  0%| F|  |TAMS 0x00000000f1200000| PB 0x00000000f1200000| Untracked 
| 275|0x00000000f1300000, 0x00000000f1300000, 0x00000000f1400000|  0%| F|  |TAMS 0x00000000f1300000| PB 0x00000000f1300000| Untracked 
| 276|0x00000000f1400000, 0x00000000f1400000, 0x00000000f1500000|  0%| F|  |TAMS 0x00000000f1400000| PB 0x00000000f1400000| Untracked 
| 277|0x00000000f1500000, 0x00000000f1500000, 0x00000000f1600000|  0%| F|  |TAMS 0x00000000f1500000| PB 0x00000000f1500000| Untracked 
| 278|0x00000000f1600000, 0x00000000f1700000, 0x00000000f1700000|100%| S|CS|TAMS 0x00000000f1600000| PB 0x00000000f1600000| Complete 
| 279|0x00000000f1700000, 0x00000000f1800000, 0x00000000f1800000|100%| S|CS|TAMS 0x00000000f1700000| PB 0x00000000f1700000| Complete 
| 280|0x00000000f1800000, 0x00000000f1900000, 0x00000000f1900000|100%| S|CS|TAMS 0x00000000f1800000| PB 0x00000000f1800000| Complete 
| 281|0x00000000f1900000, 0x00000000f1a00000, 0x00000000f1a00000|100%| S|CS|TAMS 0x00000000f1900000| PB 0x00000000f1900000| Complete 
| 282|0x00000000f1a00000, 0x00000000f1b00000, 0x00000000f1b00000|100%| S|CS|TAMS 0x00000000f1a00000| PB 0x00000000f1a00000| Complete 
| 283|0x00000000f1b00000, 0x00000000f1b00000, 0x00000000f1c00000|  0%| F|  |TAMS 0x00000000f1b00000| PB 0x00000000f1b00000| Untracked 
| 284|0x00000000f1c00000, 0x00000000f1c00000, 0x00000000f1d00000|  0%| F|  |TAMS 0x00000000f1c00000| PB 0x00000000f1c00000| Untracked 
| 285|0x00000000f1d00000, 0x00000000f1d00000, 0x00000000f1e00000|  0%| F|  |TAMS 0x00000000f1d00000| PB 0x00000000f1d00000| Untracked 
| 286|0x00000000f1e00000, 0x00000000f1e00000, 0x00000000f1f00000|  0%| F|  |TAMS 0x00000000f1e00000| PB 0x00000000f1e00000| Untracked 
| 287|0x00000000f1f00000, 0x00000000f1f00000, 0x00000000f2000000|  0%| F|  |TAMS 0x00000000f1f00000| PB 0x00000000f1f00000| Untracked 
| 288|0x00000000f2000000, 0x00000000f2000000, 0x00000000f2100000|  0%| F|  |TAMS 0x00000000f2000000| PB 0x00000000f2000000| Untracked 
| 289|0x00000000f2100000, 0x00000000f2200000, 0x00000000f2200000|100%| S|CS|TAMS 0x00000000f2100000| PB 0x00000000f2100000| Complete 
| 290|0x00000000f2200000, 0x00000000f2300000, 0x00000000f2300000|100%| S|CS|TAMS 0x00000000f2200000| PB 0x00000000f2200000| Complete 
| 291|0x00000000f2300000, 0x00000000f2400000, 0x00000000f2400000|100%| S|CS|TAMS 0x00000000f2300000| PB 0x00000000f2300000| Complete 
| 292|0x00000000f2400000, 0x00000000f2500000, 0x00000000f2500000|100%| S|CS|TAMS 0x00000000f2400000| PB 0x00000000f2400000| Complete 
| 293|0x00000000f2500000, 0x00000000f2600000, 0x00000000f2600000|100%| S|CS|TAMS 0x00000000f2500000| PB 0x00000000f2500000| Complete 
| 294|0x00000000f2600000, 0x00000000f2700000, 0x00000000f2700000|100%| S|CS|TAMS 0x00000000f2600000| PB 0x00000000f2600000| Complete 
| 295|0x00000000f2700000, 0x00000000f2800000, 0x00000000f2800000|100%| S|CS|TAMS 0x00000000f2700000| PB 0x00000000f2700000| Complete 
| 296|0x00000000f2800000, 0x00000000f2900000, 0x00000000f2900000|100%| S|CS|TAMS 0x00000000f2800000| PB 0x00000000f2800000| Complete 
| 297|0x00000000f2900000, 0x00000000f2a00000, 0x00000000f2a00000|100%| S|CS|TAMS 0x00000000f2900000| PB 0x00000000f2900000| Complete 
| 298|0x00000000f2a00000, 0x00000000f2a00000, 0x00000000f2b00000|  0%| F|  |TAMS 0x00000000f2a00000| PB 0x00000000f2a00000| Untracked 
| 299|0x00000000f2b00000, 0x00000000f2b00000, 0x00000000f2c00000|  0%| F|  |TAMS 0x00000000f2b00000| PB 0x00000000f2b00000| Untracked 
| 300|0x00000000f2c00000, 0x00000000f2c00000, 0x00000000f2d00000|  0%| F|  |TAMS 0x00000000f2c00000| PB 0x00000000f2c00000| Untracked 
| 301|0x00000000f2d00000, 0x00000000f2d00000, 0x00000000f2e00000|  0%| F|  |TAMS 0x00000000f2d00000| PB 0x00000000f2d00000| Untracked 
| 302|0x00000000f2e00000, 0x00000000f2e00000, 0x00000000f2f00000|  0%| F|  |TAMS 0x00000000f2e00000| PB 0x00000000f2e00000| Untracked 
| 303|0x00000000f2f00000, 0x00000000f2f00000, 0x00000000f3000000|  0%| F|  |TAMS 0x00000000f2f00000| PB 0x00000000f2f00000| Untracked 
| 304|0x00000000f3000000, 0x00000000f3000000, 0x00000000f3100000|  0%| F|  |TAMS 0x00000000f3000000| PB 0x00000000f3000000| Untracked 
| 305|0x00000000f3100000, 0x00000000f3100000, 0x00000000f3200000|  0%| F|  |TAMS 0x00000000f3100000| PB 0x00000000f3100000| Untracked 
| 306|0x00000000f3200000, 0x00000000f3200000, 0x00000000f3300000|  0%| F|  |TAMS 0x00000000f3200000| PB 0x00000000f3200000| Untracked 
| 307|0x00000000f3300000, 0x00000000f3300000, 0x00000000f3400000|  0%| F|  |TAMS 0x00000000f3300000| PB 0x00000000f3300000| Untracked 
| 308|0x00000000f3400000, 0x00000000f3400000, 0x00000000f3500000|  0%| F|  |TAMS 0x00000000f3400000| PB 0x00000000f3400000| Untracked 
| 309|0x00000000f3500000, 0x00000000f3500000, 0x00000000f3600000|  0%| F|  |TAMS 0x00000000f3500000| PB 0x00000000f3500000| Untracked 
| 310|0x00000000f3600000, 0x00000000f3600000, 0x00000000f3700000|  0%| F|  |TAMS 0x00000000f3600000| PB 0x00000000f3600000| Untracked 
| 311|0x00000000f3700000, 0x00000000f3700000, 0x00000000f3800000|  0%| F|  |TAMS 0x00000000f3700000| PB 0x00000000f3700000| Untracked 
| 312|0x00000000f3800000, 0x00000000f3800000, 0x00000000f3900000|  0%| F|  |TAMS 0x00000000f3800000| PB 0x00000000f3800000| Untracked 
| 313|0x00000000f3900000, 0x00000000f3900000, 0x00000000f3a00000|  0%| F|  |TAMS 0x00000000f3900000| PB 0x00000000f3900000| Untracked 
| 314|0x00000000f3a00000, 0x00000000f3a00000, 0x00000000f3b00000|  0%| F|  |TAMS 0x00000000f3a00000| PB 0x00000000f3a00000| Untracked 
| 315|0x00000000f3b00000, 0x00000000f3b80a58, 0x00000000f3c00000| 50%| E|  |TAMS 0x00000000f3b00000| PB 0x00000000f3b00000| Complete 
| 316|0x00000000f3c00000, 0x00000000f3d00000, 0x00000000f3d00000|100%| E|CS|TAMS 0x00000000f3c00000| PB 0x00000000f3c00000| Complete 
| 317|0x00000000f3d00000, 0x00000000f3e00000, 0x00000000f3e00000|100%| E|CS|TAMS 0x00000000f3d00000| PB 0x00000000f3d00000| Complete 
| 318|0x00000000f3e00000, 0x00000000f3f00000, 0x00000000f3f00000|100%| E|CS|TAMS 0x00000000f3e00000| PB 0x00000000f3e00000| Complete 
| 319|0x00000000f3f00000, 0x00000000f4000000, 0x00000000f4000000|100%| E|CS|TAMS 0x00000000f3f00000| PB 0x00000000f3f00000| Complete 
| 320|0x00000000f4000000, 0x00000000f4100000, 0x00000000f4100000|100%| E|CS|TAMS 0x00000000f4000000| PB 0x00000000f4000000| Complete 
| 321|0x00000000f4100000, 0x00000000f4200000, 0x00000000f4200000|100%| E|CS|TAMS 0x00000000f4100000| PB 0x00000000f4100000| Complete 
| 322|0x00000000f4200000, 0x00000000f4300000, 0x00000000f4300000|100%| E|CS|TAMS 0x00000000f4200000| PB 0x00000000f4200000| Complete 
| 323|0x00000000f4300000, 0x00000000f4400000, 0x00000000f4400000|100%| E|CS|TAMS 0x00000000f4300000| PB 0x00000000f4300000| Complete 
| 324|0x00000000f4400000, 0x00000000f4500000, 0x00000000f4500000|100%| E|CS|TAMS 0x00000000f4400000| PB 0x00000000f4400000| Complete 
| 325|0x00000000f4500000, 0x00000000f4600000, 0x00000000f4600000|100%| E|CS|TAMS 0x00000000f4500000| PB 0x00000000f4500000| Complete 
| 326|0x00000000f4600000, 0x00000000f4700000, 0x00000000f4700000|100%| E|CS|TAMS 0x00000000f4600000| PB 0x00000000f4600000| Complete 
| 327|0x00000000f4700000, 0x00000000f4800000, 0x00000000f4800000|100%| E|CS|TAMS 0x00000000f4700000| PB 0x00000000f4700000| Complete 
| 328|0x00000000f4800000, 0x00000000f4900000, 0x00000000f4900000|100%| E|CS|TAMS 0x00000000f4800000| PB 0x00000000f4800000| Complete 
| 329|0x00000000f4900000, 0x00000000f4a00000, 0x00000000f4a00000|100%| E|CS|TAMS 0x00000000f4900000| PB 0x00000000f4900000| Complete 
| 330|0x00000000f4a00000, 0x00000000f4b00000, 0x00000000f4b00000|100%| E|CS|TAMS 0x00000000f4a00000| PB 0x00000000f4a00000| Complete 
| 331|0x00000000f4b00000, 0x00000000f4c00000, 0x00000000f4c00000|100%| E|CS|TAMS 0x00000000f4b00000| PB 0x00000000f4b00000| Complete 
| 332|0x00000000f4c00000, 0x00000000f4d00000, 0x00000000f4d00000|100%| E|CS|TAMS 0x00000000f4c00000| PB 0x00000000f4c00000| Complete 
| 333|0x00000000f4d00000, 0x00000000f4e00000, 0x00000000f4e00000|100%| E|CS|TAMS 0x00000000f4d00000| PB 0x00000000f4d00000| Complete 
| 334|0x00000000f4e00000, 0x00000000f4f00000, 0x00000000f4f00000|100%| E|CS|TAMS 0x00000000f4e00000| PB 0x00000000f4e00000| Complete 
| 335|0x00000000f4f00000, 0x00000000f5000000, 0x00000000f5000000|100%| E|CS|TAMS 0x00000000f4f00000| PB 0x00000000f4f00000| Complete 
| 336|0x00000000f5000000, 0x00000000f5100000, 0x00000000f5100000|100%| E|CS|TAMS 0x00000000f5000000| PB 0x00000000f5000000| Complete 
| 337|0x00000000f5100000, 0x00000000f5200000, 0x00000000f5200000|100%| E|CS|TAMS 0x00000000f5100000| PB 0x00000000f5100000| Complete 
| 338|0x00000000f5200000, 0x00000000f5300000, 0x00000000f5300000|100%| E|CS|TAMS 0x00000000f5200000| PB 0x00000000f5200000| Complete 
| 339|0x00000000f5300000, 0x00000000f5400000, 0x00000000f5400000|100%| E|CS|TAMS 0x00000000f5300000| PB 0x00000000f5300000| Complete 
| 340|0x00000000f5400000, 0x00000000f5500000, 0x00000000f5500000|100%| E|CS|TAMS 0x00000000f5400000| PB 0x00000000f5400000| Complete 
| 341|0x00000000f5500000, 0x00000000f5600000, 0x00000000f5600000|100%| E|CS|TAMS 0x00000000f5500000| PB 0x00000000f5500000| Complete 
| 342|0x00000000f5600000, 0x00000000f5700000, 0x00000000f5700000|100%| E|CS|TAMS 0x00000000f5600000| PB 0x00000000f5600000| Complete 
| 343|0x00000000f5700000, 0x00000000f5800000, 0x00000000f5800000|100%| E|CS|TAMS 0x00000000f5700000| PB 0x00000000f5700000| Complete 
| 344|0x00000000f5800000, 0x00000000f5900000, 0x00000000f5900000|100%| E|CS|TAMS 0x00000000f5800000| PB 0x00000000f5800000| Complete 
| 345|0x00000000f5900000, 0x00000000f5a00000, 0x00000000f5a00000|100%| E|CS|TAMS 0x00000000f5900000| PB 0x00000000f5900000| Complete 
| 346|0x00000000f5a00000, 0x00000000f5b00000, 0x00000000f5b00000|100%| E|CS|TAMS 0x00000000f5a00000| PB 0x00000000f5a00000| Complete 
| 347|0x00000000f5b00000, 0x00000000f5c00000, 0x00000000f5c00000|100%| E|CS|TAMS 0x00000000f5b00000| PB 0x00000000f5b00000| Complete 
| 348|0x00000000f5c00000, 0x00000000f5d00000, 0x00000000f5d00000|100%| E|CS|TAMS 0x00000000f5c00000| PB 0x00000000f5c00000| Complete 
| 349|0x00000000f5d00000, 0x00000000f5e00000, 0x00000000f5e00000|100%| E|CS|TAMS 0x00000000f5d00000| PB 0x00000000f5d00000| Complete 
| 350|0x00000000f5e00000, 0x00000000f5f00000, 0x00000000f5f00000|100%| E|CS|TAMS 0x00000000f5e00000| PB 0x00000000f5e00000| Complete 
| 351|0x00000000f5f00000, 0x00000000f6000000, 0x00000000f6000000|100%| E|CS|TAMS 0x00000000f5f00000| PB 0x00000000f5f00000| Complete 
| 352|0x00000000f6000000, 0x00000000f6100000, 0x00000000f6100000|100%| E|CS|TAMS 0x00000000f6000000| PB 0x00000000f6000000| Complete 
| 353|0x00000000f6100000, 0x00000000f6200000, 0x00000000f6200000|100%| E|CS|TAMS 0x00000000f6100000| PB 0x00000000f6100000| Complete 
| 354|0x00000000f6200000, 0x00000000f6300000, 0x00000000f6300000|100%| E|CS|TAMS 0x00000000f6200000| PB 0x00000000f6200000| Complete 
| 355|0x00000000f6300000, 0x00000000f6400000, 0x00000000f6400000|100%| E|CS|TAMS 0x00000000f6300000| PB 0x00000000f6300000| Complete 
| 356|0x00000000f6400000, 0x00000000f6500000, 0x00000000f6500000|100%| E|CS|TAMS 0x00000000f6400000| PB 0x00000000f6400000| Complete 
| 357|0x00000000f6500000, 0x00000000f6600000, 0x00000000f6600000|100%| E|CS|TAMS 0x00000000f6500000| PB 0x00000000f6500000| Complete 
| 358|0x00000000f6600000, 0x00000000f6700000, 0x00000000f6700000|100%| E|CS|TAMS 0x00000000f6600000| PB 0x00000000f6600000| Complete 
| 359|0x00000000f6700000, 0x00000000f6800000, 0x00000000f6800000|100%| E|CS|TAMS 0x00000000f6700000| PB 0x00000000f6700000| Complete 
| 360|0x00000000f6800000, 0x00000000f6900000, 0x00000000f6900000|100%| E|CS|TAMS 0x00000000f6800000| PB 0x00000000f6800000| Complete 
| 361|0x00000000f6900000, 0x00000000f6a00000, 0x00000000f6a00000|100%| E|CS|TAMS 0x00000000f6900000| PB 0x00000000f6900000| Complete 
| 362|0x00000000f6a00000, 0x00000000f6b00000, 0x00000000f6b00000|100%| E|CS|TAMS 0x00000000f6a00000| PB 0x00000000f6a00000| Complete 
| 363|0x00000000f6b00000, 0x00000000f6c00000, 0x00000000f6c00000|100%| E|CS|TAMS 0x00000000f6b00000| PB 0x00000000f6b00000| Complete 
| 364|0x00000000f6c00000, 0x00000000f6d00000, 0x00000000f6d00000|100%| E|CS|TAMS 0x00000000f6c00000| PB 0x00000000f6c00000| Complete 
| 365|0x00000000f6d00000, 0x00000000f6e00000, 0x00000000f6e00000|100%| E|CS|TAMS 0x00000000f6d00000| PB 0x00000000f6d00000| Complete 
| 366|0x00000000f6e00000, 0x00000000f6f00000, 0x00000000f6f00000|100%| E|CS|TAMS 0x00000000f6e00000| PB 0x00000000f6e00000| Complete 
| 367|0x00000000f6f00000, 0x00000000f7000000, 0x00000000f7000000|100%| E|CS|TAMS 0x00000000f6f00000| PB 0x00000000f6f00000| Complete 
| 368|0x00000000f7000000, 0x00000000f7100000, 0x00000000f7100000|100%| E|CS|TAMS 0x00000000f7000000| PB 0x00000000f7000000| Complete 
| 369|0x00000000f7100000, 0x00000000f7200000, 0x00000000f7200000|100%| E|CS|TAMS 0x00000000f7100000| PB 0x00000000f7100000| Complete 
| 370|0x00000000f7200000, 0x00000000f7300000, 0x00000000f7300000|100%| E|CS|TAMS 0x00000000f7200000| PB 0x00000000f7200000| Complete 
| 371|0x00000000f7300000, 0x00000000f7400000, 0x00000000f7400000|100%| E|CS|TAMS 0x00000000f7300000| PB 0x00000000f7300000| Complete 
| 372|0x00000000f7400000, 0x00000000f7500000, 0x00000000f7500000|100%| E|CS|TAMS 0x00000000f7400000| PB 0x00000000f7400000| Complete 
| 373|0x00000000f7500000, 0x00000000f7600000, 0x00000000f7600000|100%| E|CS|TAMS 0x00000000f7500000| PB 0x00000000f7500000| Complete 
| 374|0x00000000f7600000, 0x00000000f7700000, 0x00000000f7700000|100%| E|CS|TAMS 0x00000000f7600000| PB 0x00000000f7600000| Complete 
| 375|0x00000000f7700000, 0x00000000f7800000, 0x00000000f7800000|100%| E|CS|TAMS 0x00000000f7700000| PB 0x00000000f7700000| Complete 
| 376|0x00000000f7800000, 0x00000000f7900000, 0x00000000f7900000|100%| E|CS|TAMS 0x00000000f7800000| PB 0x00000000f7800000| Complete 
| 377|0x00000000f7900000, 0x00000000f7a00000, 0x00000000f7a00000|100%| E|CS|TAMS 0x00000000f7900000| PB 0x00000000f7900000| Complete 
| 378|0x00000000f7a00000, 0x00000000f7b00000, 0x00000000f7b00000|100%| E|CS|TAMS 0x00000000f7a00000| PB 0x00000000f7a00000| Complete 
| 379|0x00000000f7b00000, 0x00000000f7c00000, 0x00000000f7c00000|100%| E|CS|TAMS 0x00000000f7b00000| PB 0x00000000f7b00000| Complete 
| 380|0x00000000f7c00000, 0x00000000f7d00000, 0x00000000f7d00000|100%| E|CS|TAMS 0x00000000f7c00000| PB 0x00000000f7c00000| Complete 
| 499|0x00000000ff300000, 0x00000000ff400000, 0x00000000ff400000|100%| E|CS|TAMS 0x00000000ff300000| PB 0x00000000ff300000| Complete 
| 500|0x00000000ff400000, 0x00000000ff500000, 0x00000000ff500000|100%| E|CS|TAMS 0x00000000ff400000| PB 0x00000000ff400000| Complete 
| 501|0x00000000ff500000, 0x00000000ff600000, 0x00000000ff600000|100%| E|CS|TAMS 0x00000000ff500000| PB 0x00000000ff500000| Complete 
| 502|0x00000000ff600000, 0x00000000ff700000, 0x00000000ff700000|100%| E|CS|TAMS 0x00000000ff600000| PB 0x00000000ff600000| Complete 
| 503|0x00000000ff700000, 0x00000000ff800000, 0x00000000ff800000|100%| E|CS|TAMS 0x00000000ff700000| PB 0x00000000ff700000| Complete 
| 504|0x00000000ff800000, 0x00000000ff900000, 0x00000000ff900000|100%| E|CS|TAMS 0x00000000ff800000| PB 0x00000000ff800000| Complete 
| 505|0x00000000ff900000, 0x00000000ffa00000, 0x00000000ffa00000|100%| E|CS|TAMS 0x00000000ff900000| PB 0x00000000ff900000| Complete 
| 506|0x00000000ffa00000, 0x00000000ffb00000, 0x00000000ffb00000|100%| E|CS|TAMS 0x00000000ffa00000| PB 0x00000000ffa00000| Complete 
| 507|0x00000000ffb00000, 0x00000000ffc00000, 0x00000000ffc00000|100%| E|CS|TAMS 0x00000000ffb00000| PB 0x00000000ffb00000| Complete 
| 508|0x00000000ffc00000, 0x00000000ffd00000, 0x00000000ffd00000|100%| E|CS|TAMS 0x00000000ffc00000| PB 0x00000000ffc00000| Complete 
| 509|0x00000000ffd00000, 0x00000000ffe00000, 0x00000000ffe00000|100%| E|CS|TAMS 0x00000000ffd00000| PB 0x00000000ffd00000| Complete 
| 510|0x00000000ffe00000, 0x00000000fff00000, 0x00000000fff00000|100%| O|  |TAMS 0x00000000fff00000| PB 0x00000000fff00000| Updating 
| 511|0x00000000fff00000, 0x0000000100000000, 0x0000000100000000|100%| E|CS|TAMS 0x00000000fff00000| PB 0x00000000fff00000| Complete 

Card table byte_map: [0x0000022c7a0a0000,0x0000022c7a1a0000] _byte_map_base: 0x0000022c799a0000

Marking Bits: (CMBitMap*) 0x0000022c60374290
 Bits: [0x0000022c7a1a0000, 0x0000022c7a9a0000)

Polling page: 0x0000022c60410000

Metaspace:

Usage:
  Non-class:     82.14 MB used.
      Class:     11.90 MB used.
       Both:     94.04 MB used.

Virtual space:
  Non-class space:      128.00 MB reserved,      82.50 MB ( 64%) committed,  2 nodes.
      Class space:        1.00 GB reserved,      12.19 MB (  1%) committed,  1 nodes.
             Both:        1.12 GB reserved,      94.69 MB (  8%) committed. 

Chunk freelists:
   Non-Class:  13.53 MB
       Class:  3.67 MB
        Both:  17.20 MB

MaxMetaspaceSize: unlimited
CompressedClassSpaceSize: 1.00 GB
Initial GC threshold: 21.00 MB
Current GC threshold: 157.81 MB
CDS: on
 - commit_granule_bytes: 65536.
 - commit_granule_words: 8192.
 - virtual_space_node_default_size: 8388608.
 - enlarge_chunks_in_place: 1.
 - use_allocation_guard: 0.


Internal statistics:

num_allocs_failed_limit: 3.
num_arena_births: 920.
num_arena_deaths: 0.
num_vsnodes_births: 3.
num_vsnodes_deaths: 0.
num_space_committed: 1510.
num_space_uncommitted: 0.
num_chunks_returned_to_freelist: 3.
num_chunks_taken_from_freelist: 4365.
num_chunk_merges: 3.
num_chunk_splits: 3207.
num_chunks_enlarged: 2595.
num_inconsistent_stats: 0.

CodeHeap 'non-profiled nmethods': size=119168Kb used=8094Kb max_used=8227Kb free=111073Kb
 bounds [0x0000022c71b60000, 0x0000022c72370000, 0x0000022c78fc0000]
CodeHeap 'profiled nmethods': size=119104Kb used=19893Kb max_used=20799Kb free=99210Kb
 bounds [0x0000022c69fc0000, 0x0000022c6b420000, 0x0000022c71410000]
CodeHeap 'non-nmethods': size=7488Kb used=2373Kb max_used=3558Kb free=5115Kb
 bounds [0x0000022c71410000, 0x0000022c717a0000, 0x0000022c71b60000]
 total_blobs=11225 nmethods=10421 adapters=706
 compilation: enabled
              stopped_count=0, restarted_count=0
 full_count=0

Compilation events (20 events):
Event: 13.547 Thread 0x0000022c7d967530 13067       1       org.hibernate.query.sqm.internal.SqmCreationProcessingStateImpl::getCreationState (5 bytes)
Event: 13.547 Thread 0x0000022c7d967530 nmethod 13067 0x0000022c7225de10 code [0x0000022c7225dfa0, 0x0000022c7225e068]
Event: 13.548 Thread 0x0000022c7d967530 13068       3       java.lang.invoke.LambdaForm$DMH/0x0000022c01088400::invokeInterface (28 bytes)
Event: 13.549 Thread 0x0000022c7d967530 nmethod 13068 0x0000022c6a232010 code [0x0000022c6a232200, 0x0000022c6a232a00]
Event: 13.549 Thread 0x0000022c7d967530 13069       3       org.springframework.data.jpa.repository.query.HqlParser$SelectExpressionContext::expressionOrPredicate (11 bytes)
Event: 13.549 Thread 0x0000022c7d944be0 13070       4       org.antlr.v4.runtime.ParserRuleContext::getChildCount (21 bytes)
Event: 13.549 Thread 0x0000022c7d967530 nmethod 13069 0x0000022c6a407b90 code [0x0000022c6a407d60, 0x0000022c6a4081f8]
Event: 13.550 Thread 0x0000022c7d944be0 nmethod 13070 0x0000022c72292d90 code [0x0000022c72292f20, 0x0000022c72292fe0]
Event: 13.550 Thread 0x0000022c7d9ad630 13071       3       org.hibernate.grammars.hql.HqlParser$QueryContext::fromClause (11 bytes)
Event: 13.550 Thread 0x0000022c7d967530 13072       3       org.hibernate.query.hql.internal.SemanticQueryBuilder::currentQuerySpec (49 bytes)
Event: 13.550 Thread 0x0000022c7d9ad630 nmethod 13071 0x0000022c6a583390 code [0x0000022c6a583560, 0x0000022c6a5839f8]
Event: 13.550 Thread 0x0000022c7d9ad630 13073       3       org.hibernate.query.sqm.tree.select.SqmQuerySpec::getLastQuerySpec (2 bytes)
Event: 13.550 Thread 0x0000022c7d9ad630 nmethod 13073 0x0000022c6a416290 code [0x0000022c6a416420, 0x0000022c6a416530]
Event: 13.550 Thread 0x0000022c7d9ad630 13074       3       org.hibernate.grammars.hql.HqlParser$QueryContext::selectClause (11 bytes)
Event: 13.550 Thread 0x0000022c7d9ad630 nmethod 13074 0x0000022c6a773210 code [0x0000022c6a7733e0, 0x0000022c6a773878]
Event: 13.550 Thread 0x0000022c7d9ad630 13075       3       org.hibernate.grammars.hql.HqlParser$WhereClauseContext::predicate (11 bytes)
Event: 13.550 Thread 0x0000022c7d967530 nmethod 13072 0x0000022c6a008b90 code [0x0000022c6a008dc0, 0x0000022c6a009868]
Event: 13.550 Thread 0x0000022c7d9ad630 nmethod 13075 0x0000022c6a8d1790 code [0x0000022c6a8d1960, 0x0000022c6a8d1df8]
Event: 13.550 Thread 0x0000022c7d9ad630 13076       3       jakarta.persistence.PersistenceException::<init> (7 bytes)
Event: 13.550 Thread 0x0000022c7d9ad630 nmethod 13076 0x0000022c6a0ab290 code [0x0000022c6a0ab440, 0x0000022c6a0ab630]

GC Heap History (20 events):
Event: 12.050 GC heap before
{Heap before GC invocations=57 (full 0):
 garbage-first heap   total 304128K, used 223980K [0x00000000e0000000, 0x0000000100000000)
  region size 1024K, 77 young (78848K), 11 survivors (11264K)
 Metaspace       used 93837K, committed 94528K, reserved 1179648K
  class space    used 11890K, committed 12160K, reserved 1048576K
}
Event: 12.055 GC heap after
{Heap after GC invocations=58 (full 0):
 garbage-first heap   total 304128K, used 159232K [0x00000000e0000000, 0x0000000100000000)
  region size 1024K, 2 young (2048K), 2 survivors (2048K)
 Metaspace       used 93837K, committed 94528K, reserved 1179648K
  class space    used 11890K, committed 12160K, reserved 1048576K
}
Event: 12.322 GC heap before
{Heap before GC invocations=58 (full 0):
 garbage-first heap   total 304128K, used 240128K [0x00000000e0000000, 0x0000000100000000)
  region size 1024K, 81 young (82944K), 2 survivors (2048K)
 Metaspace       used 94892K, committed 95488K, reserved 1179648K
  class space    used 12044K, committed 12288K, reserved 1048576K
}
Event: 12.325 GC heap after
{Heap after GC invocations=59 (full 0):
 garbage-first heap   total 304128K, used 133687K [0x00000000e0000000, 0x0000000100000000)
  region size 1024K, 6 young (6144K), 6 survivors (6144K)
 Metaspace       used 94892K, committed 95488K, reserved 1179648K
  class space    used 12044K, committed 12288K, reserved 1048576K
}
Event: 12.788 GC heap before
{Heap before GC invocations=59 (full 0):
 garbage-first heap   total 304128K, used 253495K [0x00000000e0000000, 0x0000000100000000)
  region size 1024K, 123 young (125952K), 6 survivors (6144K)
 Metaspace       used 96232K, committed 96896K, reserved 1179648K
  class space    used 12181K, committed 12480K, reserved 1048576K
}
Event: 12.793 GC heap after
{Heap after GC invocations=60 (full 0):
 garbage-first heap   total 304128K, used 139159K [0x00000000e0000000, 0x0000000100000000)
  region size 1024K, 12 young (12288K), 12 survivors (12288K)
 Metaspace       used 96232K, committed 96896K, reserved 1179648K
  class space    used 12181K, committed 12480K, reserved 1048576K
}
Event: 12.852 GC heap before
{Heap before GC invocations=60 (full 0):
 garbage-first heap   total 304128K, used 199575K [0x00000000e0000000, 0x0000000100000000)
  region size 1024K, 72 young (73728K), 12 survivors (12288K)
 Metaspace       used 96267K, committed 96960K, reserved 1179648K
  class space    used 12181K, committed 12480K, reserved 1048576K
}
Event: 12.860 GC heap after
{Heap after GC invocations=61 (full 0):
 garbage-first heap   total 304128K, used 154434K [0x00000000e0000000, 0x0000000100000000)
  region size 1024K, 16 young (16384K), 16 survivors (16384K)
 Metaspace       used 96267K, committed 96960K, reserved 1179648K
  class space    used 12181K, committed 12480K, reserved 1048576K
}
Event: 12.965 GC heap before
{Heap before GC invocations=62 (full 0):
 garbage-first heap   total 343040K, used 254786K [0x00000000e0000000, 0x0000000100000000)
  region size 1024K, 114 young (116736K), 16 survivors (16384K)
 Metaspace       used 96267K, committed 96960K, reserved 1179648K
  class space    used 12181K, committed 12480K, reserved 1048576K
}
Event: 12.984 GC heap after
{Heap after GC invocations=63 (full 0):
 garbage-first heap   total 343040K, used 190976K [0x00000000e0000000, 0x0000000100000000)
  region size 1024K, 15 young (15360K), 15 survivors (15360K)
 Metaspace       used 96267K, committed 96960K, reserved 1179648K
  class space    used 12181K, committed 12480K, reserved 1048576K
}
Event: 13.053 GC heap before
{Heap before GC invocations=63 (full 0):
 garbage-first heap   total 343040K, used 280064K [0x00000000e0000000, 0x0000000100000000)
  region size 1024K, 102 young (104448K), 15 survivors (15360K)
 Metaspace       used 96267K, committed 96960K, reserved 1179648K
  class space    used 12181K, committed 12480K, reserved 1048576K
}
Event: 13.072 GC heap after
{Heap after GC invocations=64 (full 0):
 garbage-first heap   total 343040K, used 204288K [0x00000000e0000000, 0x0000000100000000)
  region size 1024K, 13 young (13312K), 13 survivors (13312K)
 Metaspace       used 96267K, committed 96960K, reserved 1179648K
  class space    used 12181K, committed 12480K, reserved 1048576K
}
Event: 13.084 GC heap before
{Heap before GC invocations=64 (full 0):
 garbage-first heap   total 343040K, used 218624K [0x00000000e0000000, 0x0000000100000000)
  region size 1024K, 28 young (28672K), 13 survivors (13312K)
 Metaspace       used 96267K, committed 96960K, reserved 1179648K
  class space    used 12181K, committed 12480K, reserved 1048576K
}
Event: 13.092 GC heap after
{Heap after GC invocations=65 (full 0):
 garbage-first heap   total 403456K, used 212311K [0x00000000e0000000, 0x0000000100000000)
  region size 1024K, 7 young (7168K), 7 survivors (7168K)
 Metaspace       used 96267K, committed 96960K, reserved 1179648K
  class space    used 12181K, committed 12480K, reserved 1048576K
}
Event: 13.205 GC heap before
{Heap before GC invocations=66 (full 0):
 garbage-first heap   total 403456K, used 265559K [0x00000000e0000000, 0x0000000100000000)
  region size 1024K, 110 young (112640K), 7 survivors (7168K)
 Metaspace       used 96267K, committed 96960K, reserved 1179648K
  class space    used 12181K, committed 12480K, reserved 1048576K
}
Event: 13.220 GC heap after
{Heap after GC invocations=67 (full 0):
 garbage-first heap   total 403456K, used 203089K [0x00000000e0000000, 0x0000000100000000)
  region size 1024K, 14 young (14336K), 14 survivors (14336K)
 Metaspace       used 96267K, committed 96960K, reserved 1179648K
  class space    used 12181K, committed 12480K, reserved 1048576K
}
Event: 13.329 GC heap before
{Heap before GC invocations=67 (full 0):
 garbage-first heap   total 403456K, used 312657K [0x00000000e0000000, 0x0000000100000000)
  region size 1024K, 118 young (120832K), 14 survivors (14336K)
 Metaspace       used 96267K, committed 96960K, reserved 1179648K
  class space    used 12181K, committed 12480K, reserved 1048576K
}
Event: 13.352 GC heap after
{Heap after GC invocations=68 (full 0):
 garbage-first heap   total 403456K, used 217600K [0x00000000e0000000, 0x0000000100000000)
  region size 1024K, 15 young (15360K), 15 survivors (15360K)
 Metaspace       used 96267K, committed 96960K, reserved 1179648K
  class space    used 12181K, committed 12480K, reserved 1048576K
}
Event: 13.440 GC heap before
{Heap before GC invocations=68 (full 0):
 garbage-first heap   total 403456K, used 314880K [0x00000000e0000000, 0x0000000100000000)
  region size 1024K, 110 young (112640K), 15 survivors (15360K)
 Metaspace       used 96267K, committed 96960K, reserved 1179648K
  class space    used 12181K, committed 12480K, reserved 1048576K
}
Event: 13.466 GC heap after
{Heap after GC invocations=69 (full 0):
 garbage-first heap   total 403456K, used 240640K [0x00000000e0000000, 0x0000000100000000)
  region size 1024K, 14 young (14336K), 14 survivors (14336K)
 Metaspace       used 96267K, committed 96960K, reserved 1179648K
  class space    used 12181K, committed 12480K, reserved 1048576K
}

Dll operation events (11 events):
Event: 0.006 Loaded shared library C:\Program Files\Java\jdk-21.0.10\bin\java.dll
Event: 0.027 Loaded shared library C:\Program Files\Java\jdk-21.0.10\bin\jsvml.dll
Event: 0.038 Loaded shared library C:\Program Files\Java\jdk-21.0.10\bin\net.dll
Event: 0.040 Loaded shared library C:\Program Files\Java\jdk-21.0.10\bin\nio.dll
Event: 0.042 Loaded shared library C:\Program Files\Java\jdk-21.0.10\bin\zip.dll
Event: 0.078 Loaded shared library C:\Program Files\Java\jdk-21.0.10\bin\management.dll
Event: 0.082 Loaded shared library C:\Program Files\Java\jdk-21.0.10\bin\management_ext.dll
Event: 0.095 Loaded shared library C:\Program Files\Java\jdk-21.0.10\bin\jimage.dll
Event: 2.215 Loaded shared library C:\Program Files\Java\jdk-21.0.10\bin\sunmscapi.dll
Event: 5.428 Loaded shared library C:\Program Files\Java\jdk-21.0.10\bin\verify.dll
Event: 5.720 Loaded shared library C:\Program Files\Java\jdk-21.0.10\bin\extnet.dll

Deoptimization events (20 events):
Event: 12.777 Thread 0x0000022c603495f0 Uncommon trap: trap_request=0xffffff45 fr.pc=0x0000022c72259f54 relative=0x0000000000000534
Event: 12.778 Thread 0x0000022c603495f0 Uncommon trap: reason=unstable_if action=reinterpret pc=0x0000022c72259f54 method=org.antlr.v4.runtime.atn.LexerATNSimulator.consume(Lorg/antlr/v4/runtime/CharStream;)V @ 11 c2
Event: 12.778 Thread 0x0000022c603495f0 DEOPT PACKING pc=0x0000022c72259f54 sp=0x000000def6ff6d50
Event: 12.778 Thread 0x0000022c603495f0 DEOPT UNPACKING pc=0x0000022c714646a2 sp=0x000000def6ff6cb0 mode 2
Event: 12.778 Thread 0x0000022c603495f0 Uncommon trap: trap_request=0xffffff45 fr.pc=0x0000022c72293024 relative=0x0000000000000104
Event: 12.778 Thread 0x0000022c603495f0 Uncommon trap: reason=unstable_if action=reinterpret pc=0x0000022c72293024 method=org.antlr.v4.runtime.atn.LexerATNSimulator.consume(Lorg/antlr/v4/runtime/CharStream;)V @ 11 c2
Event: 12.778 Thread 0x0000022c603495f0 DEOPT PACKING pc=0x0000022c72293024 sp=0x000000def6ff72a0
Event: 12.778 Thread 0x0000022c603495f0 DEOPT UNPACKING pc=0x0000022c714646a2 sp=0x000000def6ff7240 mode 2
Event: 12.779 Thread 0x0000022c603495f0 DEOPT PACKING pc=0x0000022c6adfae64 sp=0x000000def6ff7a90
Event: 12.779 Thread 0x0000022c603495f0 DEOPT UNPACKING pc=0x0000022c71464e42 sp=0x000000def6ff7098 mode 0
Event: 12.824 Thread 0x0000022c603495f0 DEOPT PACKING pc=0x0000022c6b08ea24 sp=0x000000def6ff7040
Event: 12.824 Thread 0x0000022c603495f0 DEOPT UNPACKING pc=0x0000022c71464e42 sp=0x000000def6ff6508 mode 0
Event: 12.848 Thread 0x0000022c603495f0 Uncommon trap: trap_request=0xffffff45 fr.pc=0x0000022c7226cb40 relative=0x0000000000000180
Event: 12.848 Thread 0x0000022c603495f0 Uncommon trap: reason=unstable_if action=reinterpret pc=0x0000022c7226cb40 method=java.util.Arrays.equals([I[I)Z @ 23 c2
Event: 12.848 Thread 0x0000022c603495f0 DEOPT PACKING pc=0x0000022c7226cb40 sp=0x000000def6ff4eb0
Event: 12.848 Thread 0x0000022c603495f0 DEOPT UNPACKING pc=0x0000022c714646a2 sp=0x000000def6ff4e60 mode 2
Event: 12.848 Thread 0x0000022c603495f0 Uncommon trap: trap_request=0xffffff45 fr.pc=0x0000022c7225e090 relative=0x00000000000000d0
Event: 12.848 Thread 0x0000022c603495f0 Uncommon trap: reason=unstable_if action=reinterpret pc=0x0000022c7225e090 method=org.antlr.v4.runtime.atn.ArrayPredictionContext.equals(Ljava/lang/Object;)Z @ 45 c2
Event: 12.848 Thread 0x0000022c603495f0 DEOPT PACKING pc=0x0000022c7225e090 sp=0x000000def6ff4f10
Event: 12.848 Thread 0x0000022c603495f0 DEOPT UNPACKING pc=0x0000022c714646a2 sp=0x000000def6ff4e98 mode 2

Classes loaded (20 events):
Event: 11.392 Loading class java/util/WeakHashMap$KeyIterator
Event: 11.392 Loading class java/util/WeakHashMap$HashIterator
Event: 11.392 Loading class java/util/WeakHashMap$HashIterator done
Event: 11.392 Loading class java/util/WeakHashMap$KeyIterator done
Event: 11.392 Loading class java/util/WeakHashMap$EntrySet
Event: 11.392 Loading class java/util/WeakHashMap$EntrySet done
Event: 11.392 Loading class java/util/WeakHashMap$EntryIterator
Event: 11.392 Loading class java/util/WeakHashMap$EntryIterator done
Event: 12.587 Loading class java/util/EnumMap$EntrySet
Event: 12.587 Loading class java/util/EnumMap$EntrySet done
Event: 12.588 Loading class java/util/EnumMap$EntryIterator
Event: 12.588 Loading class java/util/EnumMap$EnumMapIterator
Event: 12.588 Loading class java/util/EnumMap$EnumMapIterator done
Event: 12.588 Loading class java/util/EnumMap$EntryIterator done
Event: 12.701 Loading class sun/reflect/ReflectionFactory
Event: 12.701 Loading class sun/reflect/ReflectionFactory done
Event: 12.701 Loading class sun/reflect/ReflectionFactory$1
Event: 12.701 Loading class sun/reflect/ReflectionFactory$1 done
Event: 12.701 Loading class java/io/OptionalDataException
Event: 12.701 Loading class java/io/OptionalDataException done

Classes unloaded (0 events):
No events

Classes redefined (0 events):
No events

Internal exceptions (20 events):
Event: 9.156 Thread 0x0000022c603495f0 Exception <a 'java/lang/NoSuchMethodError'{0x00000000e7089ad8}: 'java.lang.Object java.lang.invoke.DirectMethodHandle$Holder.newInvokeSpecial(java.lang.Object, java.lang.Object, java.lang.Object, java.lang.Object, java.lang.Object, java.lang.Object, java.lang.Object, int)'> (0x00000000e7089ad8) 
thrown [s\open\src\hotspot\share\interpreter\linkResolver.cpp, line 773]
Event: 9.156 Thread 0x0000022c603495f0 Exception <a 'java/lang/NoSuchMethodError'{0x00000000e708e7d0}: 'java.lang.Object java.lang.invoke.DirectMethodHandle$Holder.invokeSpecial(java.lang.Object, java.lang.Object, java.lang.Object, java.lang.Object, java.lang.Object, java.lang.Object, java.lang.Object, java.lang.Object, int)'> (0x00000000e708e7d0) 
thrown [s\open\src\hotspot\share\interpreter\linkResolver.cpp, line 773]
Event: 9.156 Thread 0x0000022c603495f0 Exception <a 'java/lang/NoSuchMethodError'{0x00000000e7092fc0}: 'java.lang.Object java.lang.invoke.Invokers$Holder.linkToTargetMethod(java.lang.Object, java.lang.Object, java.lang.Object, java.lang.Object, java.lang.Object, java.lang.Object, int, java.lang.Object)'> (0x00000000e7092fc0) 
thrown [s\open\src\hotspot\share\interpreter\linkResolver.cpp, line 773]
Event: 9.515 Thread 0x0000022c603495f0 Exception <a 'java/lang/NoSuchMethodError'{0x00000000e62b4218}: 'void java.lang.invoke.Invokers$Holder.invokeExact_MT(java.lang.Object, java.lang.Object, java.lang.Object, java.lang.Object)'> (0x00000000e62b4218) 
thrown [s\open\src\hotspot\share\interpreter\linkResolver.cpp, line 773]
Event: 9.540 Thread 0x0000022c603495f0 Implicit null exception at 0x0000022c71cb3bf7 to 0x0000022c71cb3e68
Event: 9.558 Thread 0x0000022c603495f0 Implicit null exception at 0x0000022c72046da6 to 0x0000022c72047228
Event: 9.558 Thread 0x0000022c603495f0 Implicit null exception at 0x0000022c720448ba to 0x0000022c720448f4
Event: 9.593 Thread 0x0000022c603495f0 Implicit null exception at 0x0000022c71fddc3c to 0x0000022c71fdf6c0
Event: 9.602 Thread 0x0000022c603495f0 Exception <a 'java/lang/IncompatibleClassChangeError'{0x00000000e5b78c50}: Found class java.lang.Object, but interface was expected> (0x00000000e5b78c50) 
thrown [s\open\src\hotspot\share\interpreter\linkResolver.cpp, line 840]
Event: 9.657 Thread 0x0000022c603495f0 Exception <a 'java/lang/IncompatibleClassChangeError'{0x00000000e59c3eb0}: Found class java.lang.Object, but interface was expected> (0x00000000e59c3eb0) 
thrown [s\open\src\hotspot\share\interpreter\linkResolver.cpp, line 840]
Event: 9.830 Thread 0x0000022c603495f0 Exception <a 'java/lang/IncompatibleClassChangeError'{0x00000000e52ac2b0}: Found class java.lang.Object, but interface was expected> (0x00000000e52ac2b0) 
thrown [s\open\src\hotspot\share\interpreter\linkResolver.cpp, line 840]
Event: 9.838 Thread 0x0000022c603495f0 Exception <a 'java/lang/NoSuchMethodError'{0x00000000e5139ea0}: 'void java.lang.invoke.DirectMethodHandle$Holder.invokeSpecial(java.lang.Object, java.lang.Object, java.lang.Object, java.lang.Object, java.lang.Object, java.lang.Object, java.lang.Object)'> (0x00000000e5139ea0) 
thrown [s\open\src\hotspot\share\interpreter\linkResolver.cpp, line 773]
Event: 10.666 Thread 0x0000022c603495f0 Implicit null exception at 0x0000022c722439de to 0x0000022c72243a61
Event: 10.922 Thread 0x0000022c603495f0 Exception <a 'java/lang/IncompatibleClassChangeError'{0x00000000e9422c50}: Found class java.lang.Object, but interface was expected> (0x00000000e9422c50) 
thrown [s\open\src\hotspot\share\interpreter\linkResolver.cpp, line 840]
Event: 11.123 Thread 0x0000022c603495f0 Exception <a 'java/lang/NoSuchMethodError'{0x00000000e8dd0580}: 'java.lang.Object java.lang.invoke.DirectMethodHandle$Holder.invokeStaticInit(java.lang.Object, java.lang.Object, int)'> (0x00000000e8dd0580) 
thrown [s\open\src\hotspot\share\interpreter\linkResolver.cpp, line 773]
Event: 11.302 Thread 0x0000022c603495f0 Exception <a 'java/lang/NoSuchMethodError'{0x00000000e861f8e0}: 'java.lang.Object java.lang.invoke.DirectMethodHandle$Holder.invokeStaticInit(java.lang.Object, java.lang.Object, java.lang.Object, java.lang.Object, java.lang.Object)'> (0x00000000e861f8e0) 
thrown [s\open\src\hotspot\share\interpreter\linkResolver.cpp, line 773]
Event: 12.129 Thread 0x0000022c603495f0 Exception <a 'java/lang/IncompatibleClassChangeError'{0x00000000f14932d8}: Found class java.lang.Object, but interface was expected> (0x00000000f14932d8) 
thrown [s\open\src\hotspot\share\interpreter\linkResolver.cpp, line 840]
Event: 12.669 Thread 0x0000022c603495f0 Exception <a 'java/lang/NoSuchMethodError'{0x00000000ec1528c8}: 'java.lang.Object java.lang.invoke.DirectMethodHandle$Holder.invokeVirtual(java.lang.Object, java.lang.Object, java.lang.Object, java.lang.Object, java.lang.Object, java.lang.Object)'> (0x00000000ec1528c8) 
thrown [s\open\src\hotspot\share\interpreter\linkResolver.cpp, line 773]
Event: 12.682 Thread 0x0000022c603495f0 Exception <a 'java/lang/NoSuchMethodError'{0x00000000ec02c140}: 'int java.lang.invoke.DirectMethodHandle$Holder.invokeStaticInit(java.lang.Object, int, java.lang.Object, java.lang.Object, java.lang.Object, java.lang.Object)'> (0x00000000ec02c140) 
thrown [s\open\src\hotspot\share\interpreter\linkResolver.cpp, line 773]
Event: 12.730 Thread 0x0000022c603495f0 Implicit null exception at 0x0000022c722a905e to 0x0000022c722a909c

ZGC Phase Switch (0 events):
No events

VM Operations (20 events):
Event: 12.916 Executing VM operation: G1PauseRemark done
Event: 12.950 Executing VM operation: G1PauseCleanup
Event: 12.950 Executing VM operation: G1PauseCleanup done
Event: 12.965 Executing VM operation: G1CollectForAllocation (G1 Evacuation Pause)
Event: 12.984 Executing VM operation: G1CollectForAllocation (G1 Evacuation Pause) done
Event: 13.053 Executing VM operation: G1CollectForAllocation (G1 Evacuation Pause)
Event: 13.072 Executing VM operation: G1CollectForAllocation (G1 Evacuation Pause) done
Event: 13.084 Executing VM operation: G1TryInitiateConcMark (G1 Humongous Allocation)
Event: 13.092 Executing VM operation: G1TryInitiateConcMark (G1 Humongous Allocation) done
Event: 13.126 Executing VM operation: G1PauseRemark
Event: 13.130 Executing VM operation: G1PauseRemark done
Event: 13.160 Executing VM operation: G1PauseCleanup
Event: 13.160 Executing VM operation: G1PauseCleanup done
Event: 13.205 Executing VM operation: G1CollectForAllocation (G1 Evacuation Pause)
Event: 13.220 Executing VM operation: G1CollectForAllocation (G1 Evacuation Pause) done
Event: 13.329 Executing VM operation: G1CollectForAllocation (G1 Evacuation Pause)
Event: 13.352 Executing VM operation: G1CollectForAllocation (G1 Evacuation Pause) done
Event: 13.440 Executing VM operation: G1CollectForAllocation (G1 Evacuation Pause)
Event: 13.467 Executing VM operation: G1CollectForAllocation (G1 Evacuation Pause) done
Event: 13.552 Executing VM operation: G1PauseRemark

Events (20 events):
Event: 13.130 Thread 0x0000022c7d8fb1f0 flushing nmethod 0x0000022c6aa09110
Event: 13.130 Thread 0x0000022c7d8fb1f0 flushing nmethod 0x0000022c6aa2e890
Event: 13.130 Thread 0x0000022c7d8fb1f0 flushing nmethod 0x0000022c6aa8af10
Event: 13.130 Thread 0x0000022c7d8fb1f0 flushing nmethod 0x0000022c6aa9bd90
Event: 13.130 Thread 0x0000022c7d8fb1f0 flushing nmethod 0x0000022c6ae1eb10
Event: 13.130 Thread 0x0000022c7d8fb1f0 flushing nmethod 0x0000022c6ae20310
Event: 13.130 Thread 0x0000022c7d8fb1f0 flushing nmethod 0x0000022c6b17eb90
Event: 13.130 Thread 0x0000022c7d8fb1f0 flushing nmethod 0x0000022c6b17fc10
Event: 13.130 Thread 0x0000022c7d8fb1f0 flushing nmethod 0x0000022c6b182890
Event: 13.130 Thread 0x0000022c7d8fb1f0 flushing nmethod 0x0000022c6b183290
Event: 13.130 Thread 0x0000022c7d8fb1f0 flushing nmethod 0x0000022c6b185f10
Event: 13.130 Thread 0x0000022c7d8fb1f0 flushing nmethod 0x0000022c6b186810
Event: 13.130 Thread 0x0000022c7d8fb1f0 flushing nmethod 0x0000022c6b188390
Event: 13.313 Thread 0x0000022c49b9afb0 Thread exited: 0x0000022c49b9afb0
Event: 13.313 Thread 0x0000022c49b99470 Thread exited: 0x0000022c49b99470
Event: 13.515 Thread 0x0000022c7e2fbea0 Thread exited: 0x0000022c7e2fbea0
Event: 13.515 Thread 0x0000022c7dcb46e0 Thread exited: 0x0000022c7dcb46e0
Event: 13.515 Thread 0x0000022c49b9b680 Thread exited: 0x0000022c49b9b680
Event: 13.555 Thread 0x0000022c7d8fb1f0 flushing nmethod 0x0000022c6b412110
Event: 13.555 Thread 0x0000022c7d8fb1f0 flushing nmethod 0x0000022c6b412690


Dynamic libraries:
0x00007ff6255e0000 - 0x00007ff6255f0000 	C:\Program Files\Java\jdk-21.0.10\bin\java.exe
0x00007ffd97700000 - 0x00007ffd97966000 	C:\Windows\SYSTEM32\ntdll.dll
0x00007ffd96bd0000 - 0x00007ffd96c99000 	C:\Windows\System32\KERNEL32.DLL
0x00007ffd94ec0000 - 0x00007ffd952be000 	C:\Windows\System32\KERNELBASE.dll
0x00007ffd952d0000 - 0x00007ffd9541c000 	C:\Windows\System32\ucrtbase.dll
0x00007ffd88440000 - 0x00007ffd88459000 	C:\Program Files\Java\jdk-21.0.10\bin\jli.dll
0x00007ffd88410000 - 0x00007ffd8842e000 	C:\Program Files\Java\jdk-21.0.10\bin\VCRUNTIME140.dll
0x00007ffd97320000 - 0x00007ffd973d7000 	C:\Windows\System32\ADVAPI32.dll
0x00007ffd95870000 - 0x00007ffd95919000 	C:\Windows\System32\msvcrt.dll
0x00007ffd96d30000 - 0x00007ffd96dda000 	C:\Windows\System32\sechost.dll
0x00007ffd975a0000 - 0x00007ffd976b8000 	C:\Windows\System32\RPCRT4.dll
0x00007ffd96920000 - 0x00007ffd96ae7000 	C:\Windows\System32\USER32.dll
0x00007ffd949e0000 - 0x00007ffd94a07000 	C:\Windows\System32\win32u.dll
0x00007ffd95b80000 - 0x00007ffd95bab000 	C:\Windows\System32\GDI32.dll
0x00007ffd94d90000 - 0x00007ffd94eba000 	C:\Windows\System32\gdi32full.dll
0x00007ffd7fd90000 - 0x00007ffd80022000 	C:\Windows\WinSxS\amd64_microsoft.windows.common-controls_6595b64144ccf1df_6.0.26100.8875_none_3e0d5d42e32fe9dd\COMCTL32.dll
0x00007ffd94b90000 - 0x00007ffd94c33000 	C:\Windows\System32\msvcp_win.dll
0x00007ffd8dd40000 - 0x00007ffd8dd4b000 	C:\Windows\SYSTEM32\VERSION.dll
0x00007ffd97170000 - 0x00007ffd971a2000 	C:\Windows\System32\IMM32.DLL
0x00007ffd8da20000 - 0x00007ffd8da2c000 	C:\Program Files\Java\jdk-21.0.10\bin\vcruntime140_1.dll
0x00007ffd70240000 - 0x00007ffd702cd000 	C:\Program Files\Java\jdk-21.0.10\bin\msvcp140.dll
0x00007ffce3f90000 - 0x00007ffce4cb7000 	C:\Program Files\Java\jdk-21.0.10\bin\server\jvm.dll
0x00007ffd96360000 - 0x00007ffd963e0000 	C:\Windows\System32\WS2_32.dll
0x00007ffd94780000 - 0x00007ffd947de000 	C:\Windows\SYSTEM32\POWRPROF.dll
0x00007ffd8b410000 - 0x00007ffd8b446000 	C:\Windows\SYSTEM32\WINMM.dll
0x00007ffd94760000 - 0x00007ffd94774000 	C:\Windows\SYSTEM32\UMPDC.dll
0x00007ffd935d0000 - 0x00007ffd935eb000 	C:\Windows\SYSTEM32\kernel.appcore.dll
0x00007ffd88360000 - 0x00007ffd8836a000 	C:\Program Files\Java\jdk-21.0.10\bin\jimage.dll
0x00007ffd88630000 - 0x00007ffd88872000 	C:\Windows\SYSTEM32\DBGHELP.DLL
0x00007ffd96de0000 - 0x00007ffd97163000 	C:\Windows\System32\combase.dll
0x00007ffd96af0000 - 0x00007ffd96bc9000 	C:\Windows\System32\OLEAUT32.dll
0x00007ffd738e0000 - 0x00007ffd7391b000 	C:\Windows\SYSTEM32\dbgcore.DLL
0x00007ffd94c40000 - 0x00007ffd94cec000 	C:\Windows\System32\bcryptPrimitives.dll
0x00007ffd75fc0000 - 0x00007ffd75fe1000 	C:\Program Files\Java\jdk-21.0.10\bin\java.dll
0x00007ffd95bc0000 - 0x00007ffd96352000 	C:\Windows\System32\SHELL32.dll
0x00007ffd92380000 - 0x00007ffd92c12000 	C:\Windows\SYSTEM32\windows.storage.dll
0x00007ffd959b0000 - 0x00007ffd95aa7000 	C:\Windows\System32\SHCORE.dll
0x00007ffd95ab0000 - 0x00007ffd95b17000 	C:\Windows\System32\shlwapi.dll
0x00007ffd94840000 - 0x00007ffd94869000 	C:\Windows\SYSTEM32\profapi.dll
0x00007ffd62d00000 - 0x00007ffd62dd7000 	C:\Program Files\Java\jdk-21.0.10\bin\jsvml.dll
0x00007ffd71ba0000 - 0x00007ffd71bb1000 	C:\Program Files\Java\jdk-21.0.10\bin\net.dll
0x00007ffd8d870000 - 0x00007ffd8d997000 	C:\Windows\SYSTEM32\WINHTTP.dll
0x00007ffd93b70000 - 0x00007ffd93bdc000 	C:\Windows\system32\mswsock.dll
0x00007ffd71a80000 - 0x00007ffd71a96000 	C:\Program Files\Java\jdk-21.0.10\bin\nio.dll
0x00007ffd718d0000 - 0x00007ffd718e8000 	C:\Program Files\Java\jdk-21.0.10\bin\zip.dll
0x00007ffd76880000 - 0x00007ffd7688a000 	C:\Program Files\Java\jdk-21.0.10\bin\management.dll
0x00007ffd75f60000 - 0x00007ffd75f6c000 	C:\Program Files\Java\jdk-21.0.10\bin\management_ext.dll
0x00007ffd95bb0000 - 0x00007ffd95bb8000 	C:\Windows\System32\PSAPI.DLL
0x00007ffd75ef0000 - 0x00007ffd75efe000 	C:\Program Files\Java\jdk-21.0.10\bin\sunmscapi.dll
0x00007ffd94a10000 - 0x00007ffd94b88000 	C:\Windows\System32\CRYPT32.dll
0x00007ffd940f0000 - 0x00007ffd94120000 	C:\Windows\SYSTEM32\ncrypt.dll
0x00007ffd940a0000 - 0x00007ffd940df000 	C:\Windows\SYSTEM32\NTASN1.dll
0x00007ffd93eb0000 - 0x00007ffd93ecb000 	C:\Windows\SYSTEM32\CRYPTSP.dll
0x00007ffd93530000 - 0x00007ffd93569000 	C:\Windows\system32\rsaenh.dll
0x00007ffd93c50000 - 0x00007ffd93c82000 	C:\Windows\SYSTEM32\USERENV.dll
0x00007ffd94810000 - 0x00007ffd9483a000 	C:\Windows\SYSTEM32\bcrypt.dll
0x00007ffd93e90000 - 0x00007ffd93e9c000 	C:\Windows\SYSTEM32\CRYPTBASE.dll
0x00007ffd93020000 - 0x00007ffd93053000 	C:\Windows\SYSTEM32\IPHLPAPI.DLL
0x00007ffd97460000 - 0x00007ffd9746a000 	C:\Windows\System32\NSI.dll
0x00007ffd73810000 - 0x00007ffd73820000 	C:\Program Files\Java\jdk-21.0.10\bin\verify.dll
0x00007ffd93110000 - 0x00007ffd93266000 	C:\Windows\SYSTEM32\DNSAPI.dll
0x00007ffd93980000 - 0x00007ffd9398d000 	C:\Windows\SYSTEM32\DSPARSE.dll
0x00007ffd8da50000 - 0x00007ffd8da5b000 	C:\Windows\System32\rasadhlp.dll
0x00007ffd8e5a0000 - 0x00007ffd8e626000 	C:\Windows\System32\fwpuclnt.dll
0x00007ffd72a00000 - 0x00007ffd72a09000 	C:\Program Files\Java\jdk-21.0.10\bin\extnet.dll

dbghelp: loaded successfully - version: 4.0.5 - missing functions: none
symbol engine: initialized successfully - sym options: 0x614 - pdb path: .;C:\Program Files\Java\jdk-21.0.10\bin;C:\Windows\SYSTEM32;C:\Windows\WinSxS\amd64_microsoft.windows.common-controls_6595b64144ccf1df_6.0.26100.8875_none_3e0d5d42e32fe9dd;C:\Program Files\Java\jdk-21.0.10\bin\server

VM Arguments:
jvm_args: -Xmx512m -Xms64m 
java_command: C:\Users\sesol\AppData\Local\Temp\surefire12231027578809853128\surefirebooter-20260723175536753_3.jar C:\Users\sesol\AppData\Local\Temp\surefire12231027578809853128 2026-07-23T17-55-36_624-jvmRun1 surefire-20260723175536753_1tmp surefire_0-20260723175536753_2tmp
java_class_path (initial): C:\Users\sesol\AppData\Local\Temp\surefire12231027578809853128\surefirebooter-20260723175536753_3.jar
Launcher Type: SUN_STANDARD

[Global flags]
     intx CICompilerCount                          = 12                                        {product} {ergonomic}
     uint ConcGCThreads                            = 3                                         {product} {ergonomic}
     uint G1ConcRefinementThreads                  = 13                                        {product} {ergonomic}
   size_t G1HeapRegionSize                         = 1048576                                   {product} {ergonomic}
    uintx GCDrainStackTargetSize                   = 64                                        {product} {ergonomic}
   size_t InitialHeapSize                          = 67108864                                  {product} {command line}
   size_t MarkStackSize                            = 4194304                                   {product} {ergonomic}
   size_t MaxHeapSize                              = 536870912                                 {product} {command line}
   size_t MaxNewSize                               = 321912832                                 {product} {ergonomic}
   size_t MinHeapDeltaBytes                        = 1048576                                   {product} {ergonomic}
   size_t MinHeapSize                              = 67108864                                  {product} {command line}
    uintx NonNMethodCodeHeapSize                   = 7602480                                {pd product} {ergonomic}
    uintx NonProfiledCodeHeapSize                  = 122027880                              {pd product} {ergonomic}
    uintx ProfiledCodeHeapSize                     = 122027880                              {pd product} {ergonomic}
    uintx ReservedCodeCacheSize                    = 251658240                              {pd product} {ergonomic}
     bool SegmentedCodeCache                       = true                                      {product} {ergonomic}
   size_t SoftMaxHeapSize                          = 536870912                              {manageable} {ergonomic}
     bool UseCompressedOops                        = true                           {product lp64_product} {ergonomic}
     bool UseG1GC                                  = true                                      {product} {ergonomic}
     bool UseLargePagesIndividualAllocation        = false                                  {pd product} {ergonomic}

Logging:
Log output configuration:
 #0: stdout all=warning uptime,level,tags foldmultilines=false
 #1: stderr all=off uptime,level,tags foldmultilines=false

Environment Variables:
JAVA_HOME=C:/Program Files/Java/jdk-21.0.10
PATH=C:\Users\sesol\bin;C:\Program Files\Git\mingw64\bin;C:\Program Files\Git\usr\local\bin;C:\Program Files\Git\usr\bin;C:\Program Files\Git\usr\bin;C:\Program Files\Git\mingw64\bin;C:\Program Files\Git\usr\bin;C:\Users\sesol\bin;C:\Program Files\Eclipse Adoptium\jdk-21.0.11.10-hotspot\bin;C:\Program Files\Common Files\Oracle\Java\javapath;C:\Windows\system32;C:\Windows;C:\Windows\System32\Wbem;C:\Windows\System32\WindowsPowerShell\v1.0;C:\Windows\System32\OpenSSH;C:\Program Files\Git\cmd;C:\Program Files\nodejs;C:\Program Files\Java\jdk-21.0.10\bin;C:\Program Files\MySQL\MySQL Shell 8.0\bin;C:\Users\sesol\AppData\Local\Microsoft\WindowsApps;C:\Users\sesol\AppData\Local\Programs\Microsoft VS Code\bin;C:\Users\sesol\AppData\Roaming\npm;C:\Program Files\Git\usr\bin\vendor_perl;C:\Program Files\Git\usr\bin\core_perl
USERNAME=sesol
SHELL=C:\Program Files\Git\usr\bin\bash.exe
TERM=xterm-256color
OS=Windows_NT
PROCESSOR_IDENTIFIER=Intel64 Family 6 Model 186 Stepping 2, GenuineIntel
TMP=C:\Users\sesol\AppData\Local\Temp
TEMP=C:\Users\sesol\AppData\Local\Temp




Periodic native trim disabled

---------------  S Y S T E M  ---------------

OS:
 Windows 11 , 64 bit Build 26100 (10.0.26100.8875)
OS uptime: 2 days 2:28 hours
Hyper-V role detected

CPU: total 16 (initial active 16) (8 cores per cpu, 2 threads per core) family 6 model 186 stepping 2 microcode 0x6134, cx8, cmov, fxsr, ht, mmx, 3dnowpref, sse, sse2, sse3, ssse3, sse4.1, sse4.2, popcnt, lzcnt, tsc, tscinvbit, avx, avx2, aes, erms, clmul, bmi1, bmi2, adx, sha, fma, vzeroupper, clflush, clflushopt, clwb, hv, serialize, rdtscp, rdpid, fsrm, f16c, cet_ibt, cet_ss
Processor Information for processor 0
  Max Mhz: 2400, Current Mhz: 2400, Mhz Limit: 2400
Processor Information for processor 1
  Max Mhz: 2400, Current Mhz: 2400, Mhz Limit: 2400
Processor Information for processor 2
  Max Mhz: 2400, Current Mhz: 2400, Mhz Limit: 2400
Processor Information for processor 3
  Max Mhz: 2400, Current Mhz: 2400, Mhz Limit: 2400
Processor Information for processor 4
  Max Mhz: 2400, Current Mhz: 2400, Mhz Limit: 2400
Processor Information for processor 5
  Max Mhz: 2400, Current Mhz: 2400, Mhz Limit: 2400
Processor Information for processor 6
  Max Mhz: 2400, Current Mhz: 2400, Mhz Limit: 2400
Processor Information for processor 7
  Max Mhz: 2400, Current Mhz: 2400, Mhz Limit: 2400
Processor Information for processor 8
  Max Mhz: 2400, Current Mhz: 2400, Mhz Limit: 2400
Processor Information for processor 9
  Max Mhz: 2400, Current Mhz: 2400, Mhz Limit: 2400
Processor Information for processor 10
  Max Mhz: 2400, Current Mhz: 2400, Mhz Limit: 2400
Processor Information for processor 11
  Max Mhz: 2400, Current Mhz: 2400, Mhz Limit: 2400
Processor Information for processor 12
  Max Mhz: 2400, Current Mhz: 2400, Mhz Limit: 2400
Processor Information for processor 13
  Max Mhz: 2400, Current Mhz: 1466, Mhz Limit: 2400
Processor Information for processor 14
  Max Mhz: 2400, Current Mhz: 1466, Mhz Limit: 2400
Processor Information for processor 15
  Max Mhz: 2400, Current Mhz: 2400, Mhz Limit: 2400

Memory: 4k page, system-wide physical 16044M (1343M free)
TotalPageFile size 24236M (AvailPageFile size 73M)
current process WorkingSet (physical memory assigned to process): 664M, peak: 664M
current process commit charge ("private bytes"): 707M, peak: 825M

vm_info: Java HotSpot(TM) 64-Bit Server VM (21.0.10+8-LTS-217) for windows-amd64 JRE (21.0.10+8-LTS-217), built on 2025-12-18T14:59:28Z by "mach5run" with MS VC++ 17.13 (VS2022)

END.
